node_id,lat,lon
0,-37.68441009521485,144.60494995117188
15,-37.6915283203125,144.5682373046875
16,-37.69163513183594,144.5680389404297
44,-37.68099212646485,144.5505828857422
45,-37.681060791015625,144.55116271972656
46,-37.681148529052734,144.5518798828125
47,-37.68115234375,144.55223083496094
48,-37.6811408996582,144.55235290527344
49,-37.681053161621094,144.5528564453125
50,-37.68084716796875,144.55337524414062
52,-37.68049621582031,144.55386352539062
53,-37.68022155761719,144.5541229248047
54,-37.67988586425781,144.55441284179688
55,-37.679569244384766,144.5546875
56,-37.679405212402344,144.5547637939453
57,-37.67928695678711,144.55477905273438
58,-37.67916488647461,144.5547637939453
59,-37.678993225097656,144.55474853515625
60,-37.678829193115234,144.55465698242188
61,-37.67868423461914,144.5545196533203
62,-37.678497314453125,144.5542449951172
63,-37.678367614746094,144.5540008544922
64,-37.67807388305664,144.55352783203125
65,-37.67798614501953,144.55335998535156
66,-37.67788314819336,144.55313110351562
67,-37.677791595458984,144.55279541015625
68,-37.67765045166016,144.5518035888672
69,-37.677589416503906,144.55123901367188
71,-37.68089294433594,144.55340576171875
72,-37.681243896484375,144.55368041992188
73,-37.677947998046875,144.5533905029297
74,-37.67731475830078,144.55393981933594
75,-37.67667770385742,144.5544891357422
76,-37.67662048339844,144.55455017089844
77,-37.674774169921875,144.55409240722656
84,-37.67610168457031,144.55389404296875
85,-37.67632293701172,144.5540771484375
86,-37.67646026611328,144.55429077148438
87,-37.67702865600586,144.55531311035156
88,-37.67710876464844,144.55548095703125
89,-37.677154541015625,144.5556640625
90,-37.67717361450195,144.5557861328125
91,-37.67717742919922,144.555908203125
92,-37.67717742919922,144.5560760498047
93,-37.677154541015625,144.55625915527344
95,-37.67702102661133,144.55686950683594
97,-37.67813491821289,144.56134033203125
98,-37.67820358276367,144.56126403808594
99,-37.678680419921875,144.56068420410156
100,-37.678955078125,144.56045532226562
101,-37.67917251586914,144.56036376953125
102,-37.67933654785156,144.5603485107422
103,-37.67952728271485,144.5603485107422
104,-37.6799201965332,144.5604705810547
105,-37.680606842041016,144.56080627441406
106,-37.680755615234375,144.5609130859375
107,-37.681026458740234,144.5612030029297
108,-37.68112564086914,144.56134033203125
109,-37.68119812011719,144.56149291992188
110,-37.68133544921875,144.56202697753906
111,-37.681400299072266,144.56239318847656
113,-37.6815071105957,144.56275939941406
130,-37.70831680297851,144.56622314453125
131,-37.708038330078125,144.5638885498047
153,-37.65333557128906,144.58847045898438
154,-37.65378952026367,144.59201049804688
155,-37.65382766723633,144.59230041503906
156,-37.654075622558594,144.59422302246094
158,-37.65409851074219,144.59442138671875
160,-37.686134338378906,144.57823181152344
161,-37.6859130859375,144.5782012939453
162,-37.68495559692383,144.57809448242188
167,-37.67450714111328,144.55201721191406
168,-37.67452621459961,144.5521697998047
169,-37.674713134765625,144.5536346435547
170,-37.67470932006836,144.58412170410156
175,-37.674686431884766,144.5839080810547
196,-37.6660041809082,144.59454345703125
197,-37.66608428955078,144.59487915039062
198,-37.66611862182617,144.59503173828125
201,-37.66618347167969,144.5957489013672
203,-37.66623306274414,144.59620666503906
205,-37.666481018066406,144.5982208251953
206,-37.666500091552734,144.59837341308594
207,-37.66658401489258,144.5990753173828
209,-37.66667556762695,144.5994110107422
210,-37.66414260864258,144.5947723388672
211,-37.664207458496094,144.5956268310547
212,-37.66357421875,144.59609985351562
213,-37.66347122192383,144.59620666503906
214,-37.66340255737305,144.59640502929688
216,-37.66339492797851,144.59671020507812
217,-37.6634407043457,144.5969696044922
218,-37.66355514526367,144.59744262695312
219,-37.66360855102539,144.59774780273438
220,-37.66371536254883,144.59864807128906
221,-37.66372299194336,144.59872436523438
222,-37.664344787597656,144.59559631347656
223,-37.66608047485352,144.59532165527344
224,-37.66625213623047,144.59530639648438
237,-37.704891204833984,144.54824829101562
238,-37.70482635498047,144.5482635498047
239,-37.70362854003906,144.54844665527344
240,-37.70356750488281,144.5484619140625
241,-37.70306015014648,144.5485382080078
242,-37.70283508300781,144.5485382080078
243,-37.702606201171875,144.5484619140625
244,-37.702423095703125,144.54833984375
246,-37.7021484375,144.548095703125
247,-37.702003479003906,144.5480499267578
248,-37.70185852050781,144.54808044433594
249,-37.70151901245117,144.5481414794922
250,-37.68399429321289,144.58352661132812
253,-37.683841705322266,144.5858154296875
256,-37.72247695922851,144.6151580810547
257,-37.7223014831543,144.6136016845703
258,-37.7220344543457,144.6112823486328
265,-37.73320770263672,144.6339874267578
266,-37.732723236083984,144.634033203125
267,-37.73234939575195,144.6340789794922
268,-37.73199462890625,144.6341094970703
269,-37.73177337646485,144.63414001464844
270,-37.73135757446289,144.63421630859375
271,-37.73099899291992,144.63429260253906
272,-37.72676086425781,144.63502502441406
273,-37.72491455078125,144.63531494140625
274,-37.723575592041016,144.63552856445312
278,-37.705474853515625,144.6385498046875
283,-37.682525634765625,144.61492919921875
325,-37.686771392822266,144.5990753173828
362,-37.682464599609375,144.55030822753906
363,-37.68251419067383,144.55050659179688
365,-37.6826286315918,144.55068969726562
366,-37.68274688720703,144.55076599121094
367,-37.68285369873047,144.55079650878906
368,-37.6829833984375,144.55079650878906
369,-37.6830940246582,144.55078125
370,-37.683650970458984,144.55067443847656
371,-37.68382263183594,144.55067443847656
372,-37.68399429321289,144.55075073242188
373,-37.68416595458984,144.5508575439453
374,-37.68426513671875,144.5509490966797
375,-37.68439102172851,144.5511932373047
376,-37.68446731567383,144.55142211914062
377,-37.68449783325195,144.55160522460938
378,-37.68450164794922,144.55181884765625
379,-37.6844367980957,144.55287170410156
380,-37.68436813354492,144.5539093017578
383,-37.6844596862793,144.55435180664062
384,-37.68452072143555,144.55442810058594
385,-37.684608459472656,144.5544891357422
386,-37.684722900390625,144.55455017089844
388,-37.68119812011719,144.5523681640625
389,-37.68141174316406,144.55239868164062
390,-37.681549072265625,144.5524444580078
391,-37.681678771972656,144.55252075195312
392,-37.68177795410156,144.55262756347656
393,-37.681854248046875,144.55274963378906
394,-37.68190383911133,144.55287170410156
395,-37.68193054199219,144.55300903320312
396,-37.68193435668945,144.55337524414062
397,-37.67772674560547,144.55178833007812
398,-37.67893981933594,144.5515594482422
399,-37.68099212646485,144.55117797851562
400,-37.67971420288086,144.55142211914062
401,-37.68065643310547,144.55352783203125
402,-37.68052673339844,144.55337524414062
403,-37.68042755126953,144.55323791503906
404,-37.68037414550781,144.5530548095703
405,-37.68030548095703,144.5523223876953
406,-37.67984390258789,144.55433654785156
407,-37.679649353027344,144.55398559570312
408,-37.67948532104492,144.5527801513672
410,-37.678916931152344,144.5550537109375
411,-37.67879486083984,144.5553436279297
414,-37.67879104614258,144.5538330078125
415,-37.67879104614258,144.55364990234375
416,-37.67866897583008,144.55267333984375
417,-37.677345275878906,144.5540008544922
418,-37.67781448364258,144.5550537109375
419,-37.67792892456055,144.5553436279297
420,-37.678001403808594,144.55557250976562
421,-37.67805099487305,144.55599975585938
422,-37.68027877807617,144.55792236328125
423,-37.68020248413086,144.5579376220703
424,-37.67954635620117,144.5580596923828
425,-37.67881393432617,144.55819702148438
426,-37.678524017333984,144.55831909179688
427,-37.67813873291016,144.55850219726562
428,-37.67792892456055,144.55865478515625
430,-37.677486419677734,144.55880737304688
431,-37.67741775512695,144.55882263183594
432,-37.67679214477539,144.5601043701172
434,-37.676727294921875,144.56065368652344
435,-37.676719665527344,144.5608367919922
436,-37.676734924316406,144.5609893798828
437,-37.67679214477539,144.56121826171875
438,-37.67779922485352,144.56088256835938
440,-37.677520751953125,144.56121826171875
441,-37.67746353149414,144.56146240234375
442,-37.67749786376953,144.5618133544922
443,-37.67795181274414,144.56253051757812
444,-37.67811965942383,144.5628204345703
445,-37.678314208984375,144.5630340576172
446,-37.67850875854492,144.56312561035156
447,-37.6787223815918,144.5631866455078
448,-37.67885971069336,144.5631866455078
449,-37.67898178100586,144.56314086914062
450,-37.67909240722656,144.5630645751953
451,-37.6791877746582,144.56292724609375
452,-37.679325103759766,144.56259155273438
453,-37.67935562133789,144.56251525878906
454,-37.67743682861328,144.5618438720703
455,-37.67729568481445,144.56192016601562
456,-37.67710876464844,144.5620574951172
457,-37.67695617675781,144.56214904785156
458,-37.67789459228515,144.5625762939453
459,-37.677127838134766,144.5631561279297
460,-37.67847442626953,144.56320190429688
461,-37.67830657958984,144.56350708007812
462,-37.67815780639648,144.56361389160156
463,-37.67795944213867,144.5636749267578
464,-37.67774200439453,144.56373596191406
465,-37.6724739074707,144.5543670654297
466,-37.67251968383789,144.55433654785156
467,-37.67306137084961,144.5541229248047
469,-37.6733283996582,144.55413818359375
471,-37.673736572265625,144.55433654785156
472,-37.673885345458984,144.55447387695312
473,-37.67399597167969,144.5546417236328
474,-37.674076080322266,144.55482482910156
475,-37.67413711547851,144.55502319335938
476,-37.67424774169922,144.5554656982422
477,-37.67430114746094,144.55569458007812
478,-37.67434310913086,144.55593872070312
479,-37.67436218261719,144.5562744140625
481,-37.674346923828125,144.5567626953125
482,-37.674339294433594,144.55686950683594
483,-37.672569274902344,144.55638122558594
485,-37.67299270629883,144.55645751953125
486,-37.67338180541992,144.5565643310547
487,-37.67352294921875,144.55662536621094
488,-37.67377853393555,144.55674743652344
489,-37.67399215698242,144.5568084716797
491,-37.67420196533203,144.55685424804688
492,-37.67475128173828,144.55686950683594
493,-37.6750602722168,144.55682373046875
497,-37.67404556274414,144.55714416503906
498,-37.67405319213867,144.55743408203125
499,-37.67409133911133,144.55780029296875
500,-37.67410659790039,144.5581512451172
501,-37.67410659790039,144.55860900878906
502,-37.674068450927734,144.55889892578125
503,-37.67401123046875,144.55917358398438
504,-37.67396545410156,144.5594940185547
505,-37.67392349243164,144.55995178222656
506,-37.673927307128906,144.5602569580078
507,-37.673946380615234,144.560546875
508,-37.67397689819336,144.5608673095703
511,-37.67213821411133,144.55853271484375
512,-37.67219543457031,144.5585479736328
513,-37.67266082763672,144.55859375
514,-37.6728630065918,144.55862426757812
515,-37.673057556152344,144.55870056152344
516,-37.6732292175293,144.55882263183594
517,-37.673397064208984,144.55897521972656
518,-37.67363357543945,144.55908203125
525,-37.67103576660156,144.55258178710938
526,-37.67108154296875,144.55258178710938
530,-37.676544189453125,144.5636749267578
531,-37.67646789550781,144.56370544433594
534,-37.67583465576172,144.56394958496094
535,-37.67576217651367,144.56396484375
536,-37.67536544799805,144.56398010253906
537,-37.67509078979492,144.56398010253906
538,-37.67482376098633,144.56398010253906
539,-37.67439270019531,144.5640869140625
540,-37.67409133911133,144.56423950195312
542,-37.67380905151367,144.56443786621094
543,-37.6735954284668,144.56459045410156
544,-37.67323684692383,144.56500244140625
545,-37.67317962646485,144.56509399414062
547,-37.6729736328125,144.5655059814453
548,-37.67293548583984,144.565673828125
549,-37.672908782958984,144.5659637451172
550,-37.672908782958984,144.56614685058594
551,-37.672996520996094,144.56655883789062
552,-37.673187255859375,144.56690979003906
553,-37.67330551147461,144.56703186035156
554,-37.673545837402344,144.5671844482422
555,-37.673831939697266,144.56736755371094
556,-37.67420196533203,144.5675048828125
557,-37.67446517944336,144.56753540039062
558,-37.67476272583008,144.56752014160156
559,-37.6753044128418,144.56736755371094
560,-37.675479888916016,144.5673065185547
561,-37.67560958862305,144.5672607421875
563,-37.6764030456543,144.56695556640625
565,-37.677101135253906,144.56668090820312
566,-37.67741394042969,144.5666046142578
568,-37.67732238769531,144.56564331054688
569,-37.677398681640625,144.56561279296875
570,-37.677833557128906,144.56541442871094
573,-37.678314208984375,144.56529235839844
574,-37.678436279296875,144.56524658203125
575,-37.678565979003906,144.5651397705078
576,-37.678802490234375,144.56488037109375
577,-37.678916931152344,144.56484985351562
578,-37.67906188964844,144.5648956298828
579,-37.67922592163086,144.5649871826172
580,-37.67938232421875,144.56512451171875
582,-37.67953109741211,144.56549072265625
583,-37.67950439453125,144.56582641601562
584,-37.6795654296875,144.5663604736328
585,-37.67960739135742,144.5667266845703
586,-37.679664611816406,144.5672149658203
587,-37.67971420288086,144.5675506591797
588,-37.67969512939453,144.56765747070312
590,-37.67958450317383,144.56781005859375
591,-37.67952728271485,144.5678253173828
592,-37.67853927612305,144.56802368164062
593,-37.67780303955078,144.56814575195312
595,-37.673091888427734,144.5618133544922
596,-37.67308044433594,144.56187438964844
597,-37.67298126220703,144.56240844726562
598,-37.67296600341797,144.5627899169922
599,-37.672996520996094,144.56317138671875
600,-37.67306900024414,144.56353759765625
601,-37.67318344116211,144.5638427734375
602,-37.67338180541992,144.5642547607422
603,-37.673545837402344,144.56451416015625
604,-37.67482376098633,144.56405639648438
605,-37.674808502197266,144.5645751953125
606,-37.67483901977539,144.5648956298828
607,-37.67489242553711,144.5653533935547
608,-37.67496871948242,144.56568908691406
611,-37.675254821777344,144.56646728515625
612,-37.675350189208984,144.56680297851562
618,-37.684791564941406,144.5682373046875
619,-37.6849479675293,144.56820678710938
622,-37.68851089477539,144.5778350830078
625,-37.65775680541992,144.59552001953125
626,-37.65771484375,144.5955810546875
627,-37.65753555297851,144.59593200683594
628,-37.65736389160156,144.59637451171875
629,-37.657257080078125,144.5967559814453
630,-37.65723419189453,144.59689331054688
631,-37.657203674316406,144.5974884033203
633,-37.65946960449219,144.59205627441406
634,-37.65952682495117,144.59213256835938
635,-37.659820556640625,144.59249877929688
636,-37.65985870361328,144.59259033203125
637,-37.659950256347656,144.59335327148438
638,-37.660133361816406,144.5948486328125
639,-37.660301208496094,144.5961456298828
640,-37.66032791137695,144.596435546875
643,-37.659908294677734,144.59658813476562
644,-37.65966796875,144.59666442871094
645,-37.659446716308594,144.59677124023438
647,-37.65904235839844,144.5970916748047
649,-37.660343170166016,144.5966033935547
650,-37.66043472290039,144.59725952148438
651,-37.66044998168945,144.59735107421875
652,-37.66035842895508,144.59613037109375
653,-37.66102600097656,144.59600830078125
654,-37.661094665527344,144.5959930419922
655,-37.66112518310547,144.5962371826172
656,-37.66073989868164,144.59286499023438
657,-37.660770416259766,144.5928497314453
658,-37.66147232055664,144.5927276611328
659,-37.66166687011719,144.59268188476562
660,-37.66195297241211,144.59266662597656
661,-37.66226959228515,144.59268188476562
662,-37.662635803222656,144.5926971435547
663,-37.66304397583008,144.59268188476562
664,-37.663368225097656,144.59268188476562
665,-37.66226577758789,144.5925750732422
666,-37.66224670410156,144.59217834472656
667,-37.662235260009766,144.59202575683594
668,-37.66220474243164,144.59170532226562
669,-37.66219711303711,144.5915985107422
670,-37.662635803222656,144.59280395507812
671,-37.66263961791992,144.59359741210938
672,-37.66266250610352,144.5944366455078
673,-37.66273498535156,144.5947723388672
674,-37.66288757324219,144.59518432617188
675,-37.66291809082031,144.59535217285156
676,-37.66290283203125,144.59552001953125
677,-37.662845611572266,144.59567260742188
678,-37.66252899169922,144.5959930419922
679,-37.66204071044922,144.59645080566406
680,-37.6619873046875,144.5966339111328
681,-37.66197967529297,144.5968475341797
682,-37.66218185424805,144.5983428955078
683,-37.66226577758789,144.5985565185547
684,-37.662410736083984,144.5987548828125
685,-37.66254425048828,144.59884643554688
686,-37.66279602050781,144.59890747070312
687,-37.66446685791016,144.59860229492188
688,-37.664695739746094,144.5985107421875
689,-37.664794921875,144.59841918945312
690,-37.66487121582031,144.5982666015625
691,-37.66496658325195,144.5978546142578
692,-37.66511154174805,144.5973663330078
693,-37.66523361206055,144.59701538085938
694,-37.66543197631836,144.59678649902344
695,-37.66556167602539,144.59669494628906
696,-37.665672302246094,144.59666442871094
697,-37.6660270690918,144.59658813476562
699,-37.6663818359375,144.59652709960938
700,-37.6696662902832,144.59884643554688
702,-37.66962432861328,144.59852600097656
703,-37.6695671081543,144.5980987548828
704,-37.6695556640625,144.59793090820312
705,-37.669578552246094,144.59774780273438
707,-37.66987228393555,144.59735107421875
708,-37.670074462890625,144.59722900390625
709,-37.6707649230957,144.5968780517578
710,-37.67097091674805,144.5966796875
711,-37.671199798583984,144.59645080566406
712,-37.67134475708008,144.59616088867188
713,-37.671424865722656,144.595947265625
714,-37.671443939208984,144.59588623046875
715,-37.671669006347656,144.59515380859375
717,-37.67194747924805,144.59471130371094
718,-37.67222213745117,144.59445190429688
719,-37.672462463378906,144.5942840576172
721,-37.672889709472656,144.59414672851562
723,-37.66408157348633,144.5947723388672
724,-37.66370391845703,144.59474182128906
725,-37.66351318359375,144.59478759765625
726,-37.660099029541016,144.59750366210938
727,-37.66029739379883,144.5973663330078
728,-37.660552978515625,144.59732055664062
729,-37.66118240356445,144.5972137451172
730,-37.661231994628906,144.59719848632812
731,-37.66120529174805,144.59695434570312
732,-37.66130065917969,144.59786987304688
733,-37.66130447387695,144.59808349609375
735,-37.6611328125,144.59848022460938
736,-37.66109848022461,144.59854125976562
737,-37.656463623046875,144.598388671875
738,-37.656532287597656,144.598388671875
739,-37.65720748901367,144.5982666015625
742,-37.65754699707031,144.59835815429688
743,-37.657596588134766,144.59877014160156
744,-37.65760803222656,144.59889221191406
745,-37.65763092041016,144.59906005859375
746,-37.656551361083984,144.59910583496094
747,-37.65645217895508,144.59912109375
749,-37.6551513671875,144.59800720214844
750,-37.65629196166992,144.5978546142578
751,-37.656394958496094,144.59783935546875
752,-37.65468978881836,144.59422302246094
753,-37.6546745300293,144.59410095214844
754,-37.65456008911133,144.5930633544922
755,-37.65445327758789,144.59214782714844
756,-37.65443801879883,144.59202575683594
757,-37.65398406982422,144.59210205078125
758,-37.65496826171875,144.59193420410156
759,-37.65570831298828,144.591796875
760,-37.656394958496094,144.5916748046875
761,-37.65644454956055,144.5916748046875
762,-37.6552848815918,144.58822631835938
767,-37.66795349121094,144.5888671875
768,-37.66790390014648,144.5886688232422
769,-37.66777038574219,144.58741760253906
770,-37.6675910949707,144.5861053466797
771,-37.66757583618164,144.5860137939453
773,-37.66749954223633,144.58566284179688
775,-37.66721725463867,144.58551025390625
776,-37.66649627685547,144.5856475830078
777,-37.66633224487305,144.585693359375
780,-37.665992736816406,144.5861358642578
781,-37.665679931640625,144.5870819091797
783,-37.66548156738281,144.5873260498047
785,-37.6651611328125,144.58737182617188
787,-37.66410827636719,144.58738708496094
789,-37.66388702392578,144.58714294433594
790,-37.66340637207031,144.58624267578125
792,-37.66320037841797,144.5860595703125
793,-37.66298294067383,144.58596801757812
794,-37.661903381347656,144.5856475830078
795,-37.661739349365234,144.58566284179688
796,-37.66141891479492,144.58578491210938
799,-37.66803741455078,144.5895538330078
800,-37.66801452636719,144.5897674560547
801,-37.66805648803711,144.59024047851562
802,-37.66808319091797,144.59051513671875
803,-37.66826248168945,144.59178161621094
804,-37.66840362548828,144.5930633544922
805,-37.66852188110352,144.593994140625
806,-37.6685905456543,144.59454345703125
807,-37.66843795776367,144.59402465820312
808,-37.66814422607422,144.59408569335938
809,-37.66830825805664,144.5930633544922
810,-37.66812896728515,144.5930633544922
811,-37.66792678833008,144.59291076660156
812,-37.667335510253906,144.59228515625
813,-37.66727066040039,144.59210205078125
814,-37.66728973388672,144.59190368652344
815,-37.667449951171875,144.5916748046875
816,-37.667701721191406,144.59327697753906
817,-37.66801071166992,144.5905303955078
818,-37.66675567626953,144.59078979492188
819,-37.66655349731445,144.5909423828125
820,-37.666473388671875,144.5911102294922
821,-37.66645050048828,144.5911865234375
822,-37.66656875610352,144.5913543701172
823,-37.66669845581055,144.5914764404297
824,-37.67923355102539,144.5888671875
825,-37.678653717041016,144.58984375
826,-37.67857360839844,144.58998107910156
827,-37.67818832397461,144.59063720703125
828,-37.67769241333008,144.59149169921875
829,-37.67674255371094,144.59312438964844
830,-37.67636489868164,144.59376525878906
831,-37.676300048828125,144.59384155273438
832,-37.67621612548828,144.59388732910156
833,-37.67586898803711,144.59393310546875
834,-37.68222427368164,144.57809448242188
836,-37.68212127685547,144.57940673828125
837,-37.68205642700195,144.58023071289062
839,-37.682010650634766,144.58082580566406
840,-37.681983947753906,144.5811767578125
841,-37.68190002441406,144.58226013183594
843,-37.681880950927734,144.58248901367188
847,-37.67528533935547,144.58851623535156
849,-37.67625427246094,144.59034729003906
850,-37.6762580871582,144.59011840820312
851,-37.676063537597656,144.58848571777344
852,-37.67525100708008,144.57810974121094
853,-37.675262451171875,144.5782470703125
855,-37.67527389526367,144.5788116455078
856,-37.67532730102539,144.5792236328125
857,-37.67535781860352,144.57936096191406
858,-37.675506591796875,144.58013916015625
859,-37.6755485534668,144.58062744140625
860,-37.67627716064453,144.5804901123047
861,-37.67621994018555,144.58050537109375
862,-37.67563247680664,144.5806121826172
863,-37.67527389526367,144.58067321777344
864,-37.6750602722168,144.58067321777344
865,-37.67494583129883,144.58070373535156
866,-37.67486953735352,144.58071899414062
867,-37.674686431884766,144.5807647705078
870,-37.68122100830078,144.5724639892578
871,-37.681182861328125,144.5731201171875
872,-37.681148529052734,144.5734405517578
873,-37.68106460571289,144.57444763183594
874,-37.68099594116211,144.5754852294922
875,-37.680908203125,144.57662963867188
876,-37.68083953857422,144.57754516601562
877,-37.68083572387695,144.57762145996094
878,-37.68123626708984,144.5731201171875
879,-37.682010650634766,144.57322692871094
880,-37.682743072509766,144.5733184814453
881,-37.68280029296875,144.57333374023438
882,-37.68267822265625,144.57485961914062
883,-37.6827507019043,144.57485961914062
884,-37.683448791503906,144.574951171875
887,-37.688194274902344,144.57278442382812
888,-37.6880989074707,144.57281494140625
889,-37.68741607666016,144.57293701171875
890,-37.68708038330078,144.572998046875
891,-37.68665313720703,144.5730743408203
892,-37.68626403808594,144.5730743408203
893,-37.68514251708984,144.5729522705078
894,-37.685035705566406,144.57293701171875
895,-37.6866455078125,144.57301330566406
896,-37.686546325683594,144.57220458984375
897,-37.686492919921875,144.57180786132812
898,-37.68648147583008,144.5717010498047
899,-37.6850471496582,144.57275390625
900,-37.68499374389648,144.57273864746094
901,-37.68438720703125,144.5726776123047
903,-37.68729782104492,144.57481384277344
904,-37.68724822998047,144.57481384277344
905,-37.685081481933594,144.5745391845703
906,-37.68425369262695,144.57444763183594
908,-37.68409729003906,144.57557678222656
909,-37.68425750732422,144.57354736328125
910,-37.68440246582031,144.5714111328125
912,-37.68769836425781,144.5686798095703
913,-37.68761444091797,144.56869506835938
914,-37.68610382080078,144.56898498535156
915,-37.685340881347656,144.56910705566406
916,-37.68525695800781,144.5703582763672
917,-37.68626403808594,144.5703582763672
918,-37.686763763427734,144.57034301757812
919,-37.68781280517578,144.57034301757812
920,-37.68790817260742,144.57034301757812
921,-37.686256408691406,144.57029724121094
922,-37.68611145019531,144.56907653808594
923,-37.68514633178711,144.57167053222656
924,-37.68523406982422,144.57164001464844
925,-37.6873664855957,144.5716094970703
926,-37.68793869018555,144.5714874267578
928,-37.68788528442383,144.57015991210938
929,-37.687957763671875,144.57012939453125
930,-37.688751220703125,144.56967163085938
931,-37.68880462646485,144.5696258544922
932,-37.68928909301758,144.5692901611328
933,-37.689414978027344,144.5691680908203
934,-37.68861770629883,144.56863403320312
935,-37.68860626220703,144.5684051513672
936,-37.688621520996094,144.5682373046875
943,-37.68379592895508,144.58090209960938
944,-37.68376541137695,144.58102416992188
945,-37.68368148803711,144.5818328857422
946,-37.683624267578125,144.5825653076172
949,-37.68333053588867,144.58279418945312
956,-37.68309783935547,144.5610809326172
958,-37.682884216308594,144.560546875
959,-37.68280792236328,144.56028747558594
960,-37.68276596069336,144.5599822998047
961,-37.68280029296875,144.55958557128906
962,-37.68284225463867,144.5594024658203
963,-37.68294143676758,144.55917358398438
964,-37.683074951171875,144.55894470214844
965,-37.68315124511719,144.55870056152344
966,-37.68319320678711,144.5585174560547
967,-37.6832160949707,144.55819702148438
968,-37.68316650390625,144.5579376220703
969,-37.68305969238281,144.5576629638672
970,-37.68287658691406,144.55740356445312
971,-37.682674407958984,144.55723571777344
972,-37.682411193847656,144.5570831298828
973,-37.68165588378906,144.556640625
974,-37.68143081665039,144.5565185546875
975,-37.68125534057617,144.5564422607422
976,-37.68109893798828,144.55645751953125
977,-37.68087387084961,144.55654907226562
978,-37.68062210083008,144.55679321289062
979,-37.680389404296875,144.5570068359375
980,-37.68030548095703,144.55718994140625
981,-37.68024063110352,144.55743408203125
982,-37.68023681640625,144.55764770507812
983,-37.680458068847656,144.5593719482422
984,-37.68059921264648,144.55963134765625
985,-37.68098068237305,144.5598602294922
986,-37.681419372558594,144.55999755859375
987,-37.68155670166016,144.55995178222656
988,-37.68169403076172,144.5598602294922
989,-37.68181610107422,144.55978393554688
990,-37.6819953918457,144.55975341796875
991,-37.68217468261719,144.55975341796875
992,-37.68232727050781,144.55984497070312
993,-37.68244552612305,144.5599365234375
994,-37.682579040527344,144.5599822998047
998,-37.684757232666016,144.5792694091797
999,-37.68474578857422,144.57936096191406
1000,-37.68724060058594,144.55380249023438
1001,-37.68716812133789,144.5538330078125
1002,-37.68639373779297,144.5537872314453
1004,-37.6861572265625,144.5560302734375
1007,-37.686370849609375,144.55621337890625
1009,-37.686859130859375,144.55621337890625
1010,-37.68745803833008,144.55621337890625
1013,-37.68750762939453,144.5548095703125
1014,-37.687522888183594,144.5560760498047
1015,-37.6869010925293,144.55479431152344
1016,-37.68689727783203,144.5548553466797
1017,-37.68682098388672,144.55613708496094
1018,-37.68732452392578,144.5547332763672
1019,-37.68732452392578,144.55467224121094
1020,-37.68732833862305,144.55433654785156
1021,-37.68729782104492,144.55409240722656
1022,-37.687103271484375,144.5529327392578
1023,-37.687774658203125,144.55259704589844
1024,-37.68741607666016,144.55282592773438
1025,-37.68644714355469,144.55284118652344
1029,-37.68634033203125,144.55271911621094
1030,-37.68634033203125,144.5526123046875
1033,-37.68570709228515,144.55105590820312
1034,-37.68575668334961,144.55020141601562
1037,-37.68556213378906,144.55393981933594
1038,-37.68564224243164,144.55284118652344
1039,-37.68565368652344,144.5525665283203
1049,-37.65886306762695,144.6009063720703
1050,-37.65909576416016,144.60267639160156
1051,-37.65914535522461,144.60330200195312
1052,-37.659122467041016,144.6035919189453
1053,-37.65901184082031,144.60382080078125
1054,-37.65886306762695,144.60398864746094
1056,-37.6585578918457,144.60409545898438
1057,-37.65739059448242,144.60400390625
1058,-37.659122467041016,144.60450744628906
1059,-37.6593017578125,144.60476684570312
1060,-37.65950775146485,144.60496520996094
1061,-37.676307678222656,144.5981903076172
1070,-37.68350601196289,144.60317993164062
1077,-37.68266296386719,144.60516357421875
1078,-37.68259811401367,144.60743713378906
1079,-37.68257522583008,144.6094970703125
1080,-37.68181991577149,144.60513305664062
1081,-37.68171310424805,144.6051025390625
1084,-37.68143081665039,144.6048126220703
1088,-37.681907653808594,144.60743713378906
1089,-37.6812744140625,144.6073760986328
1090,-37.681114196777344,144.60740661621094
1091,-37.68099594116211,144.60751342773438
1092,-37.68072891235352,144.6079559326172
1093,-37.68034362792969,144.6085968017578
1094,-37.68024063110352,144.60885620117188
1095,-37.679927825927734,144.60935974121094
1096,-37.67963409423828,144.60995483398438
1097,-37.680171966552734,144.60992431640625
1098,-37.68027877807617,144.61038208007812
1099,-37.680328369140625,144.61085510253906
1100,-37.68037414550781,144.61134338378906
1101,-37.68040084838867,144.61178588867188
1102,-37.68106460571289,144.6032257080078
1105,-37.680538177490234,144.60321044921875
1108,-37.680328369140625,144.6034698486328
1110,-37.67978286743164,144.60440063476562
1112,-37.67965316772461,144.60491943359375
1113,-37.67948532104492,144.60614013671875
1118,-37.679141998291016,144.60643005371094
1119,-37.67784881591797,144.60665893554688
1124,-37.68974304199219,144.60235595703125
1125,-37.689937591552734,144.60223388671875
1126,-37.69038009643555,144.6021270751953
1127,-37.69093322753906,144.60205078125
1128,-37.69131851196289,144.60191345214844
1129,-37.69143295288086,144.60183715820312
1130,-37.69151306152344,144.6016387939453
1131,-37.69173431396485,144.60035705566406
1132,-37.69192886352539,144.59933471679688
1133,-37.69198989868164,144.59901428222656
1142,-37.68982696533203,144.5990447998047
1143,-37.69187545776367,144.5986785888672
1145,-37.69291305541992,144.60069274902344
1146,-37.69301986694336,144.60069274902344
1147,-37.693172454833984,144.60055541992188
1148,-37.69319534301758,144.6004638671875
1149,-37.69340133666992,144.59927368164062
1150,-37.69348907470703,144.5991668701172
1151,-37.69362258911133,144.59913635253906
1152,-37.694087982177734,144.59913635253906
1153,-37.68843078613281,144.5865936279297
1154,-37.6866569519043,144.5864715576172
1155,-37.68666458129883,144.58627319335938
1156,-37.68658828735352,144.58810424804688
1157,-37.68657302856445,144.58853149414062
1158,-37.686527252197266,144.5896453857422
1159,-37.68644332885742,144.59165954589844
1163,-37.686248779296875,144.59193420410156
1164,-37.68593978881836,144.59193420410156
1170,-37.685333251953125,144.5922088623047
1176,-37.68531799316406,144.59375
1183,-37.68539047241211,144.59373474121094
1184,-37.68561172485352,144.5937042236328
1185,-37.68572616577149,144.59365844726562
1186,-37.68585586547851,144.59356689453125
1187,-37.68596649169922,144.59352111816406
1188,-37.68632507324219,144.5934295654297
1189,-37.6864128112793,144.59344482421875
1190,-37.686492919921875,144.593505859375
1191,-37.686519622802734,144.5936279296875
1192,-37.68656539916992,144.59402465820312
1195,-37.68704605102539,144.5941162109375
1196,-37.68718338012695,144.59405517578125
1197,-37.68732833862305,144.5939178466797
1198,-37.68741607666016,144.59378051757812
1199,-37.68748474121094,144.5935821533203
1200,-37.6874885559082,144.5933837890625
1201,-37.68733596801758,144.59214782714844
1211,-37.688453674316406,144.58828735351562
1212,-37.68870162963867,144.5883026123047
1214,-37.68883514404297,144.58840942382812
1216,-37.68925476074219,144.58917236328125
1217,-37.68933868408203,144.58917236328125
1218,-37.689456939697266,144.5891571044922
1219,-37.689998626708984,144.5890350341797
1220,-37.690330505371094,144.5889892578125
1221,-37.69069290161133,144.5889434814453
1222,-37.691009521484375,144.58912658691406
1224,-37.689491271972656,144.58944702148438
1225,-37.689453125,144.59043884277344
1229,-37.69049072265625,144.58987426757812
1234,-37.69056701660156,144.5902099609375
1237,-37.69040298461914,144.58807373046875
1238,-37.690635681152344,144.58804321289062
1239,-37.690731048583984,144.58802795410156
1240,-37.69089126586914,144.5880584716797
1241,-37.69096755981445,144.58810424804688
1242,-37.691036224365234,144.588134765625
1243,-37.69114303588867,144.5882568359375
1244,-37.69122695922851,144.58840942382812
1245,-37.69124221801758,144.5885009765625
1246,-37.69124984741211,144.58860778808594
1247,-37.69124221801758,144.58877563476562
1248,-37.691184997558594,144.58892822265625
1252,-37.69101333618164,144.58937072753906
1254,-37.69092559814453,144.5895538330078
1255,-37.690765380859375,144.58993530273438
1257,-37.690406799316406,144.590576171875
1258,-37.68996047973633,144.59054565429688
1259,-37.689544677734375,144.5905303955078
1260,-37.689353942871094,144.59051513671875
1261,-37.688846588134766,144.59048461914062
1262,-37.68877029418945,144.5904541015625
1263,-37.68875503540039,144.59036254882812
1264,-37.688751220703125,144.59033203125
1265,-37.68878555297851,144.5893096923828
1267,-37.68879699707031,144.58901977539062
1268,-37.688812255859375,144.58865356445312
1270,-37.688926696777344,144.58831787109375
1271,-37.68962478637695,144.5882110595703
1272,-37.689918518066406,144.5881805419922
1273,-37.69015884399414,144.58815002441406
1276,-37.69023895263672,144.58717346191406
1277,-37.69087219238281,144.58706665039062
1278,-37.691505432128906,144.58697509765625
1279,-37.69182586669922,144.58692932128906
1280,-37.69194412231445,144.58688354492188
1281,-37.69204330444336,144.58676147460938
1282,-37.69205474853515,144.58670043945312
1283,-37.692325592041016,144.58522033691406
1284,-37.69193649291992,144.58419799804688
1285,-37.69186782836914,144.58419799804688
1286,-37.69178009033203,144.58419799804688
1287,-37.69149017333984,144.584228515625
1288,-37.69111633300781,144.58432006835938
1292,-37.69092559814453,144.58444213867188
1293,-37.690799713134766,144.58462524414062
1295,-37.69058609008789,144.58482360839844
1296,-37.69020462036133,144.58486938476562
1297,-37.69000244140625,144.58493041992188
1299,-37.6902961730957,144.58262634277344
1300,-37.69013214111328,144.58120727539062
1301,-37.69010925292969,144.58103942871094
1302,-37.68993377685547,144.57949829101562
1303,-37.689823150634766,144.57858276367188
1304,-37.690635681152344,144.57843017578125
1305,-37.69093322753906,144.5808868408203
1306,-37.6910400390625,144.581787109375
1307,-37.69087219238281,144.58090209960938
1308,-37.690185546875,144.58102416992188
1309,-37.690059661865234,144.5812225341797
1310,-37.689300537109375,144.5813751220703
1311,-37.68922805786133,144.58139038085938
1312,-37.68987274169922,144.5795135498047
1313,-37.68910217285156,144.57965087890625
1314,-37.689022064208984,144.5796661376953
1315,-37.689178466796875,144.5809783935547
1316,-37.6890869140625,144.58099365234375
1317,-37.68684005737305,144.58140563964844
1318,-37.68598556518555,144.581298828125
1319,-37.6859016418457,144.581298828125
1320,-37.69052505493164,144.57460021972656
1321,-37.69010162353515,144.57467651367188
1322,-37.68925857543945,144.57481384277344
1323,-37.68854141235352,144.574951171875
1324,-37.68845748901367,144.57496643066406
1325,-37.69035720825195,144.57286071777344
1326,-37.68906021118164,144.57308959960938
1327,-37.68925094604492,144.5747528076172
1328,-37.69000625610352,144.57382202148438
1329,-37.690093994140625,144.57460021972656
1330,-37.68918228149414,144.5720672607422
1331,-37.6890983581543,144.5713653564453
1332,-37.6890869140625,144.57125854492188
1333,-37.68974685668945,144.57113647460938
1334,-37.688114166259766,144.5714569091797
1335,-37.688594818115234,144.57611083984375
1336,-37.68851089477539,144.5761260986328
1337,-37.68748092651367,144.57632446289062
1338,-37.68659210205078,144.5764923095703
1339,-37.68637466430664,144.5765380859375
1340,-37.65671157836914,144.6004180908203
1341,-37.6566047668457,144.60043334960938
1344,-37.655731201171875,144.6024169921875
1345,-37.657222747802734,144.60215759277344
1347,-37.65583801269531,144.60935974121094
1348,-37.65739440917969,144.60906982421875
1349,-37.65768814086914,144.60906982421875
1352,-37.65843963623047,144.60943603515625
1353,-37.658573150634766,144.60958862304688
1355,-37.65884780883789,144.61000061035156
1357,-37.65924072265625,144.61012268066406
1358,-37.6597785949707,144.6102294921875
1359,-37.66017532348633,144.61024475097656
1360,-37.66059112548828,144.6102294921875
1361,-37.661476135253906,144.6099090576172
1362,-37.66165542602539,144.6097869873047
1363,-37.66179656982422,144.60963439941406
1364,-37.66190719604492,144.60943603515625
1365,-37.661964416503906,144.60919189453125
1366,-37.66195297241211,144.60789489746094
1367,-37.661903381347656,144.60658264160156
1368,-37.66182327270508,144.6061553955078
1369,-37.6613883972168,144.605224609375
1370,-37.66133499145508,144.60507202148438
1371,-37.66078567504883,144.6005096435547
1372,-37.66561508178711,144.6034393310547
1373,-37.66512680053711,144.60391235351562
1375,-37.66482925415039,144.6040496826172
1376,-37.66432189941406,144.6038818359375
1377,-37.66410446166992,144.60366821289062
1378,-37.66397476196289,144.60337829589844
1379,-37.66388702392578,144.60301208496094
1380,-37.66356658935547,144.5999755859375
1381,-37.66480255126953,144.59974670410156
1382,-37.664825439453125,144.59991455078125
1385,-37.66495132446289,144.6000213623047
1386,-37.66731643676758,144.59954833984375
1388,-37.66741561889648,144.59947204589844
1391,-37.667457580566406,144.59925842285156
1392,-37.669864654541016,144.60519409179688
1393,-37.66973114013672,144.60400390625
1394,-37.66950607299805,144.60235595703125
1395,-37.66936111450195,144.60113525390625
1396,-37.66929244995117,144.60055541992188
1397,-37.6691780090332,144.59957885742188
1398,-37.67445755004883,144.60215759277344
1399,-37.674461364746094,144.60194396972656
1400,-37.6744270324707,144.601806640625
1401,-37.67436218261719,144.60171508789062
1402,-37.67423248291016,144.6015625
1403,-37.674072265625,144.60150146484375
1404,-37.67384719848633,144.60153198242188
1405,-37.67364501953125,144.60162353515625
1406,-37.673377990722656,144.6017608642578
1407,-37.67298126220703,144.6019287109375
1408,-37.67256546020508,144.60205078125
1409,-37.6718635559082,144.60205078125
1410,-37.671390533447266,144.60203552246094
1411,-37.67070007324219,144.60214233398438
1412,-37.66385269165039,144.6074981689453
1413,-37.66448974609375,144.6076202392578
1414,-37.66490173339844,144.60755920410156
1415,-37.6652717590332,144.60739135742188
1416,-37.6659049987793,144.60678100585938
1417,-37.66807174682617,144.6043701171875
1418,-37.669158935546875,144.60406494140625
1419,-37.65775680541992,144.59410095214844
1420,-37.65781784057617,144.5941619873047
1421,-37.65803527832031,144.59445190429688
1422,-37.65828323364258,144.59471130371094
1423,-37.6585807800293,144.5950164794922
1424,-37.65885925292969,144.59532165527344
1425,-37.65951919555664,144.5963134765625
1426,-37.65964126586914,144.5966033935547
1427,-37.668575286865234,144.5967559814453
1428,-37.66856384277344,144.59690856933594
1429,-37.668582916259766,144.59730529785156
1430,-37.66856002807617,144.597412109375
1431,-37.66837310791016,144.59776306152344
1432,-37.66828918457031,144.59783935546875
1433,-37.66819381713867,144.597900390625
1434,-37.668006896972656,144.59793090820312
1435,-37.6673698425293,144.59803771972656
1436,-37.6666374206543,144.5981903076172
1438,-37.65485382080078,144.5910186767578
1439,-37.65483856201172,144.5908660888672
1440,-37.654544830322266,144.58837890625
1446,-37.65781021118164,144.58763122558594
1449,-37.65804672241211,144.5876922607422
1453,-37.658653259277344,144.58831787109375
1454,-37.65898895263672,144.58827209472656
1457,-37.65913772583008,144.58828735351562
1459,-37.65917205810547,144.58843994140625
1460,-37.65937423706055,144.59019470214844
1461,-37.65938949584961,144.59036254882812
1462,-37.65968704223633,144.59036254882812
1463,-37.66011047363281,144.59043884277344
1465,-37.65639114379883,144.59288024902344
1467,-37.65651321411133,144.5924530029297
1468,-37.65651321411133,144.5922393798828
1469,-37.656036376953125,144.58810424804688
1470,-37.6582145690918,144.5917205810547
1471,-37.658172607421875,144.5916748046875
1472,-37.65803527832031,144.59149169921875
1474,-37.65797805786133,144.59140014648438
1476,-37.65794372558594,144.59129333496094
1478,-37.65791702270508,144.59107971191406
1479,-37.65769958496094,144.58926391601562
1480,-37.65751647949219,144.58779907226562
1481,-37.658897399902344,144.5909423828125
1482,-37.65882110595703,144.59085083007812
1483,-37.65869140625,144.5906982421875
1484,-37.65864181518555,144.59059143066406
1485,-37.65838241577149,144.5885467529297
1487,-37.65842819213867,144.5883331298828
1489,-37.6575927734375,144.59144592285156
1490,-37.65743637084961,144.59149169921875
1491,-37.657379150390625,144.5915069580078
1492,-37.65731048583984,144.5915069580078
1494,-37.65790557861328,144.5920867919922
1495,-37.65794372558594,144.59214782714844
1496,-37.6585693359375,144.5929718017578
1497,-37.65864944458008,144.59307861328125
1498,-37.6602668762207,144.59002685546875
1499,-37.66001510620117,144.58798217773438
1501,-37.659942626953125,144.58738708496094
1502,-37.659915924072266,144.587158203125
1503,-37.65983581542969,144.5865020751953
1504,-37.659820556640625,144.58636474609375
1505,-37.65972900390625,144.58560180664062
1506,-37.65961837768555,144.58468627929688
1507,-37.65950775146485,144.58380126953125
1508,-37.65939712524414,144.5828857421875
1509,-37.659385681152344,144.58279418945312
1510,-37.65934371948242,144.58241271972656
1511,-37.6593132019043,144.58291625976562
1512,-37.6583366394043,144.58311462402344
1515,-37.65816879272461,144.5831298828125
1516,-37.65797805786133,144.58316040039062
1517,-37.658714294433594,144.58670043945312
1518,-37.65876770019531,144.58670043945312
1519,-37.65974807739258,144.58651733398438
1520,-37.65861129760742,144.58580017089844
1521,-37.65865707397461,144.58580017089844
1522,-37.659637451171875,144.5856170654297
1523,-37.65989685058594,144.5863494873047
1524,-37.66041946411133,144.58624267578125
1525,-37.66087341308594,144.58604431152344
1526,-37.66100311279297,144.5859832763672
1527,-37.67274475097656,144.5876922607422
1528,-37.6728401184082,144.58770751953125
1529,-37.6735725402832,144.5878143310547
1530,-37.67373275756836,144.58782958984375
1532,-37.67399978637695,144.5880126953125
1533,-37.67408752441406,144.58815002441406
1534,-37.6741943359375,144.5884246826172
1535,-37.67423248291016,144.58859252929688
1536,-37.674259185791016,144.5886993408203
1537,-37.67428207397461,144.5890350341797
1538,-37.674278259277344,144.58937072753906
1539,-37.67423248291016,144.58963012695312
1540,-37.674049377441406,144.5900115966797
1541,-37.67402267456055,144.59011840820312
1542,-37.6739616394043,144.5903778076172
1543,-37.673954010009766,144.59054565429688
1544,-37.67397689819336,144.5907440185547
1545,-37.67404556274414,144.59120178222656
1546,-37.674034118652344,144.59129333496094
1547,-37.67399597167969,144.59133911132812
1548,-37.673309326171875,144.5914764404297
1549,-37.67299270629883,144.5917205810547
1550,-37.67274856567383,144.59194946289062
1551,-37.67269515991211,144.59201049804688
1552,-37.672359466552734,144.5923309326172
1553,-37.672210693359375,144.59243774414062
1554,-37.671974182128906,144.592529296875
1555,-37.67190170288086,144.59255981445312
1556,-37.671295166015625,144.59075927734375
1557,-37.67133331298828,144.59085083007812
1558,-37.67148971557617,144.5912322998047
1559,-37.671688079833984,144.59170532226562
1560,-37.67179489135742,144.59210205078125
1561,-37.67203521728515,144.59312438964844
1568,-37.67194366455078,144.5934295654297
1569,-37.671669006347656,144.5936737060547
1571,-37.6710205078125,144.59429931640625
1573,-37.67082595825195,144.59429931640625
1574,-37.67073059082031,144.59417724609375
1575,-37.67062759399414,144.59388732910156
1576,-37.670310974121094,144.5930633544922
1577,-37.67021560668945,144.59283447265625
1578,-37.67015838623047,144.5927276611328
1579,-37.670047760009766,144.59263610839844
1580,-37.6699104309082,144.5925750732422
1581,-37.6697998046875,144.5924530029297
1582,-37.66973114013672,144.59231567382812
1583,-37.6696662902832,144.591552734375
1584,-37.669715881347656,144.59121704101562
1585,-37.66986846923828,144.59080505371094
1586,-37.669918060302734,144.59068298339844
1588,-37.68103790283203,144.57777404785156
1589,-37.68101119995117,144.57814025878906
1590,-37.68100357055664,144.57827758789062
1591,-37.68097305297851,144.5786590576172
1592,-37.68090057373047,144.57962036132812
1593,-37.68086624145508,144.58004760742188
1594,-37.68085861206055,144.58018493652344
1595,-37.68081283569336,144.5806884765625
1596,-37.68074798583984,144.58160400390625
1597,-37.68073654174805,144.58177185058594
1598,-37.68065643310547,144.582763671875
1600,-37.68090057373047,144.57864379882812
1601,-37.6805305480957,144.57862854003906
1602,-37.68011093139648,144.57872009277344
1603,-37.67938995361328,144.57867431640625
1604,-37.68082427978515,144.5796356201172
1605,-37.67879867553711,144.58001708984375
1606,-37.678741455078125,144.5800323486328
1607,-37.6806640625,144.581787109375
1608,-37.678985595703125,144.58209228515625
1609,-37.6783447265625,144.58221435546875
1610,-37.678863525390625,144.58106994628906
1611,-37.678924560546875,144.5810546875
1612,-37.68074798583984,144.58070373535156
1615,-37.68116760253906,144.58021545410156
1616,-37.681304931640625,144.5802764892578
1617,-37.681541442871094,144.5803985595703
1618,-37.68183898925781,144.58041381835938
1619,-37.678977966308594,144.58204650878906
1620,-37.67877960205078,144.58038330078125
1621,-37.67869186401367,144.57962036132812
1622,-37.67857360839844,144.57867431640625
1624,-37.67851638793945,144.57858276367188
1625,-37.67847442626953,144.57858276367188
1626,-37.67787170410156,144.57870483398438
1627,-37.678714752197266,144.5803985595703
1628,-37.67802047729492,144.58053588867188
1629,-37.67796325683594,144.58055114746094
1631,-37.68250274658203,144.58319091796875
1634,-37.68283462524414,144.57286071777344
1635,-37.68254852294922,144.5764923095703
1636,-37.681758880615234,144.57640075683594
1637,-37.682003021240234,144.57333374023438
1638,-37.68110275268555,144.5734405517578
1639,-37.680442810058594,144.57337951660156
1640,-37.680145263671875,144.57333374023438
1641,-37.67927169799805,144.573486328125
1642,-37.680938720703125,144.5754852294922
1643,-37.67975997924805,144.57533264160156
1644,-37.67951583862305,144.5753173828125
1646,-37.679317474365234,144.57528686523438
1647,-37.67897415161133,144.57525634765625
1648,-37.67866516113281,144.5753173828125
1649,-37.67784118652344,144.57546997070312
1650,-37.67667007446289,144.57569885253906
1651,-37.676300048828125,144.5757598876953
1653,-37.676116943359375,144.57579040527344
1654,-37.675392150878906,144.57594299316406
1655,-37.67463302612305,144.57608032226562
1657,-37.674503326416016,144.57611083984375
1658,-37.673805236816406,144.5762481689453
1660,-37.67355728149414,144.5762939453125
1665,-37.67522811889648,144.57073974609375
1673,-37.6776123046875,144.57080078125
1675,-37.677879333496094,144.5709228515625
1678,-37.6799201965332,144.5721893310547
1679,-37.679935455322266,144.5723876953125
1680,-37.67835998535156,144.57131958007812
1681,-37.67824935913086,144.5716094970703
1682,-37.6782341003418,144.5718231201172
1683,-37.67865753173828,144.5752410888672
1684,-37.677833557128906,144.5753936767578
1685,-37.677303314208984,144.5709686279297
1686,-37.67581558227539,144.57106018066406
1687,-37.67569351196289,144.57154846191406
1688,-37.67582702636719,144.5727081298828
1689,-37.67606735229492,144.5745849609375
1690,-37.67620086669922,144.57566833496094
1691,-37.67538070678711,144.57586669921875
1692,-37.67506408691406,144.57318115234375
1693,-37.675025939941406,144.5728759765625
1694,-37.6747932434082,144.57090759277344
1695,-37.674556732177734,144.57601928710938
1696,-37.67423629760742,144.57334899902344
1697,-37.6741943359375,144.572998046875
1698,-37.6739616394043,144.57106018066406
1699,-37.6733512878418,144.5731658935547
1700,-37.67342758178711,144.57315063476562
1701,-37.67412567138672,144.57301330566406
1702,-37.674293518066406,144.57333374023438
1703,-37.674991607666016,144.5731964111328
1704,-37.675079345703125,144.5728759765625
1705,-37.675777435302734,144.57272338867188
1706,-37.67975997924805,144.575439453125
1707,-37.67974853515625,144.57640075683594
1709,-37.679744720458984,144.57656860351562
1710,-37.67973327636719,144.57740783691406
1711,-37.67972946166992,144.57749938964844
1712,-37.67966079711914,144.5764617919922
1713,-37.67887115478515,144.57635498046875
1714,-37.67877578735352,144.5763702392578
1715,-37.67711639404297,144.57669067382812
1716,-37.66807174682617,144.58026123046875
1717,-37.66985702514648,144.5799102783203
1718,-37.670467376708984,144.5797882080078
1719,-37.67067337036133,144.57968139648438
1720,-37.67089080810547,144.57962036132812
1721,-37.67113494873047,144.57960510253906
1722,-37.67135238647461,144.5796356201172
1723,-37.6722526550293,144.5794677734375
1724,-37.6738166809082,144.57919311523438
1726,-37.66883850097656,144.5790557861328
1727,-37.669281005859375,144.5789794921875
1728,-37.6694450378418,144.57901000976562
1729,-37.66959381103515,144.57908630371094
1730,-37.669700622558594,144.5791778564453
1731,-37.66976165771485,144.57928466796875
1732,-37.6698112487793,144.57943725585938
1770,-37.6791877746582,144.57183837890625
1771,-37.67910385131836,144.57203674316406
1772,-37.67937850952149,144.57435607910156
1773,-37.6794319152832,144.5748291015625
1775,-37.67668151855469,144.57582092285156
1776,-37.67678451538086,144.57667541503906
1778,-37.67680358886719,144.57684326171875
1779,-37.67690658569336,144.5777130126953
1780,-37.67691802978515,144.57778930664062
1781,-37.677608489990234,144.57765197753906
1782,-37.6776237487793,144.5778045654297
1783,-37.67771530151367,144.57859802246094
1787,-37.67775344848633,144.57887268066406
1788,-37.67815017700195,144.58213806152344
1789,-37.67813491821289,144.58221435546875
1790,-37.67811965942383,144.582275390625
1791,-37.67816162109375,144.5823516845703
1792,-37.67818069458008,144.58238220214844
1793,-37.67827606201172,144.58323669433594
1794,-37.67828369140625,144.5832977294922
1795,-37.677154541015625,144.58352661132812
1796,-37.67716979980469,144.5836639404297
1797,-37.67769241333008,144.5879669189453
1799,-37.67879486083984,144.5832061767578
1800,-37.678810119628906,144.58334350585938
1801,-37.67928314208984,144.58766174316406
1802,-37.679290771484375,144.58770751953125
1811,-37.67485427856445,144.5855255126953
1812,-37.67485809326172,144.58547973632812
1813,-37.67484664916992,144.58541870117188
1831,-37.67491912841797,144.5861358642578
1832,-37.6747932434082,144.583984375
1833,-37.67549514770508,144.58384704589844
1834,-37.67631912231445,144.58367919921875
1835,-37.676658630371094,144.5836181640625
1836,-37.67797088623047,144.58335876464844
1837,-37.68055725097656,144.58287048339844
1839,-37.68083572387695,144.58285522460938
1840,-37.68171310424805,144.58294677734375
1842,-37.67478942871094,144.58514404296875
1843,-37.674774169921875,144.5849609375
1844,-37.67473220825195,144.58462524414062
1845,-37.67469787597656,144.58444213867188
1857,-37.6601448059082,144.60079956054688
1874,-37.65924453735352,144.600830078125
1877,-37.66255569458008,144.59359741210938
1878,-37.66184997558594,144.59359741210938
1879,-37.66155624389648,144.59365844726562
1880,-37.66257858276367,144.5944366455078
1881,-37.661651611328125,144.594482421875
1882,-37.66248321533203,144.5959014892578
1883,-37.66226959228515,144.5955047607422
1884,-37.66220474243164,144.59544372558594
1885,-37.66213607788086,144.59544372558594
1886,-37.66177749633789,144.5955352783203
1888,-37.66222381591797,144.5990753173828
1889,-37.66518020629883,144.59739685058594
1890,-37.665618896484375,144.5975799560547
1891,-37.66490936279297,144.5978240966797
1892,-37.6645393371582,144.59767150878906
1893,-37.664329528808594,144.59764099121094
1894,-37.667362213134766,144.5979766845703
1895,-37.667236328125,144.59689331054688
1896,-37.68427658081055,144.60464477539062
1897,-37.68416213989258,144.60438537597656
1898,-37.683876037597656,144.60382080078125
1899,-37.683692932128906,144.60350036621094
1900,-37.68307113647461,144.60260009765625
1902,-37.70069885253906,144.60301208496094
1905,-37.7047233581543,144.60227966308594
1935,-37.704612731933594,144.58717346191406
1936,-37.70431900024414,144.5845489501953
1939,-37.70409393310547,144.58306884765625
1940,-37.70383071899414,144.5815887451172
1946,-37.70602798461914,144.59963989257812
1953,-37.70172119140625,144.59552001953125
1990,-37.695457458496094,144.56613159179688
1991,-37.693851470947266,144.57681274414062
1992,-37.69386672973633,144.5769500732422
1993,-37.69390869140625,144.57733154296875
1994,-37.69391250610352,144.5775604248047
1995,-37.693904876708984,144.57778930664062
1996,-37.69391632080078,144.5781707763672
1997,-37.69394302368164,144.57833862304688
1998,-37.69404602050781,144.57875061035156
1999,-37.69409942626953,144.5789794921875
2000,-37.69415664672851,144.5793914794922
2001,-37.693016052246094,144.57749938964844
2002,-37.69306564331055,144.577880859375
2003,-37.693077087402344,144.57815551757812
2004,-37.6931037902832,144.57861328125
2005,-37.6932258605957,144.5795135498047
2006,-37.693267822265625,144.57958984375
2007,-37.69334030151367,144.5796356201172
2008,-37.69350814819336,144.57962036132812
2009,-37.69370651245117,144.57960510253906
2010,-37.6939811706543,144.57949829101562
2012,-37.69510269165039,144.5792999267578
2013,-37.69511795043945,144.57943725585938
2014,-37.69522857666016,144.58035278320312
2015,-37.695343017578125,144.58128356933594
2016,-37.69535446166992,144.5813751220703
2020,-37.69452667236328,144.57940673828125
2021,-37.69493103027344,144.57933044433594
2022,-37.696285247802734,144.57907104492188
2023,-37.696651458740234,144.57899475097656
2024,-37.697540283203125,144.57884216308594
2025,-37.697998046875,144.57875061035156
2029,-37.69778823852539,144.58091735839844
2030,-37.697662353515625,144.57989501953125
2031,-37.69755554199219,144.57896423339844
2032,-37.69761276245117,144.5799102783203
2033,-37.69527816772461,144.58035278320312
2034,-37.673831939697266,144.58567810058594
2035,-37.673736572265625,144.58570861816406
2036,-37.67341232299805,144.5858612060547
2037,-37.67319869995117,144.5860595703125
2038,-37.67316055297851,144.5861053466797
2049,-37.72650909423828,144.57293701171875
2052,-37.7095947265625,144.5474395751953
2053,-37.70936965942383,144.54713439941406
2054,-37.70927429199219,144.54690551757812
2055,-37.70914840698242,144.54661560058594
2056,-37.70906448364258,144.5463409423828
2057,-37.709007263183594,144.5460205078125
2063,-37.70882797241211,144.54595947265625
2066,-37.66514587402344,144.598388671875
2067,-37.665313720703125,144.59840393066406
2068,-37.66571807861328,144.598388671875
2069,-37.67398452758789,144.58676147460938
2070,-37.67359161376953,144.5869140625
2072,-37.67402267456055,144.58766174316406
2073,-37.6740837097168,144.58743286132812
2074,-37.674095153808594,144.58729553222656
2075,-37.67408752441406,144.58717346191406
2076,-37.67403030395508,144.58633422851562
2081,-37.6705322265625,144.55538940429688
2082,-37.67034530639648,144.55528259277344
2083,-37.67008209228515,144.55523681640625
2084,-37.66981887817383,144.5552520751953
2085,-37.66939926147461,144.55532836914062
2086,-37.66922378540039,144.55535888671875
2087,-37.668983459472656,144.55548095703125
2088,-37.6688117980957,144.55563354492188
2089,-37.66867446899414,144.55581665039062
2090,-37.66863250732422,144.55589294433594
2091,-37.66855239868164,144.5561065673828
2092,-37.66851043701172,144.5563201904297
2093,-37.66852569580078,144.556640625
2094,-37.66856002807617,144.5569610595703
2095,-37.66861343383789,144.55740356445312
2096,-37.66862869262695,144.55752563476562
2097,-37.66864013671875,144.5576171875
2099,-37.66866683959961,144.55784606933594
2100,-37.66867446899414,144.55795288085938
2101,-37.668697357177734,144.5581512451172
2122,-37.712791442871094,144.5628204345703
2123,-37.71280288696289,144.56292724609375
2124,-37.71290588378906,144.5639190673828
2125,-37.71296691894531,144.5643310546875
2126,-37.71297836303711,144.56460571289062
2127,-37.71295547485352,144.5648956298828
2128,-37.712894439697266,144.5652313232422
2129,-37.7127685546875,144.56553649902344
2130,-37.71174621582031,144.5673370361328
2163,-37.6925163269043,144.5499267578125
2164,-37.6923713684082,144.5487518310547
2165,-37.692344665527344,144.54855346679688
2194,-37.70259094238281,144.5462188720703
2195,-37.70270156860352,144.5461883544922
2196,-37.702911376953125,144.54615783691406
2197,-37.7032470703125,144.54608154296875
2199,-37.70613861083984,144.54551696777344
2202,-37.71194076538086,144.54443359375
2227,-37.69633483886719,144.57632446289062
2228,-37.69596481323242,144.57638549804688
2250,-37.68649673461914,144.55825805664062
2256,-37.68373107910156,144.57870483398438
2261,-37.68583297729492,144.5589141845703
2266,-37.68758773803711,144.5592041015625
2274,-37.64995574951172,144.62039184570312
2275,-37.65272521972656,144.61993408203125
2277,-37.65680694580078,144.6192626953125
2278,-37.65973281860352,144.6187744140625
2279,-37.66361618041992,144.61807250976562
2280,-37.664588928222656,144.617919921875
2281,-37.6662712097168,144.61764526367188
2282,-37.67685317993164,144.61581420898438
2283,-37.67796325683594,144.6156463623047
2295,-37.66317367553711,144.56541442871094
2296,-37.6632080078125,144.56512451171875
2298,-37.663238525390625,144.5643768310547
2299,-37.66322708129883,144.56405639648438
2301,-37.66155242919922,144.5729522705078
2307,-37.66096496582031,144.57289123535156
2308,-37.65974044799805,144.5731201171875
2312,-37.67829513549805,144.55091857910156
2313,-37.67844009399414,144.55088806152344
2316,-37.680267333984375,144.550537109375
2322,-37.68840408325195,144.56382751464844
2351,-37.68616485595703,144.5679168701172
2352,-37.68619918823242,144.5679168701172
2353,-37.68631362915039,144.56788635253906
2355,-37.68020248413086,144.56887817382812
2356,-37.680023193359375,144.56890869140625
2358,-37.67943572998047,144.56903076171875
2360,-37.671443939208984,144.5613555908203
2361,-37.67156982421875,144.5621795654297
2362,-37.67163848876953,144.56265258789062
2363,-37.67179870605469,144.5632781982422
2385,-37.68586730957031,144.54959106445312
2416,-37.698001861572266,144.5424346923828
2417,-37.69804000854492,144.5425567626953
2420,-37.695091247558594,144.54286193847656
2445,-37.69819259643555,144.5423126220703
2446,-37.69874572753906,144.54220581054688
2447,-37.69881439208984,144.5421905517578
2458,-37.69684982299805,144.54388427734375
2481,-37.69727325439453,144.54244995117188
2482,-37.69725036621094,144.54225158691406
2483,-37.69719314575195,144.54177856445312
2484,-37.697166442871094,144.54161071777344
2485,-37.69712829589844,144.54147338867188
2486,-37.69706726074219,144.54135131835938
2488,-37.696998596191406,144.54124450683594
2489,-37.69691848754883,144.54115295410156
2490,-37.69688415527344,144.54112243652344
2491,-37.696834564208984,144.5410919189453
2493,-37.69664764404297,144.54100036621094
2494,-37.6965446472168,144.5409393310547
2496,-37.69633483886719,144.54078674316406
2497,-37.69623565673828,144.5406951904297
2498,-37.69614791870117,144.54061889648438
2499,-37.69607162475586,144.5405731201172
2500,-37.69596099853515,144.54051208496094
2501,-37.695831298828125,144.5404510498047
2503,-37.69562530517578,144.540283203125
2504,-37.69552230834961,144.54019165039062
2505,-37.695438385009766,144.54013061523438
2507,-37.69528579711914,144.5400390625
2508,-37.69519805908203,144.54000854492188
2509,-37.69512176513672,144.5399932861328
2510,-37.69502639770508,144.5399932861328
2511,-37.694915771484375,144.5399932861328
2515,-37.69190216064453,144.54348754882812
2516,-37.69194030761719,144.54347229003906
2524,-37.69102096557617,144.54347229003906
2525,-37.690956115722656,144.54287719726562
2526,-37.69083404541016,144.54188537597656
2527,-37.690711975097656,144.54087829589844
2528,-37.69059753417969,144.53994750976562
2536,-37.69569396972656,144.54135131835938
2537,-37.69550704956055,144.54177856445312
2538,-37.69292449951172,144.54327392578125
2539,-37.69375228881836,144.54312133789062
2540,-37.69390106201172,144.5430908203125
2541,-37.694705963134766,144.54293823242188
2546,-37.69533157348633,144.5404052734375
2548,-37.695308685302734,144.54061889648438
2549,-37.6953239440918,144.54074096679688
2550,-37.695350646972656,144.5408477783203
2551,-37.69540786743164,144.54100036621094
2552,-37.69547653198242,144.5410919189453
2553,-37.6955451965332,144.54116821289062
2555,-37.69611358642578,144.54156494140625
2556,-37.696231842041016,144.5416259765625
2557,-37.69635009765625,144.54165649414062
2558,-37.69644927978515,144.54165649414062
2559,-37.69657897949219,144.54164123535156
2560,-37.69667053222656,144.54159545898438
2561,-37.69681167602539,144.54151916503906
2565,-37.69786071777344,144.54232788085938
2566,-37.69668960571289,144.5425567626953
2567,-37.69798278808594,144.5420684814453
2568,-37.69793319702149,144.5417022705078
2569,-37.69789123535156,144.54132080078125
2570,-37.69786834716797,144.54116821289062
2572,-37.69776153564453,144.54083251953125
2574,-37.69754409790039,144.54055786132812
2575,-37.69743347167969,144.54046630859375
2576,-37.69723129272461,144.5403289794922
2577,-37.69718551635742,144.540283203125
2578,-37.69594955444336,144.5394287109375
2579,-37.695465087890625,144.53909301757812
2580,-37.69539642333984,144.5390625
2583,-37.69509506225586,144.53900146484375
2584,-37.69454574584961,144.5391082763672
2589,-37.69487380981445,144.5426483154297
2592,-37.691707611083984,144.54324340820312
2594,-37.6949348449707,144.54315185546875
2595,-37.691619873046875,144.5425262451172
2596,-37.69160842895508,144.5424346923828
2597,-37.69150924682617,144.5416259765625
2598,-37.69149398803711,144.54150390625
2599,-37.69139862060547,144.5407257080078
2600,-37.6913948059082,144.54067993164062
2601,-37.69129943847656,144.53990173339844
2627,-37.695682525634766,144.54360961914062
2628,-37.695655822753906,144.5434112548828
2631,-37.6917724609375,144.54379272460938
2632,-37.693885803222656,144.5429229736328
2634,-37.69376373291016,144.54196166992188
2635,-37.693695068359375,144.54135131835938
2636,-37.69367599487305,144.5412139892578
2637,-37.684932708740234,144.56344604492188
2649,-37.68765640258789,144.5657958984375
2676,-37.686378479003906,144.56787109375
2689,-37.6855583190918,144.56777954101562
2698,-37.68510055541992,144.5679931640625
2700,-37.692989349365234,144.60765075683594
2701,-37.69346618652344,144.60833740234375
2702,-37.693904876708984,144.6089630126953
2708,-37.69147109985352,144.6055908203125
2727,-37.71285629272461,144.5762176513672
2728,-37.71282958984375,144.57626342773438
2729,-37.7124137878418,144.5769805908203
2730,-37.712379455566406,144.57704162597656
2732,-37.709659576416016,144.57925415039062
2733,-37.70944595336914,144.5775909423828
2739,-37.712947845458984,144.57533264160156
2740,-37.71290588378906,144.5755157470703
2741,-37.71267318725586,144.575927734375
2742,-37.71262741088867,144.5760040283203
2743,-37.71498107910156,144.57850646972656
2745,-37.71466064453125,144.5785675048828
2746,-37.71424102783203,144.57864379882812
2747,-37.71406936645508,144.57870483398438
2751,-37.71347427368164,144.57904052734375
2753,-37.71318817138672,144.57911682128906
2754,-37.71302795410156,144.57913208007812
2755,-37.712860107421875,144.57911682128906
2756,-37.712677001953125,144.57907104492188
2758,-37.712345123291016,144.57904052734375
2760,-37.71209716796875,144.57913208007812
2761,-37.71197509765625,144.5792694091797
2762,-37.71176528930664,144.57943725585938
2763,-37.71146774291992,144.57948303222656
2764,-37.71120071411133,144.5793914794922
2766,-37.71062469482422,144.57891845703125
2768,-37.71026611328125,144.5789337158203
2769,-37.71009063720703,144.5790252685547
2770,-37.70920944213867,144.5797119140625
2771,-37.70893859863281,144.57994079589844
2772,-37.70867538452149,144.58006286621094
2773,-37.708343505859375,144.58018493652344
2774,-37.70767593383789,144.580322265625
2775,-37.70737838745117,144.5803680419922
2776,-37.70718002319336,144.5803680419922
2786,-37.711273193359375,144.57847595214844
2787,-37.711151123046875,144.5787353515625
2788,-37.7109489440918,144.57904052734375
2790,-37.71478271484375,144.5774383544922
2791,-37.714447021484375,144.57749938964844
2792,-37.71434020996094,144.57749938964844
2793,-37.714229583740234,144.5774688720703
2794,-37.71352005004883,144.57681274414062
2795,-37.71187973022461,144.5753173828125
2797,-37.711669921875,144.5752410888672
2798,-37.71122360229492,144.5753173828125
2799,-37.71018981933594,144.5755157470703
2800,-37.710052490234375,144.57554626464844
2801,-37.70929336547851,144.57569885253906
2803,-37.710304260253906,144.57760620117188
2804,-37.71036529541016,144.5775909423828
2805,-37.711181640625,144.57742309570312
2806,-37.7113037109375,144.5774383544922
2807,-37.71144485473633,144.57749938964844
2808,-37.71245193481445,144.5784454345703
2809,-37.71250915527344,144.57852172851562
2810,-37.7125244140625,144.57858276367188
2817,-37.706790924072266,144.57992553710938
2818,-37.706756591796875,144.58023071289062
2819,-37.70938873291016,144.5775909423828
2822,-37.70863723754883,144.57781982421875
2823,-37.708740234375,144.57879638671875
2824,-37.708683013916016,144.5789031982422
2825,-37.7086181640625,144.5789794921875
2827,-37.710060119628906,144.5756072998047
2828,-37.710174560546875,144.57655334472656
2829,-37.710472106933594,144.57879638671875
2830,-37.71356201171875,144.57675170898438
2831,-37.71377944946289,144.57640075683594
2832,-37.71381378173828,144.5762481689453
2833,-37.713829040527344,144.5760955810547
2834,-37.71382141113281,144.575927734375
2835,-37.71361541748047,144.57415771484375
2836,-37.712154388427734,144.5744171142578
2837,-37.71202850341797,144.57449340820312
2838,-37.711891174316406,144.57464599609375
2839,-37.71182632446289,144.57484436035156
2840,-37.71177673339844,144.57513427734375
2841,-37.713836669921875,144.5787353515625
2842,-37.71368789672851,144.57833862304688
2843,-37.713600158691406,144.57818603515625
2844,-37.71344757080078,144.57803344726562
2845,-37.71167755126953,144.57640075683594
2846,-37.71153259277344,144.57635498046875
2847,-37.711402893066406,144.5763397216797
2848,-37.710235595703125,144.57655334472656
2849,-37.71009063720703,144.56654357910156
2850,-37.71078872680664,144.5671844482422
2851,-37.711387634277344,144.56776428222656
2852,-37.711463928222656,144.5678253173828
2853,-37.71010208129883,144.57473754882812
2854,-37.71017837524414,144.57542419433594
2855,-37.71181106567383,144.57220458984375
2856,-37.71168899536133,144.57118225097656
2857,-37.711524963378906,144.56988525390625
2858,-37.71151351928711,144.56964111328125
2859,-37.71156311035156,144.5694580078125
2860,-37.71184539794922,144.56895446777344
2861,-37.711883544921875,144.56887817382812
2862,-37.71083068847656,144.56712341308594
2863,-37.71196365356445,144.5651397705078
2864,-37.71204376220703,144.5649871826172
2865,-37.71208953857422,144.56483459472656
2866,-37.71211242675781,144.564697265625
2867,-37.71212387084961,144.56454467773438
2868,-37.71209716796875,144.56411743164062
2869,-37.71209335327149,144.56407165527344
2870,-37.71344375610352,144.5678253173828
2871,-37.71342468261719,144.56764221191406
2872,-37.713382720947266,144.5674591064453
2873,-37.71300506591797,144.56707763671875
2874,-37.71297073364258,144.56704711914062
2875,-37.71236801147461,144.56802368164062
2876,-37.7124137878418,144.5679473876953
2877,-37.7132682800293,144.56654357910156
2878,-37.713321685791016,144.56643676757812
2879,-37.71340560913086,144.56634521484375
2880,-37.71350860595703,144.5662841796875
2881,-37.713623046875,144.5662384033203
2897,-37.71120071411133,144.56826782226562
2898,-37.71125793457031,144.5683135986328
2899,-37.71263885498047,144.569580078125
2900,-37.71300506591797,144.56991577148438
2902,-37.713626861572266,144.5705108642578
2903,-37.71369171142578,144.57061767578125
2904,-37.7137451171875,144.57077026367188
2905,-37.713863372802734,144.57180786132812
2906,-37.71397399902344,144.57275390625
2907,-37.7140007019043,144.57298278808594
2908,-37.71113204956055,144.57456970214844
2909,-37.711212158203125,144.57522583007812
2911,-37.7088737487793,144.56369018554688
2912,-37.70899200439453,144.5646514892578
2913,-37.709232330322266,144.56668090820312
2914,-37.70926284790039,144.56692504882812
2915,-37.70930099487305,144.56707763671875
2916,-37.70938873291016,144.5672149658203
2917,-37.70966339111328,144.5674591064453
2918,-37.70998001098633,144.5677490234375
2919,-37.71090316772461,144.568603515625
2920,-37.710968017578125,144.56866455078125
2921,-37.713504791259766,144.56906127929688
2934,-37.69480514526367,144.57826232910156
2935,-37.69486618041992,144.57826232910156
2936,-37.6956787109375,144.57810974121094
2937,-37.69652557373047,144.57794189453125
2949,-37.69664764404297,144.5789337158203
2950,-37.69646453857422,144.577392578125
2951,-37.69635009765625,144.57644653320312
2963,-37.6965217590332,144.577392578125
2964,-37.697147369384766,144.57730102539062
2977,-37.69470977783203,144.57745361328125
2978,-37.694923400878906,144.57925415039062
2983,-37.694000244140625,144.57965087890625
2984,-37.69427108764648,144.58212280273438
2985,-37.695674896240234,144.5780487060547
2986,-37.69558334350586,144.5773162841797
2987,-37.713924407958984,144.56869506835938
2988,-37.71380615234375,144.5687255859375
2989,-37.713714599609375,144.56878662109375
2990,-37.7136344909668,144.56886291503906
2991,-37.71304702758789,144.56983947753906
2992,-37.71378326416016,144.5718231201172
2993,-37.711055755615234,144.5723419189453
2994,-37.71100234985352,144.57235717773438
2995,-37.71443557739258,144.56993103027344
2996,-37.71436309814453,144.5699462890625
2998,-37.71397018432617,144.57003784179688
2999,-37.71390914916992,144.57008361816406
3000,-37.713836669921875,144.5701904296875
3001,-37.71368408203125,144.57044982910156
3002,-37.71623992919922,144.5660400390625
3003,-37.71630096435547,144.5665283203125
3004,-37.71638870239258,144.5672607421875
3005,-37.71639251708984,144.56732177734375
3006,-37.71648025512695,144.56805419921875
3007,-37.716495513916016,144.5681610107422
3008,-37.71649932861328,144.56825256347656
3009,-37.716495513916016,144.56834411621094
3010,-37.71648025512695,144.56842041015625
3011,-37.7164306640625,144.56866455078125
3012,-37.71881484985352,144.56874084472656
3013,-37.71883392333984,144.56887817382812
3014,-37.718868255615234,144.5691680908203
3015,-37.71893310546875,144.56976318359375
3016,-37.71903991699219,144.57064819335938
3017,-37.71903610229492,144.5707244873047
3018,-37.719017028808594,144.57077026367188
3020,-37.718955993652344,144.5708465576172
3021,-37.71890640258789,144.57086181640625
3022,-37.718841552734375,144.57086181640625
3023,-37.718719482421875,144.5708770751953
3024,-37.71721267700195,144.5711669921875
3025,-37.71710205078125,144.57119750976562
3026,-37.71692657470703,144.5712890625
3027,-37.716819763183594,144.5713348388672
3028,-37.7166862487793,144.57138061523438
3029,-37.71632766723633,144.57144165039062
3030,-37.71624755859375,144.5714569091797
3031,-37.71236038208008,144.57009887695312
3032,-37.71260070800781,144.5696563720703
3033,-37.71464920043945,144.57159423828125
3034,-37.71540451049805,144.5714569091797
3035,-37.71555709838867,144.5714111328125
3036,-37.715675354003906,144.5713348388672
3037,-37.715843200683594,144.5712127685547
3038,-37.71612548828125,144.5711669921875
3039,-37.716209411621094,144.57115173339844
3040,-37.71779251098633,144.56996154785156
3041,-37.71885299682617,144.56982421875
3042,-37.71335983276367,144.5703582763672
3043,-37.71311950683594,144.57078552246094
3044,-37.71306991577149,144.5708465576172
3045,-37.71299362182617,144.57090759277344
3046,-37.71174621582031,144.5711669921875
3054,-37.6760368347168,144.59547424316406
3071,-37.6861457824707,144.5658721923828
3072,-37.68619537353515,144.56578063964844
3073,-37.686283111572266,144.56564331054688
3076,-37.68635177612305,144.5654754638672
3077,-37.686370849609375,144.56527709960938
3078,-37.6863899230957,144.5650634765625
3079,-37.686405181884766,144.56492614746094
3080,-37.6864128112793,144.56484985351562
3081,-37.68643569946289,144.56480407714844
3082,-37.686500549316406,144.5647735595703
3086,-37.6862907409668,144.56639099121094
3095,-37.68718338012695,144.5673370361328
3106,-37.686885833740234,144.56761169433594
3116,-37.68661117553711,144.56747436523438
3118,-37.68660736083984,144.5676727294922
3151,-37.68513488769531,144.56710815429688
3153,-37.68511199951172,144.56692504882812
3154,-37.68508529663086,144.56674194335938
3161,-37.6848030090332,144.56724548339844
3176,-37.685665130615234,144.56631469726562
3185,-37.68485641479492,144.56747436523438
3220,-37.685298919677734,144.56410217285156
3221,-37.68528747558594,144.5642852783203
3222,-37.68527603149414,144.56446838378906
3223,-37.685264587402344,144.56463623046875
3224,-37.68524932861328,144.56483459472656
3225,-37.68523788452149,144.56503295898438
3226,-37.68522644042969,144.56521606445312
3227,-37.685211181640625,144.56546020507812
3228,-37.685203552246094,144.56564331054688
3243,-37.68787384033203,144.565673828125
3259,-37.68757629394531,144.56663513183594
3273,-37.685760498046875,144.55007934570312
3351,-37.68598937988281,144.5426788330078
3368,-37.68656921386719,144.54408264160156
3387,-37.69826889038086,144.6034698486328
3397,-37.66905975341797,144.5989532470703
3409,-37.6838493347168,144.57913208007812
3410,-37.683815002441406,144.5795440673828
3411,-37.68380355834961,144.57968139648438
3414,-37.68459701538086,144.57923889160156
3419,-37.68377685546875,144.58041381835938
3420,-37.68380355834961,144.5797882080078
3438,-37.68265914916992,144.5773162841797
3439,-37.682621002197266,144.577392578125
3440,-37.68260192871094,144.57765197753906
3469,-37.68256378173828,144.62445068359375
3470,-37.68566131591797,144.623779296875
3471,-37.68888092041016,144.6231231689453
3472,-37.69244766235352,144.62255859375
3473,-37.70092010498047,144.6212615966797
3475,-37.693328857421875,144.63113403320312
3480,-37.69318771362305,144.6324005126953
3484,-37.69274139404297,144.6329345703125
3485,-37.69113540649414,144.63429260253906
3487,-37.69073486328125,144.63455200195312
3490,-37.69023132324219,144.6346893310547
3491,-37.68650817871094,144.63531494140625
3493,-37.6800422668457,144.6412353515625
3499,-37.68008804321289,144.6396026611328
3507,-37.6807975769043,144.637939453125
3512,-37.68227767944336,144.6362762451172
3513,-37.68245315551758,144.6360626220703
3529,-37.682918548583984,144.63058471679688
3540,-37.73638916015625,144.61509704589844
3541,-37.73182678222656,144.6159210205078
3544,-37.71949005126953,144.63621520996094
3546,-37.71799087524414,144.63645935058594
3550,-37.736907958984375,144.614990234375
3569,-37.69682312011719,144.61282348632812
3573,-37.68251037597656,144.6129913330078
3610,-37.684810638427734,144.60572814941406
3611,-37.68467712402344,144.60546875
3653,-37.70271682739258,144.60247802734375
3665,-37.707298278808594,144.6016387939453
3686,-37.69890975952149,144.60279846191406
3707,-37.70513916015625,144.60203552246094
3716,-37.71519470214844,144.5802459716797
3718,-37.71500015258789,144.57864379882812
3719,-37.70949172973633,144.6012420654297
3721,-37.710418701171875,144.60107421875
3723,-37.71233749389648,144.6353302001953
3728,-37.6861457824707,144.5400390625
3729,-37.686073303222656,144.54122924804688
3730,-37.68600845336914,144.54234313964844
3737,-37.68640899658203,144.535400390625
3739,-37.68636322021485,144.5362548828125
3740,-37.65354919433594,144.6019287109375
3741,-37.64999008178711,144.60260009765625
3742,-37.64933013916016,144.60269165039062
3747,-37.663665771484375,144.55374145507812
3748,-37.65626525878906,144.55517578125
3749,-37.65607070922851,144.55520629882812
3750,-37.655128479003906,144.55538940429688
3753,-37.65372085571289,144.5556640625
3754,-37.65194320678711,144.55601501464844
3768,-37.6561279296875,144.6135711669922
3769,-37.67850112915039,144.587890625
3779,-37.68037796020508,144.5897674560547
3780,-37.67778015136719,144.5942840576172
3782,-37.67700958251953,144.5956268310547
3786,-37.680816650390625,144.5890350341797
3789,-37.68950653076172,144.58370971679688
3790,-37.68944549560547,144.58319091796875
3791,-37.689422607421875,144.58303833007812
3792,-37.689300537109375,144.58201599121094
3793,-37.68905258178711,144.57994079589844
3794,-37.68892288208008,144.57888793945312
3795,-37.68885040283203,144.57827758789062
3796,-37.68951797485352,144.596435546875
3797,-37.68952941894531,144.5965576171875
3798,-37.68959045410156,144.59725952148438
3799,-37.68989181518555,144.59970092773438
3800,-37.69023132324219,144.6010284423828
3801,-37.6902961730957,144.60145568847656
3802,-37.695350646972656,144.5743408203125
3803,-37.6954231262207,144.57432556152344
3804,-37.69598007202149,144.57421875
3809,-37.69548034667969,144.57521057128906
3810,-37.695255279541016,144.57374572753906
3811,-37.69524002075195,144.57363891601562
3814,-37.6949348449707,144.57154846191406
3816,-37.69475173950195,144.5701446533203
3817,-37.694637298583984,144.5692138671875
3819,-37.695220947265625,144.57296752929688
3820,-37.69573211669922,144.5728759765625
3822,-37.695831298828125,144.5728759765625
3824,-37.7059440612793,144.64122009277344
3825,-37.70320129394531,144.62548828125
3829,-37.70266342163086,144.6224822998047
3832,-37.6669921875,144.5364990234375
3833,-37.6669807434082,144.5364227294922
3834,-37.666873931884766,144.53555297851562
3835,-37.66777420043945,144.53636169433594
3836,-37.667762756347656,144.53627014160156
3837,-37.66765975952149,144.53538513183594
3838,-37.66874694824219,144.5469207763672
3839,-37.668739318847656,144.54684448242188
3840,-37.66864013671875,144.54595947265625
3841,-37.66863632202149,144.54579162597656
3843,-37.668678283691406,144.5454559326172
3844,-37.668739318847656,144.54525756835938
3845,-37.6688232421875,144.5450897216797
3846,-37.66902160644531,144.5447540283203
3847,-37.66914749145508,144.54454040527344
3848,-37.66934967041016,144.54420471191406
3849,-37.6694221496582,144.54403686523438
3850,-37.66947555541992,144.54385375976562
3851,-37.66949462890625,144.54364013671875
3852,-37.669490814208984,144.5435028076172
3853,-37.66944885253906,144.54318237304688
3854,-37.6693115234375,144.5420379638672
3855,-37.66929244995117,144.5418701171875
3856,-37.66925811767578,144.54156494140625
3857,-37.66922378540039,144.54135131835938
3860,-37.669132232666016,144.54083251953125
3861,-37.66910171508789,144.5407257080078
3864,-37.66908264160156,144.54049682617188
3865,-37.66899871826172,144.539794921875
3866,-37.66889572143555,144.53892517089844
3867,-37.66878890991211,144.53805541992188
3868,-37.66872024536133,144.5374755859375
3869,-37.668701171875,144.53732299804688
3874,-37.66866683959961,144.53704833984375
3875,-37.668663024902344,144.5369873046875
3876,-37.668609619140625,144.53656005859375
3877,-37.668575286865234,144.5363311767578
3882,-37.66854476928711,144.5360565185547
3883,-37.66844940185547,144.53524780273438
3885,-37.66620635986328,144.5365753173828
3886,-37.66618347167969,144.53651428222656
3887,-37.66608428955078,144.5356903076172
3906,-37.66730499267578,144.54879760742188
3908,-37.66327667236328,144.54139709472656
3909,-37.663185119628906,144.54141235351562
3910,-37.66267395019531,144.54151916503906
3911,-37.662628173828125,144.54150390625
3912,-37.662593841552734,144.54147338867188
3913,-37.66258239746094,144.54141235351562
3914,-37.66229248046875,144.53895568847656
3915,-37.66230773925781,144.5386505126953
3917,-37.66230392456055,144.53854370117188
3918,-37.662227630615234,144.537841796875
3920,-37.66220474243164,144.53765869140625
3922,-37.662166595458984,144.537109375
3923,-37.662166595458984,144.5369415283203
3925,-37.662139892578125,144.53677368164062
3926,-37.662132263183594,144.5365753173828
3928,-37.66619873046875,144.55099487304688
3930,-37.66712188720703,144.54786682128906
3931,-37.66657638549805,144.5479278564453
3933,-37.66641616821289,144.54791259765625
3937,-37.663299560546875,144.54624938964844
3939,-37.66282272338867,144.54608154296875
3948,-37.66600799560547,144.55288696289062
3949,-37.665985107421875,144.5526580810547
3950,-37.66593551635742,144.55227661132812
3951,-37.66592788696289,144.55209350585938
3955,-37.665985107421875,144.55154418945312
3956,-37.66603469848633,144.55137634277344
3957,-37.66609191894531,144.55120849609375
3958,-37.66638946533203,144.5506134033203
3959,-37.66643524169922,144.5504913330078
3960,-37.66647720336914,144.55035400390625
3961,-37.666507720947266,144.55018615722656
3963,-37.66652297973633,144.54991149902344
3964,-37.6665153503418,144.5497589111328
3965,-37.66646957397461,144.5491485595703
3968,-37.66646194458008,144.5489501953125
3976,-37.667842864990234,144.55267333984375
3977,-37.66780090332031,144.55267333984375
3978,-37.66641998291016,144.55294799804688
3979,-37.66638946533203,144.55296325683594
3997,-37.668251037597656,144.55313110351562
3998,-37.668514251708984,144.55308532714844
3999,-37.66877746582031,144.5530242919922
4000,-37.66880416870117,144.55300903320312
4003,-37.66893005371094,144.55271911621094
4005,-37.665958404541016,144.55348205566406
4007,-37.6660041809082,144.55368041992188
4008,-37.66603469848633,144.553955078125
4009,-37.66606903076172,144.5541534423828
4010,-37.66611099243164,144.55435180664062
4011,-37.66615676879883,144.55450439453125
4012,-37.66620635986328,144.55467224121094
4013,-37.666255950927734,144.5548095703125
4014,-37.666282653808594,144.55490112304688
4016,-37.66634368896485,144.55517578125
4018,-37.666404724121094,144.55555725097656
4021,-37.66652297973633,144.55654907226562
4026,-37.66643142700195,144.5567626953125
4027,-37.66584014892578,144.5518035888672
4051,-37.666229248046875,144.55868530273438
4052,-37.666229248046875,144.55873107910156
4053,-37.66631317138672,144.55943298339844
4054,-37.66641998291016,144.56033325195312
4055,-37.666473388671875,144.5607452392578
4056,-37.66651153564453,144.56105041503906
4057,-37.66653060913086,144.5612030029297
4058,-37.666629791259766,144.56195068359375
4059,-37.666648864746094,144.5620880126953
4060,-37.666656494140625,144.56216430664062
4061,-37.66669464111328,144.5625457763672
4062,-37.66678237915039,144.5632781982422
4063,-37.66682052612305,144.5634002685547
4064,-37.66688537597656,144.5635223388672
4065,-37.66694259643555,144.56361389160156
4074,-37.66570663452149,144.54908752441406
4075,-37.66504669189453,144.54107666015625
4076,-37.66497802734375,144.54107666015625
4077,-37.66386032104492,144.54129028320312
4078,-37.66722869873047,144.5383758544922
4079,-37.667179107666016,144.5383758544922
4080,-37.666229248046875,144.53855895996094
4084,-37.66593933105469,144.55682373046875
4085,-37.66590118408203,144.55682373046875
4086,-37.66451644897461,144.55709838867188
4088,-37.664363861083984,144.55712890625
4089,-37.66414642333984,144.5571746826172
4090,-37.6647834777832,144.55128479003906
4091,-37.66484451293945,144.5513916015625
4092,-37.665008544921875,144.5516815185547
4093,-37.66505432128906,144.55177307128906
4095,-37.665077209472656,144.5519561767578
4096,-37.665077209472656,144.5521240234375
4097,-37.66506576538086,144.5521697998047
4099,-37.665000915527344,144.55224609375
4100,-37.664772033691406,144.55235290527344
4101,-37.66339111328125,144.54237365722656
4102,-37.66338348388672,144.5422821044922
4103,-37.66305923461914,144.53955078125
4105,-37.66304016113281,144.5393829345703
4106,-37.662940979003906,144.53854370117188
4107,-37.67158126831055,144.54681396484375
4109,-37.671607971191406,144.54702758789062
4116,-37.66493225097656,144.54010009765625
4117,-37.66486740112305,144.5401153564453
4118,-37.66374588012695,144.5403289794922
4119,-37.666954040527344,144.5487060546875
4122,-37.66716766357422,144.5487518310547
4123,-37.666133880615234,144.5568084716797
4128,-37.66606140136719,144.55702209472656
4129,-37.66613006591797,144.5575714111328
4131,-37.666236877441406,144.5584259033203
4134,-37.66744613647461,144.54013061523438
4135,-37.66738510131836,144.54014587402344
4136,-37.66654586791992,144.54029846191406
4148,-37.66746139526367,144.5487060546875
4149,-37.66749954223633,144.54867553710938
4168,-37.66596603393555,144.55079650878906
4169,-37.66588592529297,144.55075073242188
4170,-37.6657829284668,144.5507049560547
4171,-37.665679931640625,144.55068969726562
4172,-37.66556930541992,144.55068969726562
4173,-37.66545867919922,144.55072021484375
4176,-37.665260314941406,144.55087280273438
4177,-37.66433334350586,144.55169677734375
4178,-37.66424560546875,144.55174255371094
4179,-37.66415023803711,144.5517578125
4180,-37.664024353027344,144.55177307128906
4181,-37.66394805908203,144.55178833007812
4185,-37.666690826416016,144.54876708984375
4187,-37.66606521606445,144.5577392578125
4188,-37.6646728515625,144.55799865722656
4190,-37.66463470458984,144.5580291748047
4191,-37.66462326049805,144.5580596923828
4192,-37.66462707519531,144.55810546875
4193,-37.66471862792969,144.55886840820312
4194,-37.664798736572266,144.55955505371094
4204,-37.664920806884766,144.5596923828125
4205,-37.66625213623047,144.5594482421875
4207,-37.667537689208984,144.54087829589844
4208,-37.66733169555664,144.53919982910156
4209,-37.66713333129883,144.53756713867188
4210,-37.66712188720703,144.5374755859375
4211,-37.66484832763672,144.550048828125
4212,-37.66489791870117,144.5501251220703
4213,-37.66530990600586,144.55075073242188
4220,-37.66636657714844,144.54916381835938
4221,-37.666404724121094,144.54978942871094
4223,-37.666412353515625,144.55006408691406
4225,-37.666378021240234,144.55029296875
4227,-37.666255950927734,144.55062866210938
4229,-37.665958404541016,144.55123901367188
4230,-37.6658935546875,144.5514373779297
4231,-37.66585540771485,144.5516357421875
4232,-37.66582489013672,144.552001953125
4233,-37.66582489013672,144.5522003173828
4234,-37.66584777832031,144.55242919921875
4236,-37.6659049987793,144.5529327392578
4239,-37.66727066040039,144.53921508789062
4240,-37.66643524169922,144.53936767578125
4241,-37.66478729248047,144.55885314941406
4242,-37.66579818725586,144.55865478515625
4245,-37.66596603393555,144.55865478515625
4247,-37.666542053222656,144.55577087402344
4249,-37.66780853271485,144.55316162109375
4250,-37.66782760620117,144.55332946777344
4251,-37.66795349121094,144.55435180664062
4252,-37.66817092895508,144.55621337890625
4253,-37.66818618774414,144.55625915527344
4255,-37.668235778808594,144.55630493164062
4256,-37.66826629638672,144.55630493164062
4258,-37.66404342651367,144.55259704589844
4259,-37.66386413574219,144.55111694335938
4264,-37.666038513183594,144.54872131347656
4266,-37.66593170166016,144.54881286621094
4268,-37.66508865356445,144.54981994628906
4269,-37.665008544921875,144.54991149902344
4271,-37.664520263671875,144.55035400390625
4272,-37.66389465332031,144.5509033203125
4275,-37.66362762451172,144.55105590820312
4276,-37.6634407043457,144.5511474609375
4277,-37.66548538208008,144.54946899414062
4278,-37.66569900512695,144.5497589111328
4280,-37.66571807861328,144.55592346191406
4281,-37.66570281982422,144.5558319091797
4282,-37.66567611694336,144.55564880371094
4283,-37.6656379699707,144.55545043945312
4284,-37.66559219360352,144.55523681640625
4285,-37.66553497314453,144.55503845214844
4286,-37.66546630859375,144.5548095703125
4287,-37.6654167175293,144.55462646484375
4288,-37.66538619995117,144.55450439453125
4289,-37.66535949707031,144.5543670654297
4290,-37.66532516479492,144.5541534423828
4291,-37.66530227661133,144.55401611328125
4292,-37.66529083251953,144.5539093017578
4294,-37.66527557373047,144.55380249023438
4298,-37.665184020996094,144.55374145507812
4299,-37.66419982910156,144.55392456054688
4303,-37.66412734985352,144.5540313720703
4304,-37.66413497924805,144.5540771484375
4305,-37.664154052734375,144.55421447753906
4306,-37.66450500488281,144.55699157714844
4314,-37.666629791259766,144.55657958984375
4315,-37.66657257080078,144.5560302734375
4317,-37.66647720336914,144.5552520751953
4321,-37.66633605957031,144.55470275878906
4322,-37.66627883911133,144.55450439453125
4323,-37.66621780395508,144.55430603027344
4325,-37.6661491394043,144.55397033691406
4326,-37.6661262512207,144.5537872314453
4327,-37.66610336303711,144.55361938476562
4330,-37.66636276245117,144.55580139160156
4331,-37.665809631347656,144.555908203125
4332,-37.66507339477539,144.55604553222656
4336,-37.66499328613281,144.5559539794922
4337,-37.66485977172851,144.55484008789062
4343,-37.664939880371094,144.55471801757812
4344,-37.66534423828125,144.5546417236328
4352,-37.66666412353515,144.5568084716797
4354,-37.66669845581055,144.5569610595703
4363,-37.66700744628906,144.55738830566406
4364,-37.66743087768555,144.5572052001953
4370,-37.667476654052734,144.55699157714844
4371,-37.66740417480469,144.5567169189453
4373,-37.66737365722656,144.55654907226562
4374,-37.66719436645508,144.55506896972656
4379,-37.66708755493164,144.5550079345703
4380,-37.6665153503418,144.55511474609375
4381,-37.66707992553711,144.5541229248047
4382,-37.66705703735352,144.55389404296875
4383,-37.667030334472656,144.5536346435547
4384,-37.66701889038086,144.55355834960938
4385,-37.66700744628906,144.55352783203125
4386,-37.666988372802734,144.55349731445312
4390,-37.666900634765625,144.5535430908203
4391,-37.66689682006836,144.55357360839844
4392,-37.66693878173828,144.55393981933594
4393,-37.66695022583008,144.55397033691406
4401,-37.66558074951172,144.55311584472656
4403,-37.66551208496094,144.55311584472656
4404,-37.6638298034668,144.55343627929688
4411,-37.66716384887695,144.55482482910156
4416,-37.6700325012207,144.5522918701172
4417,-37.66999435424805,144.55226135253906
4419,-37.6699104309082,144.55227661132812
4420,-37.66858673095703,144.55252075195312
4428,-37.67081069946289,144.55262756347656
4429,-37.67067337036133,144.55264282226562
4430,-37.670501708984375,144.55282592773438
4442,-37.67047500610352,144.5527801513672
4445,-37.66948699951172,144.552978515625
4446,-37.669490814208984,144.55303955078125
4447,-37.66951370239258,144.55319213867188
4448,-37.66953659057617,144.55325317382812
4450,-37.66960525512695,144.55335998535156
4451,-37.694671630859375,144.54098510742188
4454,-37.69440460205078,144.54107666015625
4455,-37.694305419921875,144.54107666015625
4456,-37.69418716430664,144.54107666015625
4457,-37.694061279296875,144.5410919189453
4458,-37.69395065307617,144.54112243652344
4459,-37.69382858276367,144.54116821289062
4461,-37.693572998046875,144.5412139892578
4462,-37.69351959228515,144.5412139892578
4463,-37.69345474243164,144.5412139892578
4465,-37.69325256347656,144.54124450683594
4466,-37.693111419677734,144.5413055419922
4470,-37.69269180297851,144.54135131835938
4471,-37.69255065917969,144.5413818359375
4472,-37.692378997802734,144.5414581298828
4473,-37.69226837158203,144.54148864746094
4474,-37.69215774536133,144.54148864746094
4475,-37.69204330444336,144.54148864746094
4476,-37.691932678222656,144.54150390625
4477,-37.69182586669922,144.54153442382812
4478,-37.69165802001953,144.54159545898438
4479,-37.69464874267578,144.54080200195312
4480,-37.694583892822266,144.54026794433594
4481,-37.69292068481445,144.54666137695312
4482,-37.692867279052734,144.5466766357422
4483,-37.69282150268555,144.5466766357422
4486,-37.69283676147461,144.54635620117188
4487,-37.692832946777344,144.54641723632812
4488,-37.69377517700195,144.54464721679688
4489,-37.69381332397461,144.54498291015625
4518,-37.694454193115234,144.5401153564453
4519,-37.69258499145508,144.54391479492188
4520,-37.692535400390625,144.54393005371094
4521,-37.69248962402344,144.5439453125
4524,-37.69258499145508,144.54429626464844
4525,-37.69257354736328,144.5442657470703
4526,-37.692569732666016,144.5442352294922
4527,-37.69367599487305,144.54380798339844
4528,-37.693702697753906,144.54403686523438
4530,-37.69699478149414,144.5450897216797
4531,-37.697021484375,144.54531860351562
4533,-37.69688034057617,144.5441436767578
4537,-37.69267654418945,144.54812622070312
4548,-37.69833755493164,144.54705810546875
4549,-37.692291259765625,144.54840087890625
4560,-37.694793701171875,144.54295349121094
4576,-37.69905090332031,144.54241943359375
4578,-37.69236373901367,144.5483856201172
4582,-37.69999313354492,144.54672241210938
4583,-37.69989013671875,144.5467071533203
4593,-37.69844436645508,144.5470733642578
4595,-37.699825286865234,144.54681396484375
4607,-37.7165412902832,144.64019775390625
4612,-37.68926239013672,144.60313415527344
4615,-37.69011306762695,144.60354614257812
4623,-37.68894577026367,144.60487365722656
4625,-37.689178466796875,144.60482788085938
4627,-37.73610305786133,144.6325225830078
4628,-37.73571014404297,144.62893676757812
4630,-37.73545837402344,144.62733459472656
4631,-37.735111236572266,144.62628173828125
4632,-37.734527587890625,144.62527465820312
4639,-37.7332878112793,144.62388610839844
4641,-37.73161697387695,144.62318420410156
4647,-37.72985076904297,144.62266540527344
4651,-37.729366302490234,144.62081909179688
4665,-37.6898307800293,144.60247802734375
4666,-37.69085311889648,144.60397338867188
4668,-37.69105911254883,144.6040802001953
4672,-37.65446472167969,144.53700256347656
4673,-37.656063079833984,144.5366973876953
4674,-37.66140365600586,144.53565979003906
4675,-37.69291687011719,144.5397491455078
4676,-37.69289016723633,144.5395050048828
4680,-37.6905632019043,144.54090881347656
4681,-37.69049072265625,144.5409393310547
4683,-37.69032287597656,144.54095458984375
4685,-37.69013595581055,144.54095458984375
4686,-37.690040588378906,144.54098510742188
4688,-37.6898078918457,144.54107666015625
4689,-37.68971252441406,144.5410919189453
4690,-37.689598083496094,144.5410919189453
4691,-37.689491271972656,144.5410919189453
4692,-37.68939971923828,144.54110717773438
4701,-37.68912506103515,144.5414276123047
4702,-37.6891975402832,144.54202270507812
4712,-37.689476013183594,144.5421142578125
4714,-37.68963241577149,144.54209899902344
4715,-37.68974685668945,144.54209899902344
4716,-37.68983459472656,144.54208374023438
4718,-37.69001388549805,144.5420379638672
4720,-37.6901969909668,144.54197692871094
4721,-37.69028854370117,144.54196166992188
4722,-37.69037628173828,144.54196166992188
4726,-37.69071960449219,144.5419158935547
4731,-37.69807815551758,144.54428100585938
4733,-37.69786071777344,144.5443115234375
4734,-37.697715759277344,144.5443115234375
4735,-37.69759368896485,144.54432678222656
4736,-37.69744110107422,144.5443878173828
4737,-37.69734573364258,144.54441833496094
4743,-37.69655227661133,144.54458618164062
4744,-37.6964225769043,144.5446014404297
4745,-37.6962776184082,144.5446014404297
4746,-37.69614791870117,144.54461669921875
4747,-37.69596099853515,144.54469299316406
4748,-37.69582748413086,144.5447235107422
4749,-37.69309616088867,144.54119873046875
4750,-37.69306564331055,144.5409698486328
4752,-37.692291259765625,144.5472869873047
4753,-37.694061279296875,144.54693603515625
4754,-37.69449996948242,144.54685974121094
4755,-37.6951789855957,144.54672241210938
4758,-37.697975158691406,144.5433349609375
4759,-37.69784927368164,144.54336547851562
4760,-37.69772720336914,144.54336547851562
4762,-37.69746017456055,144.54339599609375
4763,-37.69731903076172,144.54344177246094
4764,-37.69721603393555,144.54348754882812
4765,-37.69710540771485,144.5435028076172
4766,-37.69699478149414,144.5435028076172
4769,-37.69654846191406,144.54360961914062
4770,-37.696441650390625,144.54364013671875
4771,-37.69632339477539,144.5436553955078
4772,-37.69620132446289,144.5436553955078
4773,-37.69611358642578,144.5436553955078
4774,-37.69599533081055,144.54368591308594
4775,-37.69584274291992,144.5437469482422
4777,-37.695743560791016,144.54383850097656
4778,-37.69573593139648,144.5438995361328
4779,-37.69574737548828,144.54400634765625
4780,-37.69580841064453,144.54454040527344
4781,-37.69593048095703,144.54550170898438
4783,-37.695953369140625,144.54559326171875
4787,-37.6961784362793,144.5455780029297
4788,-37.69635772705078,144.5455322265625
4789,-37.69647216796875,144.54551696777344
4790,-37.69660949707031,144.54551696777344
4797,-37.69747543334961,144.54534912109375
4798,-37.697635650634766,144.5452880859375
4799,-37.69774627685547,144.54525756835938
4800,-37.69788360595703,144.5452423095703
4802,-37.69814682006836,144.54522705078125
4804,-37.69834899902344,144.54518127441406
4810,-37.69032669067383,144.5429229736328
4818,-37.69276809692383,144.54197692871094
4819,-37.69279479980469,144.54222106933594
4824,-37.69533157348633,144.5464630126953
4827,-37.71212387084961,144.5443878173828
4828,-37.712345123291016,144.54434204101562
4829,-37.71293640136719,144.54425048828125
4830,-37.71317672729492,144.54421997070312
4864,-37.68896484375,144.54327392578125
4876,-37.691280364990234,144.54620361328125
4881,-37.691043853759766,144.54388427734375
4882,-37.69105529785156,144.54412841796875
4883,-37.691062927246094,144.5443115234375
4884,-37.69108581542969,144.54457092285156
4885,-37.6911506652832,144.54513549804688
4886,-37.691375732421875,144.54696655273438
4889,-37.69149017333984,144.5470733642578
4890,-37.69206237792969,144.5469512939453
4891,-37.69215774536133,144.54693603515625
4895,-37.69417572021485,144.54013061523438
4896,-37.69404220581055,144.54013061523438
4897,-37.69393157958984,144.54014587402344
4898,-37.69384002685547,144.54017639160156
4899,-37.693729400634766,144.54022216796875
4900,-37.69361877441406,144.54026794433594
4901,-37.693511962890625,144.54026794433594
4902,-37.693382263183594,144.540283203125
4908,-37.69287109375,144.5404052734375
4911,-37.692535400390625,144.54042053222656
4912,-37.69241714477539,144.5404510498047
4913,-37.69229888916016,144.54049682617188
4914,-37.69220733642578,144.54052734375
4915,-37.69209289550781,144.54054260253906
4916,-37.69197845458984,144.54054260253906
4917,-37.69186019897461,144.54055786132812
4918,-37.691776275634766,144.5405731201172
4919,-37.69167709350586,144.5406036376953
4920,-37.69157028198242,144.5406494140625
4921,-37.69149398803711,144.54066467285156
4923,-37.69361877441406,144.54217529296875
4926,-37.693397521972656,144.54220581054688
4927,-37.69326400756836,144.54220581054688
4928,-37.69318008422851,144.54222106933594
4932,-37.69271087646485,144.54234313964844
4935,-37.69240188598633,144.54237365722656
4936,-37.692325592041016,144.5424041748047
4937,-37.69221878051758,144.54244995117188
4939,-37.69204330444336,144.54248046875
4940,-37.69195938110352,144.54248046875
4941,-37.69185256958008,144.54248046875
4942,-37.6917610168457,144.54249572753906
4946,-37.69524765014648,144.5457763671875
4948,-37.69514083862305,144.54580688476562
4950,-37.69493865966797,144.5458526611328
4951,-37.694828033447266,144.5458526611328
4953,-37.69460678100586,144.54586791992188
4955,-37.69441604614258,144.5459442138672
4956,-37.69431686401367,144.5459747314453
4961,-37.69354248046875,144.54612731933594
4962,-37.69342422485352,144.54612731933594
4963,-37.693302154541016,144.54612731933594
4964,-37.69318771362305,144.546142578125
4965,-37.69304656982422,144.5461883544922
4966,-37.69293594360352,144.54623413085938
4970,-37.69281768798828,144.54612731933594
4971,-37.692718505859375,144.54531860351562
4972,-37.69270324707031,144.54519653320312
4973,-37.69261932373047,144.5444793701172
4976,-37.692813873291016,144.5443115234375
4977,-37.69293212890625,144.5442657470703
4978,-37.69303894042969,144.54425048828125
4979,-37.69314956665039,144.54425048828125
4980,-37.693260192871094,144.54425048828125
4989,-37.694122314453125,144.54408264160156
4990,-37.69424057006836,144.54405212402344
4991,-37.694332122802734,144.54400634765625
4992,-37.694454193115234,144.54397583007812
4993,-37.694671630859375,144.54397583007812
4994,-37.694766998291016,144.54396057128906
4995,-37.69486618041992,144.5439453125
4996,-37.69495391845703,144.5438995361328
4997,-37.69502258300781,144.54388427734375
5005,-37.69459915161133,144.54017639160156
5014,-37.69554901123047,144.54664611816406
5015,-37.690059661865234,144.54298400878906
5016,-37.689937591552734,144.54299926757812
5022,-37.68925857543945,144.5426788330078
5023,-37.69715118408203,144.5463409423828
5024,-37.69776153564453,144.5462188720703
5025,-37.698394775390625,144.5460968017578
5026,-37.69512939453125,144.54481506347656
5027,-37.695068359375,144.54483032226562
5028,-37.695037841796875,144.5448455810547
5032,-37.694602966308594,144.54490661621094
5033,-37.694480895996094,144.54493713378906
5034,-37.6943359375,144.54498291015625
5035,-37.6942138671875,144.54502868652344
5042,-37.69335174560547,144.54519653320312
5043,-37.69322967529297,144.54518127441406
5044,-37.69309616088867,144.54519653320312
5045,-37.6930046081543,144.5452117919922
5047,-37.69044876098633,144.54290771484375
5049,-37.694557189941406,144.53990173339844
5050,-37.69452667236328,144.53982543945312
5053,-37.69522857666016,144.54669189453125
5055,-37.69273376464844,144.54171752929688
5056,-37.69059371948242,144.54287719726562
5057,-37.69073486328125,144.5428466796875
5058,-37.690181732177734,144.54295349121094
5059,-37.69303512573242,144.5406951904297
5060,-37.6930046081543,144.54043579101562
5079,-37.6693115234375,144.5526580810547
5083,-37.67067337036133,144.54461669921875
5084,-37.670616149902344,144.54461669921875
5085,-37.67018127441406,144.54469299316406
5086,-37.67008972167969,144.5447235107422
5087,-37.66999435424805,144.54478454589844
5090,-37.66970443725586,144.54505920410156
5091,-37.669395446777344,144.54559326171875
5092,-37.66936874389648,144.54568481445312
5093,-37.66936492919922,144.54576110839844
5094,-37.669471740722656,144.5466766357422
5095,-37.66947937011719,144.5467529296875
5096,-37.66946792602539,144.54684448242188
5098,-37.669403076171875,144.547119140625
5100,-37.672760009765625,144.54757690429688
5101,-37.6726188659668,144.5476837158203
5103,-37.67229843139648,144.54786682128906
5104,-37.67216491699219,144.54791259765625
5105,-37.671905517578125,144.54795837402344
5106,-37.67116165161133,144.548095703125
5108,-37.670860290527344,144.54815673828125
5111,-37.670597076416016,144.54806518554688
5112,-37.67028045654297,144.5478515625
5113,-37.670196533203125,144.5477752685547
5114,-37.670074462890625,144.54759216308594
5115,-37.6699104309082,144.54745483398438
5116,-37.66975402832031,144.54733276367188
5117,-37.66959762573242,144.54722595214844
5118,-37.66915512084961,144.54701232910156
5119,-37.66893768310547,144.5469512939453
5120,-37.66847229003906,144.54693603515625
5121,-37.66838073730469,144.5469512939453
5122,-37.66804122924805,144.54698181152344
5125,-37.66727828979492,144.5470733642578
5126,-37.66717147827149,144.54708862304688
5128,-37.66876983642578,144.54901123046875
5129,-37.66859436035156,144.54978942871094
5130,-37.668575286865234,144.54986572265625
5131,-37.670928955078125,144.54673767089844
5132,-37.670902252197266,144.54664611816406
5133,-37.67091369628906,144.54660034179688
5134,-37.670921325683594,144.54653930664062
5135,-37.670894622802734,144.54644775390625
5136,-37.670745849609375,144.5452117919922
5137,-37.67071914672851,144.54513549804688
5138,-37.67073059082031,144.54507446289062
5139,-37.67073822021485,144.54501342773438
5140,-37.670711517333984,144.54493713378906
5146,-37.670440673828125,144.5437774658203
5147,-37.66974258422851,144.54391479492188
5169,-37.672340393066406,144.54347229003906
5170,-37.6722526550293,144.54348754882812
5171,-37.671531677246094,144.54364013671875
5172,-37.67139434814453,144.5436553955078
5173,-37.67096710205078,144.5437469482422
5174,-37.670902252197266,144.5437469482422
5175,-37.67082595825195,144.54373168945312
5176,-37.670745849609375,144.54373168945312
5178,-37.67061233520508,144.5437774658203
5180,-37.670223236083984,144.55128479003906
5181,-37.669654846191406,144.5513916015625
5183,-37.669586181640625,144.55137634277344
5184,-37.66954803466797,144.55133056640625
5186,-37.669525146484375,144.55123901367188
5187,-37.66947555541992,144.55081176757812
5188,-37.669437408447266,144.55050659179688
5189,-37.66940689086914,144.55039978027344
5190,-37.66934585571289,144.55030822753906
5191,-37.66913604736328,144.5500946044922
5193,-37.66899108886719,144.55001831054688
5194,-37.66803741455078,144.54966735839844
5195,-37.66792297363281,144.5496368408203
5196,-37.66780090332031,144.5496368408203
5197,-37.66740798950195,144.5496826171875
5198,-37.667362213134766,144.54969787597656
5199,-37.66732025146485,144.5497283935547
5201,-37.66728210449219,144.5498504638672
5202,-37.66728973388672,144.55006408691406
5203,-37.66727066040039,144.55027770996094
5204,-37.667236328125,144.5504913330078
5205,-37.66716384887695,144.55081176757812
5206,-37.66706466674805,144.5510711669922
5207,-37.66698455810547,144.55125427246094
5208,-37.66678237915039,144.55165100097656
5209,-37.66666412353515,144.5518798828125
5210,-37.66663360595703,144.5519256591797
5211,-37.666595458984375,144.5519561767578
5212,-37.66655731201172,144.5519561767578
5213,-37.666500091552734,144.5519561767578
5215,-37.6673698425293,144.55186462402344
5216,-37.66732025146485,144.55165100097656
5217,-37.66728591918945,144.5515594482422
5218,-37.66724395751953,144.5514678955078
5220,-37.667083740234375,144.5513153076172
5222,-37.669525146484375,144.5409698486328
5223,-37.669246673583984,144.54103088378906
5226,-37.670467376708984,144.55198669433594
5227,-37.670448303222656,144.55184936523438
5228,-37.67037582397461,144.55125427246094
5229,-37.67030715942383,144.55068969726562
5230,-37.67030334472656,144.5505828857422
5232,-37.67033386230469,144.55023193359375
5234,-37.670406341552734,144.55001831054688
5238,-37.66884994506836,144.53892517089844
5239,-37.66790771484375,144.5391082763672
5240,-37.670040130615234,144.54949951171875
5241,-37.66950607299805,144.54913330078125
5242,-37.669429779052734,144.54910278320312
5243,-37.66930389404297,144.54905700683594
5244,-37.66822052001953,144.5486602783203
5246,-37.66793441772461,144.54859924316406
5247,-37.66781997680664,144.54859924316406
5250,-37.6723518371582,144.55206298828125
5254,-37.6715087890625,144.55210876464844
5255,-37.671268463134766,144.5521697998047
5258,-37.671775817871094,144.55194091796875
5260,-37.67170715332031,144.5519256591797
5261,-37.670875549316406,144.55209350585938
5262,-37.670841217041016,144.55210876464844
5265,-37.66883087158203,144.55166625976562
5266,-37.66876220703125,144.5510711669922
5269,-37.66893005371094,144.53981018066406
5270,-37.66801452636719,144.53997802734375
5282,-37.66730499267578,144.54112243652344
5283,-37.66743469238281,144.541015625
5285,-37.667633056640625,144.5409393310547
5286,-37.668155670166016,144.5408477783203
5287,-37.66899871826172,144.54067993164062
5294,-37.669918060302734,144.55279541015625
5303,-37.66911315917969,144.5373992919922
5304,-37.66880416870117,144.53746032714844
5305,-37.67057037353515,144.54812622070312
5310,-37.67013931274414,144.54867553710938
5312,-37.66995620727539,144.54864501953125
5315,-37.66971969604492,144.5485076904297
5317,-37.66959381103515,144.54833984375
5318,-37.66946792602539,144.54815673828125
5319,-37.66937255859375,144.54803466796875
5320,-37.66926193237305,144.54794311523438
5321,-37.66917419433594,144.5478973388672
5323,-37.66895294189453,144.5478515625
5324,-37.66880798339844,144.54786682128906
5325,-37.66845703125,144.5478973388672
5326,-37.66783905029297,144.5479736328125
5330,-37.6677360534668,144.54779052734375
5331,-37.66769790649414,144.54713439941406
5337,-37.66779708862305,144.53823852539062
5338,-37.668739318847656,144.53805541992188
5339,-37.6663703918457,144.53762817382812
5341,-37.66630554199219,144.5374755859375
5342,-37.66628646850586,144.53738403320312
5343,-37.66623306274414,144.53689575195312
5344,-37.66621780395508,144.5367889404297
5347,-37.66633605957031,144.53663635253906
5348,-37.66844177246094,144.53623962402344
5350,-37.66941452026367,144.5508270263672
5351,-37.66897201538086,144.55091857910156
5353,-37.668643951416016,144.5509033203125
5354,-37.66813278198242,144.55072021484375
5355,-37.667755126953125,144.5505828857422
5356,-37.667667388916016,144.55056762695312
5357,-37.667327880859375,144.55050659179688
5364,-37.67020797729492,144.55038452148438
5365,-37.670204162597656,144.55050659179688
5366,-37.670204162597656,144.55062866210938
5367,-37.67021560668945,144.55076599121094
5368,-37.670352935791016,144.5519256591797
5369,-37.67036819458008,144.55203247070312
5372,-37.67254257202149,144.54563903808594
5374,-37.67179107666016,144.5457763671875
5375,-37.67172622680664,144.54579162597656
5379,-37.671630859375,144.54562377929688
5380,-37.67276763916016,144.5463409423828
5382,-37.672576904296875,144.54653930664062
5385,-37.67226791381836,144.5467529296875
5386,-37.672149658203125,144.5467987060547
5387,-37.67202377319336,144.54684448242188
5388,-37.67192459106445,144.54685974121094
5391,-37.66719436645508,144.5474090576172
5392,-37.66715621948242,144.54689025878906
5393,-37.667118072509766,144.54666137695312
5394,-37.66705322265625,144.54640197753906
5395,-37.66698455810547,144.54617309570312
5396,-37.66693878173828,144.54608154296875
5397,-37.66675567626953,144.54568481445312
5398,-37.6666259765625,144.54541015625
5399,-37.66646957397461,144.54507446289062
5400,-37.66634750366211,144.54473876953125
5401,-37.666282653808594,144.54446411132812
5404,-37.66620635986328,144.54383850097656
5405,-37.66596984863281,144.54185485839844
5408,-37.66819763183594,144.5525360107422
5409,-37.66804122924805,144.55123901367188
5411,-37.66804122924805,144.55111694335938
5412,-37.66804885864258,144.55105590820312
5416,-37.67006301879883,144.5452117919922
5417,-37.67027282714844,144.5469970703125
5418,-37.670284271240234,144.5471649169922
5419,-37.67026138305664,144.5473175048828
5422,-37.66965103149414,144.54501342773438
5423,-37.66920852661133,144.5446014404297
5425,-37.66556167602539,144.54501342773438
5426,-37.66549301147461,144.5450439453125
5427,-37.66535949707031,144.5450897216797
5428,-37.66526412963867,144.5451202392578
5429,-37.66517639160156,144.5451202392578
5431,-37.66501235961914,144.5450897216797
5432,-37.664833068847656,144.54498291015625
5433,-37.66474914550781,144.54495239257812
5435,-37.66463088989258,144.54495239257812
5436,-37.66456985473633,144.54498291015625
5437,-37.66598892211914,144.54608154296875
5438,-37.66593170166016,144.54612731933594
5440,-37.66559982299805,144.54635620117188
5441,-37.665531158447266,144.54637145996094
5442,-37.66546630859375,144.54637145996094
5444,-37.66533279418945,144.5463104248047
5445,-37.66371154785156,144.54544067382812
5446,-37.66359329223633,144.54537963867188
5447,-37.663516998291016,144.54534912109375
5450,-37.66319274902344,144.54537963867188
5451,-37.663108825683594,144.54539489746094
5452,-37.67015075683594,144.5496063232422
5453,-37.67023086547851,144.5496826171875
5463,-37.66434860229492,144.5431671142578
5464,-37.66521072387695,144.54299926757812
5465,-37.665283203125,144.54298400878906
5466,-37.66362762451172,144.54324340820312
5467,-37.66382598876953,144.54495239257812
5468,-37.66382598876953,144.5450439453125
5469,-37.663814544677734,144.5451202392578
5470,-37.66374588012695,144.54534912109375
5484,-37.671600341796875,144.54969787597656
5485,-37.66512680053711,144.5417022705078
5486,-37.665191650390625,144.54168701171875
5488,-37.6653938293457,144.5439453125
5489,-37.66532516479492,144.54396057128906
5490,-37.66445541381836,144.5441436767578
5520,-37.67105865478515,144.5499725341797
5521,-37.67118453979492,144.5509490966797
5523,-37.67121887207031,144.55105590820312
5524,-37.6712532043457,144.55108642578125
5525,-37.6661376953125,144.54421997070312
5526,-37.665504455566406,144.54434204101562
5527,-37.66543960571289,144.54434204101562
5529,-37.666297912597656,144.54766845703125
5531,-37.666358947753906,144.5474090576172
5533,-37.66634368896485,144.5470733642578
5534,-37.66630935668945,144.54685974121094
5535,-37.66624450683594,144.54664611816406
5536,-37.66576385498047,144.5456085205078
5537,-37.66565704345703,144.5453338623047
5538,-37.665504455566406,144.54478454589844
5539,-37.66546630859375,144.54458618164062
5540,-37.6651611328125,144.5420379638672
5541,-37.66485977172851,144.53952026367188
5542,-37.664825439453125,144.5392303466797
5543,-37.664791107177734,144.5391845703125
5544,-37.66473007202149,144.53915405273438
5545,-37.66313171386719,144.53945922851562
5550,-37.664337158203125,144.55014038085938
5551,-37.6649055480957,144.54962158203125
5552,-37.66544723510742,144.54896545410156
5557,-37.66548538208008,144.54832458496094
5559,-37.66521453857422,144.5480194091797
5560,-37.66487503051758,144.54774475097656
5561,-37.66423416137695,144.54739379882812
5562,-37.663455963134766,144.54696655273438
5566,-37.663326263427734,144.5469970703125
5567,-37.663307189941406,144.54702758789062
5568,-37.66431427001953,144.54904174804688
5570,-37.66424179077149,144.54888916015625
5571,-37.66419982910156,144.54872131347656
5572,-37.664161682128906,144.54840087890625
5573,-37.66411209106445,144.5478973388672
5574,-37.66411590576172,144.5477752685547
5575,-37.664154052734375,144.54763793945312
5576,-37.66421127319336,144.54745483398438
5577,-37.6631965637207,144.546142578125
5578,-37.66276931762695,144.54261779785156
5579,-37.66277313232422,144.54257202148438
5580,-37.66279602050781,144.5425262451172
5582,-37.66285705566406,144.54246520996094
5583,-37.662899017333984,144.54246520996094
5584,-37.663455963134766,144.5423583984375
5585,-37.665096282958984,144.5420379638672
5586,-37.66355514526367,144.54937744140625
5587,-37.66362380981445,144.5493621826172
5588,-37.66394805908203,144.54930114746094
5589,-37.66403579711914,144.54928588867188
5590,-37.664215087890625,144.5491485595703
5591,-37.664546966552734,144.54881286621094
5592,-37.664817810058594,144.54847717285156
5593,-37.66517639160156,144.54806518554688
5594,-37.663291931152344,144.5470733642578
5595,-37.66328811645508,144.54713439941406
5596,-37.66328811645508,144.54722595214844
5597,-37.66365051269531,144.5501251220703
5598,-37.663665771484375,144.55026245117188
5599,-37.6636848449707,144.55032348632812
5600,-37.66373825073242,144.5504150390625
5601,-37.66374969482422,144.5504913330078
5604,-37.67504119873047,144.55023193359375
5615,-37.67510223388672,144.5507354736328
5617,-37.674293518066406,144.5497589111328
5618,-37.67367935180664,144.5498809814453
5622,-37.67462921142578,144.54916381835938
5624,-37.674659729003906,144.54934692382812
5628,-37.67482376098633,144.54971313476562
5632,-37.67501449584961,144.5500946044922
5633,-37.675148010253906,144.55113220214844
5653,-37.674190521240234,144.54795837402344
5654,-37.67403030395508,144.5478057861328
5655,-37.67383575439453,144.54766845703125
5656,-37.67361068725586,144.54750061035156
5657,-37.673439025878906,144.54733276367188
5658,-37.67331314086914,144.54721069335938
5659,-37.67322540283203,144.54710388183594
5661,-37.673038482666016,144.54685974121094
5662,-37.67292022705078,144.54666137695312
5663,-37.67269515991211,144.54615783691406
5664,-37.67262268066406,144.5459442138672
5665,-37.672576904296875,144.5457763671875
5666,-37.672489166259766,144.5453643798828
5667,-37.67245864868164,144.5452117919922
5669,-37.67238235473633,144.5448760986328
5670,-37.672340393066406,144.54421997070312
5676,-37.67360305786133,144.54849243164062
5681,-37.67345428466797,144.54852294921875
5682,-37.673362731933594,144.548583984375
5687,-37.6729621887207,144.54884338378906
5689,-37.672828674316406,144.54888916015625
5692,-37.67250061035156,144.5489044189453
5693,-37.67238998413086,144.54896545410156
5696,-37.67212677001953,144.54908752441406
5700,-37.67189407348633,144.549072265625
5702,-37.671722412109375,144.5491180419922
5706,-37.6723747253418,144.55125427246094
5707,-37.67241287231445,144.5515899658203
5710,-37.6737174987793,144.55096435546875
5712,-37.67376708984375,144.55133056640625
5714,-37.67223358154297,144.54986572265625
5716,-37.67223358154297,144.54994201660156
5717,-37.67236328125,144.55104064941406
5720,-37.6724853515625,144.5511474609375
5721,-37.67257308959961,144.55113220214844
5722,-37.673614501953125,144.55091857910156
5725,-37.67264938354492,144.54774475097656
5726,-37.673118591308594,144.54861450195312
5729,-37.671913146972656,144.5480194091797
5730,-37.675689697265625,144.54800415039062
5734,-37.674686431884766,144.54782104492188
5735,-37.674537658691406,144.5478973388672
5736,-37.67447662353515,144.5479736328125
5739,-37.673282623291016,144.54922485351562
5741,-37.673580169677734,144.550048828125
5742,-37.67360305786133,144.55014038085938
5743,-37.67368698120117,144.55078125
5745,-37.673789978027344,144.54891967773438
5747,-37.6731071472168,144.54934692382812
5748,-37.67298889160156,144.54946899414062
5750,-37.672855377197266,144.54957580566406
5751,-37.67269515991211,144.54966735839844
5753,-37.672515869140625,144.5497283935547
5754,-37.67239761352539,144.5497589111328
5758,-37.67235565185547,144.5439453125
5759,-37.67235565185547,144.5437469482422
5760,-37.6723518371582,144.5435791015625
5761,-37.672271728515625,144.54293823242188
5763,-37.679012298583984,144.5441131591797
5766,-37.67818832397461,144.5442352294922
5767,-37.677955627441406,144.54429626464844
5770,-37.673954010009766,144.57815551757812
5771,-37.67389678955078,144.5777130126953
5772,-37.67389297485352,144.5776824951172
5776,-37.67379379272461,144.57830810546875
5795,-37.674617767333984,144.58367919921875
5807,-37.6729850769043,144.57154846191406
5811,-37.67411804199219,144.57830810546875
5820,-37.71687316894531,144.5534210205078
5821,-37.71686172485352,144.55332946777344
5822,-37.716758728027344,144.552490234375
5823,-37.71664810180664,144.55160522460938
5824,-37.71656036376953,144.57351684570312
5825,-37.7164421081543,144.57354736328125
5826,-37.71700668334961,144.57342529296875
5827,-37.716896057128906,144.5734405517578
5828,-37.716766357421875,144.573486328125
5829,-37.71673583984375,144.573486328125
5831,-37.71809768676758,144.5563201904297
5832,-37.71820831298828,144.55630493164062
5833,-37.71892547607422,144.55616760253906
5834,-37.7194938659668,144.55604553222656
5836,-37.71639251708984,144.5587615966797
5841,-37.7167854309082,144.55880737304688
5842,-37.71681594848633,144.55909729003906
5843,-37.717010498046875,144.5607147216797
5847,-37.71710586547851,144.56082153320312
5848,-37.71770858764648,144.56069946289062
5849,-37.717742919921875,144.56068420410156
5851,-37.717777252197266,144.56060791015625
5852,-37.717777252197266,144.56056213378906
5853,-37.71760559082031,144.55911254882812
5854,-37.71758270263672,144.55902099609375
5856,-37.71709060668945,144.5753173828125
5857,-37.71710205078125,144.5753936767578
5858,-37.71719741821289,144.5762176513672
5859,-37.71721267700195,144.5763397216797
5860,-37.717308044433594,144.5771942138672
5861,-37.717315673828125,144.57725524902344
5862,-37.71973419189453,144.5779571533203
5863,-37.7197265625,144.577880859375
5864,-37.7194709777832,144.5758819580078
5865,-37.71946334838867,144.57579040527344
5866,-37.71860122680664,144.5750274658203
5867,-37.71858596801758,144.57492065429688
5868,-37.7183952331543,144.5734100341797
5872,-37.718505859375,144.57325744628906
5873,-37.71852111816406,144.57325744628906
5874,-37.719024658203125,144.5733184814453
5875,-37.71914291381836,144.57333374023438
5878,-37.719207763671875,144.57351684570312
5879,-37.71935272216797,144.5747833251953
5880,-37.719364166259766,144.57489013671875
5881,-37.71923828125,144.57334899902344
5882,-37.719459533691406,144.5733642578125
5883,-37.718074798583984,144.57322692871094
5884,-37.71821212768555,144.57322692871094
5886,-37.71833419799805,144.5732421875
5887,-37.71567153930664,144.57740783691406
5888,-37.715721130371094,144.57740783691406
5889,-37.71803665161133,144.5771942138672
5890,-37.717506408691406,144.5583038330078
5891,-37.71757125854492,144.5583038330078
5892,-37.718223571777344,144.5581817626953
5893,-37.71832275390625,144.5581512451172
5894,-37.71546936035156,144.5756378173828
5895,-37.715476989746094,144.57569885253906
5896,-37.71556854248047,144.5764923095703
5897,-37.71577072143555,144.57823181152344
5899,-37.717037200927734,144.55441284179688
5900,-37.71704864501953,144.5544891357422
5901,-37.7173957824707,144.55735778808594
5902,-37.7175178527832,144.5583953857422
5903,-37.71757125854492,144.55880737304688
5907,-37.71749496459961,144.55897521972656
5908,-37.71688079833984,144.55908203125
5909,-37.71895217895508,144.57801818847656
5910,-37.7188835144043,144.57803344726562
5911,-37.71863555908203,144.57806396484375
5912,-37.72013473510742,144.5779266357422
5913,-37.71894073486328,144.57794189453125
5914,-37.718692779541016,144.5760040283203
5915,-37.71868515014648,144.57594299316406
5916,-37.71700668334961,144.5608673095703
5917,-37.716983795166016,144.5609588623047
5918,-37.71700668334961,144.56114196777344
5919,-37.71845245361328,144.55972290039062
5920,-37.71855545043945,144.5597381591797
5921,-37.71915054321289,144.5596160888672
5922,-37.719337463378906,144.55958557128906
5923,-37.720272064208984,144.55941772460938
5924,-37.720314025878906,144.5594024658203
5927,-37.717567443847656,144.57522583007812
5929,-37.717987060546875,144.5751495361328
5931,-37.71785354614258,144.57510375976562
5935,-37.71466064453125,144.57579040527344
5936,-37.71474075317383,144.57577514648438
5937,-37.71976852416992,144.57481384277344
5938,-37.71562194824219,144.5764923095703
5939,-37.7171516418457,144.57635498046875
5943,-37.71820831298828,144.5785675048828
5944,-37.71817398071289,144.57826232910156
5945,-37.71815872192383,144.57809448242188
5946,-37.71804428100586,144.57725524902344
5947,-37.717926025390625,144.576171875
5949,-37.71785354614258,144.5754852294922
5950,-37.717342376708984,144.57237243652344
5951,-37.71735000610352,144.57244873046875
5952,-37.71745681762695,144.57333374023438
5954,-37.71765899658203,144.57484436035156
5962,-37.71768951416016,144.57424926757812
5963,-37.717567443847656,144.5733184814453
5964,-37.71745300292969,144.5724334716797
5965,-37.71744537353515,144.57235717773438
5966,-37.71797561645508,144.57606506347656
5967,-37.7197380065918,144.57579040527344
5968,-37.719539642333984,144.57579040527344
5975,-37.71785736083984,144.5752410888672
5982,-37.71750259399414,144.57427978515625
5983,-37.71689987182617,144.57440185546875
5984,-37.71685791015625,144.57440185546875
5986,-37.716819763183594,144.5743408203125
5987,-37.71681213378906,144.5742645263672
5988,-37.71808624267578,144.57809448242188
5989,-37.715850830078125,144.5782928466797
5991,-37.715694427490234,144.57833862304688
5992,-37.71548080444336,144.578369140625
5993,-37.66051483154297,144.56875610351562
5994,-37.6605110168457,144.5690460205078
5998,-37.71381759643555,144.5614471435547
5999,-37.71372985839844,144.5607452392578
6001,-37.71361541748047,144.5598602294922
6003,-37.713584899902344,144.55972290039062
6005,-37.71348571777344,144.5594482421875
6006,-37.658103942871094,144.59866333007812
6007,-37.65829086303711,144.59861755371094
6008,-37.6585693359375,144.59857177734375
6009,-37.65900039672851,144.59841918945312
6010,-37.659366607666016,144.59823608398438
6011,-37.659420013427734,144.5982208251953
6012,-37.6588249206543,144.59388732910156
6013,-37.658935546875,144.5940399169922
6015,-37.658992767333984,144.59410095214844
6016,-37.6595458984375,144.5948486328125
6017,-37.65970993041992,144.59490966796875
6018,-37.66007995605469,144.5948486328125
6020,-37.65715408325195,144.59158325195312
6021,-37.65701675415039,144.5915985107422
6022,-37.65549850463867,144.6008758544922
6024,-37.655460357666016,144.60055541992188
6025,-37.65532684326172,144.5994110107422
6026,-37.65530014038086,144.5991668701172
6027,-37.65516662597656,144.59812927246094
6028,-37.655147552490234,144.5979766845703
6029,-37.654876708984375,144.59556579589844
6030,-37.65486145019531,144.59552001953125
6032,-37.65485000610352,144.595458984375
6033,-37.65482711791992,144.5951690673828
6035,-37.66465759277344,144.59197998046875
6036,-37.664493560791016,144.590576171875
6037,-37.6644287109375,144.59002685546875
6041,-37.66422653198242,144.58975219726562
6042,-37.663455963134766,144.58970642089844
6043,-37.662872314453125,144.58937072753906
6045,-37.66219329833984,144.58819580078125
6047,-37.6617317199707,144.5879364013672
6048,-37.66119766235352,144.5884552001953
6049,-37.66141128540039,144.59027099609375
6050,-37.66140365600586,144.5906219482422
6051,-37.66139221191406,144.59068298339844
6053,-37.65660858154297,144.59298706054688
6054,-37.65626907348633,144.59283447265625
6055,-37.65614318847656,144.59280395507812
6057,-37.65580368041992,144.5928192138672
6058,-37.654632568359375,144.59304809570312
6059,-37.6549072265625,144.59555053710938
6060,-37.65543365478515,144.5954132080078
6061,-37.65559005737305,144.5954132080078
6062,-37.65574645996094,144.595458984375
6063,-37.6564826965332,144.59584045410156
6064,-37.65656280517578,144.59588623046875
6068,-37.65720748901367,144.5914306640625
6069,-37.65714645385742,144.59095764160156
6070,-37.656883239746094,144.5888214111328
6071,-37.65678024291992,144.58795166015625
6072,-37.7059440612793,144.54835510253906
6073,-37.70601272583008,144.54833984375
6074,-37.70665740966797,144.5482177734375
6075,-37.70738220214844,144.54808044433594
6076,-37.70745849609375,144.54806518554688
6077,-37.70809173583984,144.54795837402344
6078,-37.70830154418945,144.5478973388672
6084,-37.70866775512695,144.54776000976562
6085,-37.70927429199219,144.5478057861328
6090,-37.71041488647461,144.546630859375
6091,-37.71146011352539,144.54641723632812
6096,-37.71183395385742,144.5463409423828
6099,-37.71152877807617,144.54620361328125
6100,-37.71156311035156,144.54559326171875
6101,-37.7115592956543,144.54550170898438
6102,-37.71153259277344,144.5454559326172
6104,-37.7115592956543,144.5453643798828
6105,-37.71156311035156,144.54531860351562
6106,-37.7115592956543,144.54522705078125
6107,-37.70962142944336,144.54493713378906
6108,-37.70972442626953,144.5457763671875
6109,-37.709754943847656,144.5460205078125
6110,-37.7098274230957,144.5462646484375
6111,-37.70992660522461,144.54649353027344
6112,-37.71014404296875,144.5468292236328
6113,-37.70980072021485,144.54576110839844
6114,-37.714508056640625,144.5486602783203
6115,-37.714569091796875,144.5486297607422
6116,-37.71495819091797,144.54843139648438
6119,-37.711483001708984,144.55258178710938
6120,-37.71089553833008,144.5518798828125
6123,-37.710914611816406,144.5517120361328
6124,-37.71111679077149,144.55152893066406
6125,-37.71123504638672,144.5513458251953
6126,-37.71127700805664,144.55128479003906
6129,-37.71137619018555,144.55123901367188
6130,-37.71202850341797,144.55197143554688
6131,-37.71207809448242,144.55201721191406
6132,-37.71158599853515,144.55081176757812
6133,-37.7114143371582,144.5510711669922
6136,-37.71068572998047,144.5518798828125
6145,-37.71250915527344,144.55130004882812
6146,-37.71249008178711,144.55126953125
6147,-37.71184921264648,144.55050659179688
6151,-37.71186828613281,144.55038452148438
6152,-37.7121696472168,144.54986572265625
6156,-37.712303161621094,144.5498046875
6157,-37.71353912353515,144.55126953125
6158,-37.713584899902344,144.55133056640625
6159,-37.71164321899414,144.5507354736328
6162,-37.71249008178711,144.54953002929688
6163,-37.712398529052734,144.54957580566406
6169,-37.708003997802734,144.55760192871094
6170,-37.707759857177734,144.55784606933594
6174,-37.71057891845703,144.5540008544922
6175,-37.71000289916992,144.55332946777344
6180,-37.709957122802734,144.5531768798828
6181,-37.710079193115234,144.55252075195312
6187,-37.71025466918945,144.5523681640625
6188,-37.71085739135742,144.55308532714844
6190,-37.710941314697266,144.55311584472656
6192,-37.71102142333984,144.55322265625
6194,-37.71104431152344,144.5532989501953
6199,-37.709842681884766,144.5536651611328
6200,-37.70991134643555,144.55337524414062
6203,-37.710540771484375,144.55201721191406
6207,-37.70718765258789,144.55865478515625
6208,-37.70762252807617,144.5591583251953
6209,-37.70767974853515,144.55923461914062
6214,-37.7102165222168,144.5552520751953
6215,-37.71009063720703,144.5547332763672
6219,-37.71019744873047,144.5545196533203
6220,-37.71028518676758,144.55441284179688
6221,-37.71062469482422,144.55393981933594
6222,-37.71099090576172,144.553466796875
6231,-37.71112823486328,144.55343627929688
6232,-37.71153259277344,144.55389404296875
6234,-37.71438980102539,144.54978942871094
6235,-37.7143440246582,144.54974365234375
6236,-37.71379089355469,144.54908752441406
6240,-37.7136116027832,144.54905700683594
6241,-37.71345138549805,144.54913330078125
6242,-37.713130950927734,144.5492706298828
6247,-37.71306610107422,144.54945373535156
6248,-37.71393203735352,144.55047607421875
6250,-37.71269226074219,144.54945373535156
6251,-37.712921142578125,144.54934692382812
6259,-37.7047119140625,144.56304931640625
6262,-37.705596923828125,144.562255859375
6266,-37.70614242553711,144.56129455566406
6267,-37.706298828125,144.56106567382812
6268,-37.707069396972656,144.56002807617188
6270,-37.707252502441406,144.5597686767578
6271,-37.7076301574707,144.55929565429688
6272,-37.70817565917969,144.55857849121094
6273,-37.70867156982422,144.55789184570312
6274,-37.70884323120117,144.55767822265625
6275,-37.708885192871094,144.55767822265625
6276,-37.70893859863281,144.5576934814453
6281,-37.710479736328125,144.55606079101562
6282,-37.71052932739258,144.55599975585938
6283,-37.71055221557617,144.55592346191406
6285,-37.71044158935547,144.55569458007812
6288,-37.710479736328125,144.55548095703125
6289,-37.71154022216797,144.5540771484375
6292,-37.711708068847656,144.55384826660156
6293,-37.71208953857422,144.55331420898438
6294,-37.71305465698242,144.55203247070312
6295,-37.71348190307617,144.55148315429688
6296,-37.71366500854492,144.55120849609375
6297,-37.71390914916992,144.55075073242188
6299,-37.71403884887695,144.55047607421875
6300,-37.714115142822266,144.55038452148438
6301,-37.71464157104492,144.54920959472656
6302,-37.714656829833984,144.5491180419922
6303,-37.714595794677734,144.54891967773438
6304,-37.712059020996094,144.5532684326172
6305,-37.711647033691406,144.55276489257812
6306,-37.711639404296875,144.552734375
6315,-37.71168518066406,144.55255126953125
6316,-37.71251678466797,144.5514373779297
6317,-37.712589263916016,144.55142211914062
6319,-37.712650299072266,144.5514678955078
6320,-37.71302032470703,144.55191040039062
6323,-37.70709991455078,144.55979919433594
6324,-37.70682907104492,144.55946350097656
6326,-37.70684051513672,144.55934143066406
6327,-37.706886291503906,144.55923461914062
6328,-37.706939697265625,144.55911254882812
6329,-37.70699691772461,144.55899047851562
6330,-37.707149505615234,144.5587158203125
6331,-37.70743179321289,144.5582733154297
6332,-37.70756912231445,144.55804443359375
6335,-37.7081184387207,144.5585174560547
6336,-37.69679260253906,144.5434112548828
6337,-37.69676971435547,144.543212890625
6340,-37.691402435302734,144.5397186279297
6341,-37.69434356689453,144.53915405273438
6345,-37.69446563720703,144.53932189941406
6346,-37.697078704833984,144.54576110839844
6347,-37.696964263916016,144.54483032226562
6348,-37.70221328735352,144.547607421875
6395,-37.68647384643555,144.59832763671875
6396,-37.68775177001953,144.59689331054688
6397,-37.687862396240234,144.59678649902344
6398,-37.68798828125,144.59671020507812
6399,-37.68811798095703,144.5966796875
6400,-37.68879318237305,144.5965576171875
6401,-37.68931579589844,144.59646606445312
6409,-37.66031646728515,144.5984344482422
6410,-37.66050720214844,144.59837341308594
6411,-37.66069793701172,144.5983428955078
6412,-37.660911560058594,144.59840393066406
6413,-37.66136932373047,144.59884643554688
6414,-37.66144943237305,144.59910583496094
6415,-37.66155242919922,144.60000610351562
6422,-37.657928466796875,144.59573364257812
6423,-37.65848159790039,144.5963134765625
6424,-37.65869140625,144.59666442871094
6425,-37.65935897827149,144.5980682373047
6428,-37.682762145996094,144.54843139648438
6429,-37.68279647827149,144.54864501953125
6430,-37.682865142822266,144.5492706298828
6431,-37.682918548583984,144.5497283935547
6434,-37.69194030761719,144.5771484375
6436,-37.68611526489258,144.57850646972656
6437,-37.68605422973633,144.5793914794922
6438,-37.68598556518555,144.5802459716797
6439,-37.68594741821289,144.58067321777344
6440,-37.68593978881836,144.580810546875
6442,-37.68592834472656,144.5809783935547
6444,-37.685829162597656,144.5823211669922
6445,-37.68574523925781,144.58328247070312
6447,-37.70905303955078,144.56463623046875
6448,-37.71125793457031,144.56422424316406
6449,-37.712833404541016,144.5639190673828
6450,-37.71067428588867,144.56980895996094
6451,-37.71059036254883,144.56982421875
6452,-37.70963668823242,144.57000732421875
6454,-37.662200927734375,144.58985900878906
6455,-37.66232681274414,144.5902099609375
6456,-37.66236114501953,144.59046936035156
6457,-37.662376403808594,144.59056091308594
6458,-37.67042922973633,144.59194946289062
6459,-37.67098617553711,144.592041015625
6460,-37.67117691040039,144.5919952392578
6462,-37.6577262878418,144.599853515625
6463,-37.65910339355469,144.5994873046875
6464,-37.65961837768555,144.5992889404297
6466,-37.661869049072266,144.58909606933594
6467,-37.662357330322266,144.58860778808594
6468,-37.66908645629883,144.59228515625
6469,-37.66914367675781,144.59237670898438
6470,-37.66918182373047,144.59251403808594
6471,-37.66917419433594,144.59292602539062
6472,-37.662879943847656,144.59791564941406
6473,-37.66352462768555,144.59776306152344
6474,-37.67583084106445,144.5967254638672
6475,-37.675785064697266,144.59683227539062
6477,-37.67560195922851,144.5970916748047
6478,-37.675384521484375,144.5972442626953
6479,-37.675018310546875,144.59747314453125
6480,-37.674442291259766,144.59767150878906
6482,-37.6693000793457,144.593505859375
6483,-37.66973114013672,144.59341430664062
6484,-37.66925048828125,144.5933074951172
6485,-37.66929626464844,144.59376525878906
6486,-37.66790008544922,144.59695434570312
6487,-37.66793441772461,144.5968017578125
6488,-37.667945861816406,144.59661865234375
6489,-37.6678352355957,144.5962677001953
6490,-37.667720794677734,144.5961151123047
6491,-37.66754913330078,144.59600830078125
6492,-37.66742706298828,144.59597778320312
6493,-37.6663932800293,144.59617614746094
6495,-37.671165466308594,144.59303283691406
6497,-37.67121124267578,144.5933380126953
6498,-37.67124557495117,144.5934295654297
6499,-37.67147445678711,144.59378051757812
6500,-37.67384719848633,144.59596252441406
6501,-37.673866271972656,144.59617614746094
6502,-37.67387771606445,144.5968475341797
6503,-37.67386245727539,144.59507751464844
6504,-37.67391586303711,144.5945281982422
6506,-37.67389678955078,144.5941619873047
6507,-37.673885345458984,144.5940399169922
6508,-37.6643180847168,144.59681701660156
6509,-37.660518646240234,144.5994110107422
6510,-37.66096878051758,144.59933471679688
6511,-37.661346435546875,144.59915161132812
6512,-37.6710090637207,144.5972900390625
6513,-37.67093276977539,144.59722900390625
6514,-37.67080307006836,144.59695434570312
6515,-37.66537857055664,144.5923614501953
6516,-37.665733337402344,144.59249877929688
6517,-37.6659049987793,144.5926055908203
6518,-37.66607666015625,144.59280395507812
6519,-37.66636276245117,144.59323120117188
6520,-37.66646194458008,144.593505859375
6521,-37.66657638549805,144.593994140625
6523,-37.66654968261719,144.59410095214844
6524,-37.66651916503906,144.59413146972656
6525,-37.66648483276367,144.5941619873047
6526,-37.666202545166016,144.59422302246094
6528,-37.66501235961914,144.59449768066406
6529,-37.66571807861328,144.59432983398438
6530,-37.669456481933594,144.5924530029297
6531,-37.673057556152344,144.59425354003906
6532,-37.67306900024414,144.59487915039062
6533,-37.67305374145508,144.59532165527344
6534,-37.67302322387695,144.59576416015625
6535,-37.67292785644531,144.59669494628906
6536,-37.67291641235352,144.59678649902344
6537,-37.672882080078125,144.5972137451172
6538,-37.67290115356445,144.59768676757812
6540,-37.67193984985352,144.59681701660156
6541,-37.67179107666016,144.5972137451172
6542,-37.67463302612305,144.59458923339844
6543,-37.67488098144531,144.5947265625
6544,-37.67498397827149,144.59474182128906
6545,-37.67529296875,144.59469604492188
6546,-37.66328811645508,144.59368896484375
6547,-37.66367721557617,144.59375
6548,-37.66379928588867,144.59376525878906
6549,-37.66424560546875,144.59385681152344
6550,-37.6643180847168,144.5938720703125
6552,-37.6644287109375,144.59329223632812
6553,-37.66415786743164,144.59463500976562
6554,-37.66934585571289,144.5941162109375
6555,-37.66938400268555,144.5942840576172
6556,-37.669376373291016,144.5944366455078
6557,-37.67218399047851,144.59544372558594
6558,-37.67186737060547,144.59503173828125
6559,-37.67028045654297,144.59439086914062
6560,-37.6617546081543,144.59535217285156
6562,-37.66183090209961,144.59597778320312
6563,-37.66701889038086,144.59481811523438
6564,-37.667049407958984,144.594970703125
6565,-37.667205810546875,144.59518432617188
6566,-37.66737747192383,144.59547424316406
6567,-37.66743087768555,144.59579467773438
6568,-37.67212677001953,144.5964813232422
6569,-37.672794342041016,144.59719848632812
6570,-37.67244720458984,144.59716796875
6571,-37.6722526550293,144.59706115722656
6572,-37.67453384399414,144.5955352783203
6573,-37.674949645996094,144.5963897705078
6574,-37.66331100463867,144.59674072265625
6575,-37.662723541259766,144.59695434570312
6576,-37.6646842956543,144.6273651123047
6577,-37.67936706542969,144.62506103515625
6578,-37.67994689941406,144.63072204589844
6579,-37.677772521972656,144.6369171142578
6581,-37.6739616394043,144.62576293945312
6604,-37.69853210449219,144.5506591796875
6605,-37.69940948486328,144.55050659179688
6616,-37.69939422607422,144.55043029785156
6617,-37.698524475097656,144.55059814453125
6629,-37.700103759765625,144.55035400390625
6656,-37.70135116577149,144.56149291992188
6657,-37.70121383666992,144.56031799316406
6658,-37.701171875,144.55992126464844
6659,-37.70113754272461,144.5596160888672
6660,-37.701080322265625,144.55909729003906
6664,-37.69270324707031,144.55108642578125
6666,-37.692657470703125,144.55149841308594
6667,-37.69266891479492,144.5518341064453
6668,-37.69285583496094,144.55355834960938
6669,-37.692874908447266,144.55372619628906
6670,-37.69301986694336,144.55499267578125
6671,-37.69302749633789,144.55514526367188
6672,-37.69303131103515,144.5552520751953
6673,-37.6929931640625,144.55555725097656
6676,-37.69562530517578,144.5504150390625
6677,-37.69584655761719,144.5521697998047
6678,-37.69596862792969,144.55311584472656
6679,-37.69602584838867,144.55325317382812
6680,-37.69607925415039,144.5534210205078
6681,-37.69612884521485,144.5538330078125
6682,-37.69633483886719,144.55560302734375
6684,-37.69547271728515,144.55027770996094
6685,-37.6949577331543,144.55039978027344
6689,-37.69334030151367,144.55068969726562
6690,-37.69320297241211,144.5506591796875
6705,-37.695587158203125,144.55035400390625
6707,-37.6956672668457,144.5503387451172
6710,-37.69838333129883,144.5506591796875
6711,-37.69782257080078,144.55078125
6713,-37.697566986083984,144.55076599121094
6716,-37.69719696044922,144.5504913330078
6717,-37.69690704345703,144.55026245117188
6721,-37.69635772705078,144.55010986328125
6722,-37.69574737548828,144.55023193359375
6728,-37.6956901550293,144.54937744140625
6731,-37.695594787597656,144.54855346679688
6742,-37.68524932861328,144.55563354492188
6743,-37.685279846191406,144.55511474609375
6751,-37.68519592285156,144.56602478027344
6756,-37.66780090332031,144.57249450683594
6757,-37.66780853271485,144.572265625
6758,-37.667762756347656,144.5717315673828
6761,-37.673118591308594,144.57127380371094
6767,-37.66939163208008,144.57467651367188
6772,-37.670265197753906,144.57472229003906
6773,-37.6703987121582,144.57583618164062
6776,-37.6705436706543,144.57595825195312
6777,-37.67158889770508,144.57577514648438
6778,-37.67182922363281,144.5757293701172
6779,-37.67202377319336,144.5756378173828
6780,-37.67215347290039,144.57553100585938
6782,-37.67238235473633,144.57518005371094
6783,-37.67241668701172,144.574951171875
6784,-37.67243194580078,144.57473754882812
6785,-37.67240905761719,144.574462890625
6786,-37.67240524291992,144.57443237304688
6787,-37.67234802246094,144.57371520996094
6788,-37.67234802246094,144.57350158691406
6789,-37.67238998413086,144.57325744628906
6790,-37.67245864868164,144.5730438232422
6791,-37.6726188659668,144.57278442382812
6792,-37.67271423339844,144.5726776123047
6795,-37.668182373046875,144.57452392578125
6799,-37.65959167480469,144.57086181640625
6809,-37.65970230102539,144.5709991455078
6817,-37.65970993041992,144.5715789794922
6818,-37.65973663330078,144.57249450683594
6823,-37.65910720825195,144.5666046142578
6824,-37.659725189208984,144.5673065185547
6826,-37.6598014831543,144.56739807128906
6834,-37.65969467163086,144.56790161132812
6837,-37.65960693359375,144.56817626953125
6841,-37.65958404541016,144.5685577392578
6842,-37.65959930419922,144.56871032714844
6843,-37.659637451171875,144.5691375732422
6844,-37.65964889526367,144.56959533691406
6845,-37.65964126586914,144.5698699951172
6846,-37.65963363647461,144.57044982910156
6847,-37.659637451171875,144.57058715820312
6848,-37.65964889526367,144.57073974609375
6851,-37.65935897827149,144.5709686279297
6852,-37.65869903564453,144.57110595703125
6854,-37.659908294677734,144.5708770751953
6855,-37.66049575805664,144.5707550048828
6856,-37.66056060791016,144.5707550048828
6857,-37.659664154052734,144.57110595703125
6858,-37.659912109375,144.57301330566406
6860,-37.659820556640625,144.5722198486328
6864,-37.66468048095703,144.5717010498047
6866,-37.664703369140625,144.57203674316406
6871,-37.66324996948242,144.56382751464844
6872,-37.66326141357422,144.56378173828125
6874,-37.66324234008789,144.5636749267578
6875,-37.66321563720703,144.5636444091797
6883,-37.6630744934082,144.56385803222656
6884,-37.66310119628906,144.5638885498047
6919,-37.66347885131836,144.56932067871094
6920,-37.66307067871094,144.5684356689453
6921,-37.66304397583008,144.568359375
6922,-37.66301345825195,144.56825256347656
6924,-37.66292572021485,144.56790161132812
6925,-37.66288757324219,144.567626953125
6926,-37.66286087036133,144.56736755371094
6927,-37.662864685058594,144.5672607421875
6928,-37.66286849975586,144.56707763671875
6929,-37.66291427612305,144.5668487548828
6930,-37.66301345825195,144.56629943847656
6931,-37.66303634643555,144.56617736816406
6932,-37.6639289855957,144.56358337402344
6933,-37.66413116455078,144.56350708007812
6934,-37.66437149047851,144.56346130371094
6936,-37.66448211669922,144.56358337402344
6937,-37.66459274291992,144.56454467773438
6938,-37.664756774902344,144.5657501220703
6939,-37.66294479370117,144.5637664794922
6940,-37.66282272338867,144.56378173828125
6941,-37.66264343261719,144.5637664794922
6942,-37.662452697753906,144.5637664794922
6943,-37.66163635253906,144.56393432617188
6944,-37.66127014160156,144.56399536132812
6945,-37.67188262939453,144.56369018554688
6946,-37.67207336425781,144.5654296875
6949,-37.66313171386719,144.56332397460938
6950,-37.664817810058594,144.56581115722656
6951,-37.66563034057617,144.5657958984375
6952,-37.66571807861328,144.56576538085938
6954,-37.66658782958984,144.5647430419922
6955,-37.66668319702149,144.5645751953125
6956,-37.66673278808594,144.5643768310547
6957,-37.66682052612305,144.56398010253906
6958,-37.66687774658203,144.5638427734375
6959,-37.66712951660156,144.56353759765625
6960,-37.66730499267578,144.56349182128906
6961,-37.66743087768555,144.56349182128906
6962,-37.66756439208984,144.56350708007812
6963,-37.66773223876953,144.5635528564453
6964,-37.667991638183594,144.56370544433594
6965,-37.66830825805664,144.5639190673828
6966,-37.66843795776367,144.56396484375
6968,-37.668827056884766,144.56394958496094
6969,-37.66902923583984,144.5638427734375
6970,-37.669281005859375,144.5636749267578
6971,-37.669551849365234,144.5635986328125
6972,-37.66975784301758,144.5635528564453
6973,-37.67000198364258,144.56353759765625
6974,-37.670204162597656,144.5635528564453
6975,-37.67045593261719,144.56353759765625
6976,-37.671722412109375,144.56329345703125
6977,-37.670616149902344,144.57089233398438
6978,-37.6703987121582,144.5709228515625
6979,-37.66957092285156,144.57107543945312
6980,-37.66683578491211,144.5716094970703
6981,-37.66582489013672,144.57180786132812
6982,-37.665489196777344,144.57186889648438
6984,-37.68208312988281,144.58299255371094
6985,-37.682838439941406,144.58309936523438
6988,-37.68270111083984,144.58572387695312
6989,-37.68600082397461,144.5835418701172
6990,-37.68635940551758,144.58358764648438
6992,-37.68708801269531,144.58364868164062
6993,-37.68777084350586,144.58351135253906
6994,-37.6880989074707,144.5834503173828
6996,-37.688453674316406,144.58338928222656
7000,-37.68180084228515,144.58358764648438
7001,-37.681758880615234,144.583984375
7015,-37.68870544433594,144.57705688476562
7016,-37.68864822387695,144.57656860351562
7017,-37.68855285644531,144.5757598876953
7021,-37.68460464477539,144.58590698242188
7022,-37.684688568115234,144.58592224121094
7023,-37.68532943725586,144.58596801757812
7034,-37.68510437011719,144.5834197998047
7036,-37.68558883666992,144.58349609375
7038,-37.68571853637695,144.5835723876953
7039,-37.685604095458984,144.585205078125
7040,-37.68558120727539,144.5855255126953
7041,-37.685569763183594,144.5856170654297
7044,-37.68988800048828,144.57754516601562
7045,-37.6891975402832,144.5776824951172
7072,-37.71504592895508,144.6384735107422
7078,-37.71260452270508,144.6350555419922
7086,-37.70999526977539,144.57373046875
7087,-37.71111679077149,144.5735321044922
7088,-37.71119689941406,144.57351684570312
7090,-37.70903778076172,144.5635528564453
7091,-37.71076202392578,144.56321716308594
7092,-37.71159362792969,144.56307983398438
7110,-37.71319961547851,144.562744140625
7111,-37.7137336730957,144.56265258789062
7112,-37.713890075683594,144.5626220703125
7113,-37.71406555175781,144.56259155273438
7114,-37.71578598022461,144.56227111816406
7116,-37.716793060302734,144.5620880126953
7117,-37.71833038330078,144.56178283691406
7119,-37.68440246582031,144.5606689453125
7120,-37.68434524536133,144.56068420410156
7121,-37.68406295776367,144.56068420410156
7122,-37.68369674682617,144.56076049804688
7123,-37.6834831237793,144.5608673095703
7124,-37.68328857421875,144.5609588623047
7125,-37.68289566040039,144.5612335205078
7126,-37.68272018432617,144.56143188476562
7127,-37.68257522583008,144.56161499023438
7133,-37.68178176879883,144.5625762939453
7134,-37.68117904663086,144.56289672851562
7135,-37.68095397949219,144.56292724609375
7136,-37.68061065673828,144.56298828125
7137,-37.680328369140625,144.5629425048828
7138,-37.6800422668457,144.5628662109375
7139,-37.67988967895508,144.56280517578125
7140,-37.67962646484375,144.56268310546875
7141,-37.67906951904297,144.56228637695312
7142,-37.678802490234375,144.56207275390625
7143,-37.67845153808594,144.56170654296875
7144,-37.67799377441406,144.56117248535156
7145,-37.67770004272461,144.5607147216797
7146,-37.67759704589844,144.56057739257812
7147,-37.67744445800781,144.5604248046875
7148,-37.6772575378418,144.56028747558594
7150,-37.67482376098633,144.5543975830078
7151,-37.674896240234375,144.5547637939453
7152,-37.67498397827149,144.55511474609375
7153,-37.67511367797851,144.5555419921875
7154,-37.67530059814453,144.55613708496094
7155,-37.67536544799805,144.55642700195312
7156,-37.67550277709961,144.5572509765625
7157,-37.67554473876953,144.55764770507812
7158,-37.675655364990234,144.55853271484375
7160,-37.67576217651367,144.5594024658203
7162,-37.67705154418945,144.56019592285156
7164,-37.67653274536133,144.56008911132812
7165,-37.67625427246094,144.56015014648438
7169,-37.68211364746094,144.5686798095703
7172,-37.680233001708984,144.5775604248047
7173,-37.679073333740234,144.57740783691406
7174,-37.67889022827149,144.57740783691406
7175,-37.67531967163086,144.57809448242188
7176,-37.67456817626953,144.5782470703125
7195,-37.67716598510742,144.59803771972656
7201,-37.67317199707031,144.59817504882812
7202,-37.67282485961914,144.59825134277344
7208,-37.67543029785156,144.597900390625
7214,-37.662139892578125,144.60025024414062
7220,-37.6606559753418,144.60052490234375
7225,-37.66583251953125,144.59397888183594
7226,-37.665775299072266,144.59385681152344
7227,-37.66571044921875,144.59376525878906
7228,-37.66560363769531,144.59361267089844
7229,-37.66553497314453,144.59352111816406
7230,-37.665435791015625,144.5934295654297
7231,-37.66527557373047,144.5933380126953
7232,-37.665130615234375,144.59326171875
7233,-37.66462707519531,144.59307861328125
7251,-37.6660041809082,144.59420776367188
7257,-37.66668701171875,144.59906005859375
7258,-37.66660690307617,144.59835815429688
7259,-37.666290283203125,144.59573364257812
7260,-37.66628646850586,144.59571838378906
7261,-37.66624069213867,144.59515380859375
7262,-37.66621780395508,144.5950164794922
7263,-37.66616439819336,144.5948486328125
7264,-37.666053771972656,144.5945281982422
7277,-37.65677261352539,144.6009063720703
7278,-37.65636444091797,144.59751892089844
7279,-37.65635681152344,144.59718322753906
7280,-37.656368255615234,144.5968475341797
7281,-37.65641403198242,144.5965118408203
7282,-37.656490325927734,144.59619140625
7283,-37.65663528442383,144.59567260742188
7284,-37.656707763671875,144.59552001953125
7285,-37.656829833984375,144.5952911376953
7286,-37.656925201416016,144.5951385498047
7287,-37.656978607177734,144.59506225585938
7290,-37.66008758544922,144.5911407470703
7292,-37.66061782836914,144.59178161621094
7293,-37.66053771972656,144.59156799316406
7294,-37.66046142578125,144.59146118164062
7295,-37.660152435302734,144.59120178222656
7296,-37.678340911865234,144.5443115234375
7302,-37.67930603027344,144.5442657470703
7303,-37.67984771728515,144.54446411132812
7304,-37.67998504638672,144.5444793701172
7318,-37.67921447753906,144.54409790039062
7322,-37.6790771484375,144.54473876953125
7323,-37.67913436889648,144.54461669921875
7324,-37.67915344238281,144.54452514648438
7326,-37.67908477783203,144.54434204101562
7329,-37.677642822265625,144.54432678222656
7330,-37.677520751953125,144.54432678222656
7332,-37.67677688598633,144.5440673828125
7333,-37.6760139465332,144.54379272460938
7334,-37.6759033203125,144.5437774658203
7335,-37.675750732421875,144.54379272460938
7336,-37.67555618286133,144.54383850097656
7337,-37.67478942871094,144.54397583007812
7338,-37.67447662353515,144.54403686523438
7339,-37.674312591552734,144.54408264160156
7340,-37.67418670654297,144.54412841796875
7341,-37.67402648925781,144.54420471191406
7342,-37.67387008666992,144.54428100585938
7343,-37.6737174987793,144.54434204101562
7344,-37.673580169677734,144.54437255859375
7345,-37.673431396484375,144.5443572998047
7346,-37.67329788208008,144.54429626464844
7347,-37.67316818237305,144.544189453125
7348,-37.67300033569336,144.54412841796875
7349,-37.672828674316406,144.5441436767578
7351,-37.67988586425781,144.54440307617188
7352,-37.679351806640625,144.544189453125
7354,-37.68096160888672,144.54481506347656
7355,-37.6811637878418,144.54490661621094
7356,-37.68135070800781,144.54507446289062
7357,-37.681434631347656,144.54527282714844
7358,-37.68146896362305,144.54541015625
7359,-37.681495666503906,144.54556274414062
7360,-37.681522369384766,144.54574584960938
7361,-37.681644439697266,144.5464630126953
7362,-37.68171310424805,144.54676818847656
7363,-37.68181228637695,144.5469207763672
7364,-37.68190002441406,144.54702758789062
7365,-37.68204498291016,144.5471649169922
7366,-37.68278121948242,144.54795837402344
7367,-37.68265151977539,144.54782104492188
7368,-37.68259048461914,144.5477752685547
7369,-37.6822395324707,144.54736328125
7370,-37.68303680419922,144.54794311523438
7378,-37.68290710449219,144.5480499267578
7379,-37.68260955810547,144.54815673828125
7383,-37.682857513427734,144.54861450195312
7387,-37.68221282958984,144.54742431640625
7388,-37.68257141113281,144.54783630371094
7420,-37.6855583190918,144.55064392089844
7441,-37.71086883544922,144.56884765625
7442,-37.7108039855957,144.5689697265625
7443,-37.710723876953125,144.56918334960938
7445,-37.710670471191406,144.56961059570312
7447,-37.71406173706055,144.57296752929688
7448,-37.714332580566406,144.5729217529297
7450,-37.6810188293457,144.5574493408203
7451,-37.68108367919922,144.55758666992188
7452,-37.681114196777344,144.55772399902344
7453,-37.68114471435547,144.5579376220703
7454,-37.6823844909668,144.5571746826172
7455,-37.68229293823242,144.55747985839844
7456,-37.68218231201172,144.55763244628906
7457,-37.682071685791016,144.5576629638672
7458,-37.68191909790039,144.55764770507812
7460,-37.68290328979492,144.55885314941406
7461,-37.68266677856445,144.55874633789062
7462,-37.68217086791992,144.5586700439453
7463,-37.68192672729492,144.55868530273438
7464,-37.68168640136719,144.55874633789062
7465,-37.68131256103515,144.55885314941406
7466,-37.678802490234375,144.55812072753906
7467,-37.67857360839844,144.55691528320312
7469,-37.67808532714844,144.55841064453125
7470,-37.67790603637695,144.55738830566406
7471,-37.67953109741211,144.55796813964844
7472,-37.679443359375,144.5573272705078
7473,-37.67924499511719,144.55653381347656
7474,-37.67741394042969,144.55934143066406
7475,-37.677486419677734,144.5593719482422
7476,-37.67772674560547,144.55946350097656
7477,-37.67795944213867,144.5594940185547
7478,-37.678184509277344,144.5594940185547
7479,-37.678466796875,144.5594482421875
7480,-37.67881393432617,144.55935668945312
7481,-37.680397033691406,144.55938720703125
7482,-37.68033599853515,144.5594024658203
7483,-37.680179595947266,144.55941772460938
7484,-37.6795654296875,144.5591278076172
7485,-37.6803092956543,144.5630340576172
7486,-37.6801872253418,144.5636444091797
7487,-37.68061447143555,144.56285095214844
7488,-37.68062973022461,144.562255859375
7489,-37.680965423583984,144.5630340576172
7490,-37.68098068237305,144.56326293945312
7491,-37.68098068237305,144.56356811523438
7492,-37.68098449707031,144.56422424316406
7493,-37.68101501464844,144.56460571289062
7494,-37.6810302734375,144.56492614746094
7496,-37.6842041015625,144.56275939941406
7497,-37.68376541137695,144.5626983642578
7498,-37.67966842651367,144.5625762939453
7499,-37.679935455322266,144.56182861328125
7500,-37.682518005371094,144.56187438964844
7501,-37.68275833129883,144.56219482421875
7502,-37.6828498840332,144.5623321533203
7503,-37.68292999267578,144.56253051757812
7504,-37.68301010131836,144.56280517578125
7506,-37.684139251708984,144.56369018554688
7507,-37.68385314941406,144.5636749267578
7508,-37.68364334106445,144.56369018554688
7509,-37.68318176269531,144.56381225585938
7511,-37.67890548706055,144.56185913085938
7512,-37.679195404052734,144.56141662597656
7514,-37.684608459472656,144.55677795410156
7515,-37.684112548828125,144.55667114257812
7516,-37.68311309814453,144.56478881835938
7517,-37.683685302734375,144.56466674804688
7518,-37.68384552001953,144.56463623046875
7519,-37.68403244018555,144.5646514892578
7522,-37.684444427490234,144.5591278076172
7523,-37.68388366699219,144.5590057373047
7525,-37.68452835083008,144.55795288085938
7526,-37.68400573730469,144.55792236328125
7527,-37.683837890625,144.55780029296875
7528,-37.68367385864258,144.56065368652344
7529,-37.68359375,144.56028747558594
7530,-37.68357849121094,144.56008911132812
7531,-37.68361282348633,144.55990600585938
7533,-37.681732177734375,144.5564727783203
7534,-37.681766510009766,144.5563201904297
7535,-37.68175506591797,144.55616760253906
7536,-37.68171310424805,144.55564880371094
7537,-37.68172454833984,144.55552673339844
7538,-37.68178939819336,144.55540466308594
7539,-37.681884765625,144.55535888671875
7540,-37.6823844909668,144.5552978515625
7541,-37.68252944946289,144.55532836914062
7542,-37.682647705078125,144.555419921875
7543,-37.68268203735352,144.55560302734375
7544,-37.682655334472656,144.5557403564453
7545,-37.68257141113281,144.5560302734375
7547,-37.681053161621094,144.55613708496094
7548,-37.68099212646485,144.55587768554688
7549,-37.680904388427734,144.55572509765625
7552,-37.68067932128906,144.55560302734375
7553,-37.68058395385742,144.55560302734375
7554,-37.680442810058594,144.55563354492188
7555,-37.67997360229492,144.55606079101562
7556,-37.679935455322266,144.55618286132812
7557,-37.68292236328125,144.55735778808594
7558,-37.68302154541016,144.5572509765625
7559,-37.68316650390625,144.5570068359375
7560,-37.68339538574219,144.55621337890625
7561,-37.68428421020508,144.55389404296875
7562,-37.68379211425781,144.5538330078125
7563,-37.6749153137207,144.56570434570312
7564,-37.67473983764648,144.56578063964844
7565,-37.674583435058594,144.56578063964844
7566,-37.67428970336914,144.56581115722656
7567,-37.674129486083984,144.56585693359375
7568,-37.67391586303711,144.5659942626953
7569,-37.67684555053711,144.56668090820312
7571,-37.676761627197266,144.56634521484375
7572,-37.67667770385742,144.56610107421875
7574,-37.67509078979492,144.5648651123047
7575,-37.67528533935547,144.5648651123047
7576,-37.675445556640625,144.5648651123047
7577,-37.67711639404297,144.5649871826172
7579,-37.676902770996094,144.56512451171875
7580,-37.67676544189453,144.565185546875
7581,-37.676639556884766,144.56520080566406
7582,-37.676513671875,144.5652313232422
7584,-37.676326751708984,144.56532287597656
7585,-37.67610549926758,144.56553649902344
7587,-37.675262451171875,144.5659637451172
7588,-37.67546844482422,144.56578063964844
7589,-37.67597198486328,144.56396484375
7590,-37.67610931396485,144.56455993652344
7591,-37.67519760131836,144.56649780273438
7592,-37.67500686645508,144.5665740966797
7593,-37.67479705810547,144.56663513183594
7594,-37.67439651489258,144.566650390625
7601,-37.67319869995117,144.57005310058594
7602,-37.67381286621094,144.5674285888672
7603,-37.6737060546875,144.5677490234375
7604,-37.67366409301758,144.5679931640625
7605,-37.67367172241211,144.5681915283203
7606,-37.673702239990234,144.5684051513672
7607,-37.67376708984375,144.5687255859375
7608,-37.67387008666992,144.56907653808594
7609,-37.67394256591797,144.56935119628906
7610,-37.67400360107422,144.56980895996094
7612,-37.67367935180664,144.5691375732422
7613,-37.67353820800781,144.56915283203125
7614,-37.67330551147461,144.5691680908203
7615,-37.676475524902344,144.5711212158203
7616,-37.67686462402344,144.5742645263672
7618,-37.6767463684082,144.57447814941406
7619,-37.676124572753906,144.5745849609375
7621,-37.67245864868164,144.5725860595703
7622,-37.672271728515625,144.57240295410156
7623,-37.67186737060547,144.5721435546875
7624,-37.671531677246094,144.57205200195312
7625,-37.671260833740234,144.572021484375
7626,-37.67095184326172,144.57208251953125
7627,-37.67068099975586,144.5722198486328
7633,-37.6672477722168,144.5688018798828
7646,-37.66801834106445,144.5744171142578
7648,-37.66535949707031,144.57069396972656
7649,-37.66539001464844,144.57089233398438
7654,-37.66667556762695,144.56658935546875
7655,-37.6667366027832,144.5666961669922
7656,-37.66678237915039,144.5668182373047
7657,-37.66685104370117,144.56712341308594
7658,-37.667137145996094,144.5687255859375
7681,-37.66731262207031,144.56884765625
7682,-37.6683464050293,144.5684814453125
7687,-37.66960525512695,144.5713348388672
7689,-37.669700622558594,144.57186889648438
7690,-37.66980743408203,144.572021484375
7691,-37.670021057128906,144.572265625
7693,-37.67015838623047,144.57278442382812
7694,-37.670143127441406,144.57301330566406
7695,-37.67006301879883,144.57337951660156
7696,-37.67005157470703,144.57354736328125
7702,-37.66929626464844,144.5739288330078
7704,-37.66927337646485,144.57369995117188
7705,-37.66910552978515,144.57232666015625
7709,-37.667667388916016,144.57177734375
7710,-37.667728424072266,144.57223510742188
7712,-37.66457748413086,144.57069396972656
7713,-37.66521072387695,144.570556640625
7714,-37.66530990600586,144.57041931152344
7715,-37.66512298583984,144.56861877441406
7716,-37.665077209472656,144.5685272216797
7722,-37.66718673706055,144.56915283203125
7723,-37.667205810546875,144.56932067871094
7724,-37.6672477722168,144.5696563720703
7725,-37.667335510253906,144.57000732421875
7726,-37.66754531860352,144.57086181640625
7728,-37.66757583618164,144.571044921875
7734,-37.66704559326172,144.5689239501953
7735,-37.666141510009766,144.56910705566406
7736,-37.666072845458984,144.56912231445312
7738,-37.66851806640625,144.5669403076172
7739,-37.66798782348633,144.56724548339844
7740,-37.66764450073242,144.5673828125
7741,-37.665401458740234,144.56732177734375
7745,-37.66603088378906,144.5667266845703
7746,-37.666160583496094,144.56661987304688
7748,-37.66628646850586,144.5664825439453
7749,-37.666385650634766,144.56614685058594
7752,-37.66656494140625,144.56578063964844
7753,-37.6666374206543,144.56561279296875
7756,-37.666847229003906,144.5653076171875
7757,-37.66730117797851,144.56532287597656
7759,-37.66752243041992,144.5654754638672
7761,-37.66817855834961,144.5662078857422
7762,-37.66837310791016,144.56649780273438
7763,-37.66849136352539,144.56671142578125
7765,-37.668704986572266,144.56727600097656
7766,-37.66878509521485,144.5676727294922
7767,-37.668827056884766,144.5680389404297
7769,-37.66890335083008,144.56845092773438
7770,-37.66900634765625,144.5687713623047
7771,-37.66912841796875,144.56903076171875
7772,-37.66923522949219,144.56922912597656
7776,-37.66764831542969,144.57102966308594
7777,-37.66762161254883,144.57077026367188
7779,-37.66756820678711,144.57044982910156
7780,-37.667457580566406,144.57005310058594
7781,-37.667274475097656,144.5692596435547
7783,-37.66725540161133,144.5690460205078
7785,-37.66593170166016,144.5670928955078
7787,-37.66596984863281,144.5673828125
7788,-37.66595458984375,144.567626953125
7789,-37.66592788696289,144.5678253173828
7790,-37.66593170166016,144.56813049316406
7791,-37.66630935668945,144.57070922851562
7797,-37.67195129394531,144.5655517578125
7798,-37.67074203491211,144.56578063964844
7799,-37.67064666748047,144.56578063964844
7800,-37.670555114746094,144.56576538085938
7802,-37.67034530639648,144.56565856933594
7803,-37.67020034790039,144.56552124023438
7804,-37.67003631591797,144.56539916992188
7805,-37.6695556640625,144.56500244140625
7806,-37.66871643066406,144.5643310546875
7807,-37.66865921020508,144.56423950195312
7811,-37.67213821411133,144.56622314453125
7812,-37.67234802246094,144.56788635253906
7813,-37.672489166259766,144.5690155029297
7814,-37.67253875732422,144.5692138671875
7815,-37.67261505126953,144.5694122314453
7816,-37.66834259033203,144.5637969970703
7817,-37.668399810791016,144.56358337402344
7818,-37.66841506958008,144.56332397460938
7819,-37.668338775634766,144.56251525878906
7820,-37.66958999633789,144.56492614746094
7821,-37.6698112487793,144.5644989013672
7822,-37.66989517211914,144.56443786621094
7823,-37.670013427734375,144.5634002685547
7824,-37.670021057128906,144.56324768066406
7825,-37.67001724243164,144.56295776367188
7826,-37.66992950439453,144.56222534179688
7827,-37.67149353027344,144.56219482421875
7828,-37.670677185058594,144.56234741210938
7829,-37.66926574707031,144.5635528564453
7830,-37.66911697387695,144.56234741210938
7832,-37.670509338378906,144.56492614746094
7833,-37.670597076416016,144.5647735595703
7834,-37.67070770263672,144.56468200683594
7835,-37.67084884643555,144.5646209716797
7836,-37.6711311340332,144.56455993652344
7837,-37.67210006713867,144.5654296875
7838,-37.67204666137695,144.56544494628906
7839,-37.67202377319336,144.56546020507812
7840,-37.6720085144043,144.5654754638672
7848,-37.672149658203125,144.5655975341797
7850,-37.67216491699219,144.56553649902344
7853,-37.672122955322266,144.56544494628906
7854,-37.667579650878906,144.56336975097656
7855,-37.66761779785156,144.5630340576172
7857,-37.66762161254883,144.56289672851562
7858,-37.66759490966797,144.56275939941406
7860,-37.69459533691406,144.56890869140625
7861,-37.69430160522461,144.5664520263672
7864,-37.69451904296875,144.569091796875
7865,-37.693321228027344,144.56932067871094
7866,-37.69249725341797,144.56947326660156
7868,-37.694679260253906,144.56915283203125
7876,-37.69456100463867,144.56903076171875
7880,-37.694576263427734,144.5691680908203
7882,-37.69221115112305,144.56759643554688
7883,-37.69226837158203,144.56768798828125
7884,-37.69253158569336,144.5697479248047
7885,-37.6925048828125,144.5698699951172
7888,-37.691741943359375,144.57000732421875
7889,-37.69171524047851,144.56993103027344
7890,-37.69158935546875,144.56900024414062
7891,-37.6915283203125,144.56883239746094
7893,-37.694454193115234,144.57020568847656
7894,-37.69388961791992,144.5703582763672
7895,-37.693363189697266,144.57040405273438
7899,-37.69514846801758,144.5663604736328
7900,-37.69524765014648,144.56715393066406
7901,-37.695335388183594,144.5679473876953
7903,-37.69557571411133,144.56985473632812
7904,-37.6956787109375,144.57064819335938
7906,-37.69561767578125,144.57081604003906
7907,-37.69554138183594,144.57086181640625
7908,-37.69492721557617,144.5709686279297
7909,-37.69373321533203,144.56790161132812
7910,-37.6932487487793,144.5679931640625
7911,-37.69318008422851,144.5680389404297
7912,-37.69316864013672,144.56813049316406
7913,-37.69330978393555,144.56922912597656
7914,-37.695068359375,144.5719451904297
7915,-37.69614791870117,144.5717315673828
7923,-37.696685791015625,144.57513427734375
7924,-37.69561767578125,144.57534790039062
7927,-37.693546295166016,144.56658935546875
7928,-37.69369888305664,144.56776428222656
7929,-37.69378280639648,144.5679931640625
7930,-37.69380569458008,144.56813049316406
7931,-37.694725036621094,144.5690460205078
7932,-37.69526290893555,144.56895446777344
7933,-37.6971549987793,144.5773468017578
7934,-37.69721603393555,144.57794189453125
7943,-37.69562911987305,144.56985473632812
7944,-37.696144104003906,144.5697784423828
7959,-37.693946838378906,144.57398986816406
7960,-37.6939582824707,144.5740509033203
7961,-37.694183349609375,144.5755157470703
7962,-37.6942253112793,144.5755615234375
7963,-37.69430160522461,144.57557678222656
7964,-37.69539642333984,144.57537841796875
7967,-37.69188690185547,144.57493591308594
7968,-37.69251251220703,144.5748291015625
7969,-37.69315719604492,144.57693481445312
7971,-37.693138122558594,144.57676696777344
7978,-37.69171905517578,144.57400512695312
7980,-37.695186614990234,144.57376098632812
7981,-37.69318389892578,144.5741424560547
7982,-37.6931266784668,144.57415771484375
7983,-37.69530487060547,144.56715393066406
7984,-37.69551086425781,144.56715393066406
7985,-37.69580841064453,144.5670623779297
7996,-37.696922302246094,144.56597900390625
7997,-37.69704055786133,144.56695556640625
7998,-37.69551467895508,144.56887817382812
7999,-37.69669723510742,144.56866455078125
8018,-37.69658660888672,144.56715393066406
8019,-37.69659805297851,144.5670623779297
8020,-37.695404052734375,144.5679473876953
8021,-37.69554901123047,144.5679473876953
8022,-37.69590759277344,144.56785583496094
8023,-37.69721221923828,144.5636749267578
8024,-37.69723129272461,144.563720703125
8025,-37.69730758666992,144.5638885498047
8026,-37.69734954833984,144.5640411376953
8027,-37.6973762512207,144.564208984375
8028,-37.6973762512207,144.56442260742188
8029,-37.69742584228515,144.56480407714844
8031,-37.69513320922851,144.56466674804688
8032,-37.6953125,144.56460571289062
8033,-37.695743560791016,144.56442260742188
8034,-37.69602584838867,144.56427001953125
8035,-37.69630432128906,144.56405639648438
8036,-37.69645690917969,144.56396484375
8037,-37.69659423828125,144.5638885498047
8038,-37.696903228759766,144.5637969970703
8039,-37.69781494140625,144.56324768066406
8040,-37.69803237915039,144.56314086914062
8041,-37.698211669921875,144.5631103515625
8042,-37.69839096069336,144.5631561279297
8043,-37.698543548583984,144.563232421875
8044,-37.69869613647461,144.56346130371094
8045,-37.69879913330078,144.56369018554688
8046,-37.6988639831543,144.5640106201172
8047,-37.69894027709961,144.564453125
8048,-37.699031829833984,144.56509399414062
8050,-37.695762634277344,144.56448364257812
8051,-37.69581985473633,144.56471252441406
8052,-37.69589614868164,144.56509399414062
8053,-37.69278335571289,144.55723571777344
8054,-37.692684173583984,144.55723571777344
8055,-37.6923942565918,144.55726623535156
8056,-37.69202423095703,144.55734252929688
8057,-37.69184494018555,144.55740356445312
8058,-37.69168472290039,144.5574951171875
8059,-37.69142150878906,144.5577392578125
8061,-37.69124603271485,144.55801391601562
8062,-37.69109725952149,144.55841064453125
8063,-37.691009521484375,144.55885314941406
8064,-37.69102478027344,144.5592498779297
8065,-37.69110870361328,144.5595703125
8066,-37.69121551513672,144.55987548828125
8067,-37.691402435302734,144.56021118164062
8068,-37.69181060791016,144.560791015625
8069,-37.69211959838867,144.56112670898438
8070,-37.692256927490234,144.56121826171875
8071,-37.69239807128906,144.561279296875
8072,-37.69261169433594,144.56134033203125
8073,-37.692962646484375,144.56134033203125
8074,-37.69340515136719,144.56118774414062
8075,-37.693641662597656,144.56106567382812
8077,-37.69379806518555,144.5609893798828
8078,-37.69290542602539,144.55821228027344
8079,-37.69281005859375,144.55824279785156
8080,-37.692569732666016,144.5583038330078
8081,-37.69221115112305,144.5583953857422
8082,-37.691864013671875,144.5585174560547
8084,-37.69328308105469,144.56016540527344
8085,-37.69310760498047,144.5602569580078
8086,-37.69290542602539,144.56033325195312
8087,-37.69269180297851,144.56031799316406
8088,-37.6923942565918,144.56024169921875
8089,-37.6990852355957,144.56442260742188
8090,-37.69941711425781,144.5643310546875
8091,-37.69957733154297,144.56431579589844
8092,-37.69984817504883,144.5643310546875
8093,-37.693092346191406,144.55918884277344
8094,-37.69301223754883,144.55921936035156
8095,-37.69279861450195,144.5592803955078
8096,-37.692474365234375,144.55935668945312
8097,-37.691871643066406,144.55943298339844
8099,-37.6965217590332,144.56422424316406
8100,-37.69657516479492,144.56443786621094
8101,-37.69660186767578,144.5646514892578
8102,-37.696659088134766,144.56494140625
8104,-37.69873046875,144.5628204345703
8105,-37.69879150390625,144.56277465820312
8106,-37.699119567871094,144.56277465820312
8107,-37.69923782348633,144.56277465820312
8108,-37.69932556152344,144.56285095214844
8109,-37.69955062866211,144.56314086914062
8110,-37.69961929321289,144.56326293945312
8111,-37.699649810791016,144.5635528564453
8112,-37.695674896240234,144.5556640625
8113,-37.695655822753906,144.5557098388672
8114,-37.695308685302734,144.55674743652344
8115,-37.69512939453125,144.55723571777344
8116,-37.69508361816406,144.5576171875
8117,-37.695072174072266,144.55770874023438
8118,-37.69876480102539,144.55502319335938
8119,-37.698753356933594,144.554931640625
8120,-37.698577880859375,144.55357360839844
8121,-37.698360443115234,144.5586395263672
8122,-37.69831848144531,144.55870056152344
8123,-37.69804000854492,144.55908203125
8124,-37.69770431518555,144.5595245361328
8125,-37.69510269165039,144.56149291992188
8126,-37.69511032104492,144.56155395507812
8127,-37.695167541503906,144.5618896484375
8128,-37.695308685302734,144.56211853027344
8129,-37.69911193847656,144.55892944335938
8130,-37.699100494384766,144.558837890625
8131,-37.69890213012695,144.5572509765625
8132,-37.69364929199219,144.55772399902344
8133,-37.69365692138672,144.55780029296875
8134,-37.69373321533203,144.558349609375
8135,-37.69389343261719,144.55908203125
8136,-37.69969940185547,144.55484008789062
8137,-37.70011138916016,144.55506896972656
8140,-37.700469970703125,144.5550994873047
8141,-37.700592041015625,144.5550994873047
8143,-37.69356918334961,144.5603485107422
8144,-37.69380187988281,144.56016540527344
8145,-37.694305419921875,144.55987548828125
8146,-37.69807815551758,144.55787658691406
8147,-37.6980094909668,144.55789184570312
8148,-37.697540283203125,144.5579833984375
8149,-37.69737243652344,144.55812072753906
8150,-37.69722366333008,144.55828857421875
8151,-37.6971549987793,144.55841064453125
8152,-37.69694519042969,144.55877685546875
8154,-37.696529388427734,144.55918884277344
8156,-37.69512176513672,144.556640625
8157,-37.69443893432617,144.55662536621094
8160,-37.695499420166016,144.5612335205078
8161,-37.695465087890625,144.56097412109375
8162,-37.695411682128906,144.56065368652344
8163,-37.6953239440918,144.560302734375
8164,-37.6952018737793,144.56005859375
8165,-37.695030212402344,144.55987548828125
8166,-37.69466018676758,144.55764770507812
8167,-37.69466018676758,144.55772399902344
8168,-37.69465637207031,144.55892944335938
8169,-37.70066833496094,144.55577087402344
8170,-37.70054626464844,144.5557861328125
8171,-37.698787689208984,144.5561065673828
8174,-37.69472885131836,144.561279296875
8175,-37.69466400146485,144.56092834472656
8176,-37.69459915161133,144.5607147216797
8177,-37.69953536987305,144.55487060546875
8178,-37.69797134399414,144.55517578125
8179,-37.697811126708984,144.5552215576172
8180,-37.69743728637695,144.55531311035156
8181,-37.69719314575195,144.555419921875
8182,-37.69691467285156,144.5555419921875
8183,-37.69644546508789,144.5556182861328
8184,-37.69618225097656,144.55567932128906
8185,-37.69596099853515,144.5557098388672
8186,-37.69520568847656,144.55551147460938
8187,-37.69478988647461,144.55557250976562
8188,-37.694549560546875,144.55560302734375
8189,-37.6943473815918,144.55564880371094
8190,-37.69419479370117,144.5556640625
8191,-37.69393157958984,144.55563354492188
8192,-37.69374465942383,144.55563354492188
8193,-37.693607330322266,144.55569458007812
8194,-37.69337844848633,144.5557861328125
8196,-37.69309997558594,144.55580139160156
8198,-37.696773529052734,144.5602264404297
8199,-37.69681930541992,144.56024169921875
8200,-37.69712448120117,144.56031799316406
8201,-37.697296142578125,144.56039428710938
8202,-37.69782257080078,144.5607452392578
8203,-37.69781494140625,144.5552978515625
8204,-37.69782257080078,144.55569458007812
8205,-37.69789505004883,144.55633544921875
8206,-37.69813537597656,144.55816650390625
8207,-37.698219299316406,144.5584259033203
8208,-37.698585510253906,144.558837890625
8209,-37.698760986328125,144.5589141845703
8210,-37.69902801513672,144.55894470214844
8211,-37.700050354003906,144.5587615966797
8212,-37.70087814331055,144.55862426757812
8214,-37.69717788696289,144.55532836914062
8215,-37.69702911376953,144.5541229248047
8217,-37.69710540771485,144.55397033691406
8218,-37.6972770690918,144.55393981933594
8220,-37.69752502441406,144.55380249023438
8223,-37.69780349731445,144.55386352539062
8224,-37.697879791259766,144.55445861816406
8225,-37.69782257080078,144.5563507080078
8226,-37.69715118408203,144.5564727783203
8227,-37.69691848754883,144.5565185546875
8232,-37.69636154174805,144.5564727783203
8233,-37.696014404296875,144.5576629638672
8235,-37.69581985473633,144.5580596923828
8236,-37.6957893371582,144.55810546875
8237,-37.6965446472168,144.56080627441406
8239,-37.69629669189453,144.56053161621094
8240,-37.696067810058594,144.5601348876953
8242,-37.697166442871094,144.5566864013672
8243,-37.697147369384766,144.55690002441406
8244,-37.695926666259766,144.56130981445312
8245,-37.6959342956543,144.56137084960938
8246,-37.696044921875,144.56179809570312
8247,-37.70057678222656,144.55496215820312
8249,-37.7004280090332,144.5550079345703
8250,-37.700313568115234,144.5550079345703
8251,-37.70015335083008,144.55499267578125
8252,-37.70003509521485,144.5586700439453
8253,-37.69984436035156,144.5570831298828
8254,-37.69286346435547,144.55795288085938
8255,-37.69294738769531,144.55792236328125
8256,-37.69327163696289,144.5578155517578
8257,-37.693809509277344,144.5576629638672
8258,-37.694122314453125,144.55764770507812
8259,-37.6943473815918,144.55763244628906
8260,-37.69525909423828,144.55780029296875
8261,-37.695533752441406,144.5579376220703
8262,-37.69586563110352,144.5582275390625
8263,-37.69605255126953,144.5584716796875
8264,-37.69670104980469,144.55960083007812
8265,-37.6967658996582,144.55990600585938
8266,-37.69666290283203,144.560546875
8267,-37.696163177490234,144.56114196777344
8268,-37.69575500488281,144.56138610839844
8269,-37.69449996948242,144.56149291992188
8270,-37.694313049316406,144.5615997314453
8271,-37.69425964355469,144.56167602539062
8272,-37.69522476196289,144.55540466308594
8273,-37.6953239440918,144.55490112304688
8274,-37.69534683227539,144.5546875
8275,-37.69535446166992,144.55447387695312
8276,-37.69529724121094,144.553955078125
8278,-37.695594787597656,144.5586395263672
8279,-37.695556640625,144.55877685546875
8280,-37.695556640625,144.55894470214844
8281,-37.69567108154297,144.55931091308594
8283,-37.67029571533203,144.5907745361328
8284,-37.67045593261719,144.5902862548828
8285,-37.67047500610352,144.59011840820312
8287,-37.67045593261719,144.58985900878906
8288,-37.67040252685547,144.5896453857422
8289,-37.6702995300293,144.58938598632812
8291,-37.67020797729492,144.58909606933594
8292,-37.67019271850586,144.5889129638672
8293,-37.67024612426758,144.58834838867188
8294,-37.670257568359375,144.58822631835938
8295,-37.67030334472656,144.58753967285156
8296,-37.67033386230469,144.5872344970703
8298,-37.67033004760742,144.58705139160156
8300,-37.67030334472656,144.58677673339844
8301,-37.67023849487305,144.5865020751953
8302,-37.670188903808594,144.5863037109375
8305,-37.66984176635742,144.58572387695312
8306,-37.66974258422851,144.58558654785156
8307,-37.66962432861328,144.58546447753906
8308,-37.669471740722656,144.58538818359375
8309,-37.669315338134766,144.5853271484375
8310,-37.6690559387207,144.5853729248047
8311,-37.66883850097656,144.58551025390625
8312,-37.66859436035156,144.58580017089844
8313,-37.6683349609375,144.58599853515625
8321,-37.67276763916016,144.58694458007812
8324,-37.672828674316406,144.58697509765625
8326,-37.67286682128906,144.58694458007812
8328,-37.672882080078125,144.58689880371094
8330,-37.67286682128906,144.5868377685547
8333,-37.67238998413086,144.58688354492188
8334,-37.672245025634766,144.5869140625
8336,-37.6719970703125,144.5872802734375
8337,-37.67195129394531,144.587646484375
8338,-37.6718635559082,144.58871459960938
8339,-37.67182922363281,144.5892333984375
8340,-37.671871185302734,144.58944702148438
8341,-37.67195129394531,144.589599609375
8342,-37.67213821411133,144.58981323242188
8343,-37.67219924926758,144.5898895263672
8344,-37.67266845703125,144.58877563476562
8345,-37.672611236572266,144.5891571044922
8346,-37.672508239746094,144.58941650390625
8347,-37.67240524291992,144.58961486816406
8348,-37.67735290527344,144.58242797851562
8349,-37.677345275878906,144.5823516845703
8350,-37.677242279052734,144.58148193359375
8351,-37.678199768066406,144.58523559570312
8352,-37.67771530151367,144.58816528320312
8353,-37.67776870727539,144.58860778808594
8354,-37.67639923095703,144.58152770996094
8355,-37.67634201049805,144.58154296875
8356,-37.67522430419922,144.58177185058594
8357,-37.67633438110352,144.5838165283203
8358,-37.676551818847656,144.58554077148438
8359,-37.67692184448242,144.57888793945312
8360,-37.67693328857422,144.57899475097656
8361,-37.67704772949219,144.57997131347656
8363,-37.66903305053711,144.5916290283203
8364,-37.678489685058594,144.5878143310547
8365,-37.678279876708984,144.5860137939453
8366,-37.669044494628906,144.5919647216797
8367,-37.669063568115234,144.59185791015625
8368,-37.66898727416992,144.59124755859375
8369,-37.668914794921875,144.591064453125
8370,-37.67765426635742,144.5787353515625
8371,-37.67618179321289,144.5790252685547
8373,-37.676124572753906,144.57907104492188
8375,-37.676883697509766,144.5883331298828
8376,-37.67698669433594,144.58917236328125
8377,-37.676971435546875,144.58924865722656
8378,-37.676876068115234,144.58935546875
8379,-37.67813491821289,144.59059143066406
8380,-37.67774200439453,144.59027099609375
8381,-37.67766189575195,144.59011840820312
8382,-37.676856994628906,144.58811950683594
8383,-37.67665481567383,144.5863494873047
8384,-37.67859649658203,144.5897979736328
8385,-37.67829895019531,144.58953857421875
8386,-37.678165435791016,144.58949279785156
8387,-37.67658996582031,144.5825653076172
8389,-37.67643356323242,144.5825958251953
8390,-37.6753044128418,144.5828094482422
8391,-37.67462158203125,144.58294677734375
8393,-37.69207763671875,144.58396911621094
8394,-37.692115783691406,144.5838623046875
8395,-37.69206237792969,144.5832977294922
8396,-37.69197845458984,144.5830535888672
8399,-37.690799713134766,144.5851593017578
8400,-37.69076919555664,144.58554077148438
8401,-37.69086456298828,144.5869903564453
8402,-37.6908073425293,144.58633422851562
8403,-37.688838958740234,144.5789031982422
8404,-37.687843322753906,144.57907104492188
8406,-37.69096755981445,144.5841064453125
8407,-37.691139221191406,144.58346557617188
8409,-37.69145202636719,144.58648681640625
8410,-37.69148635864258,144.5860595703125
8411,-37.688961029052734,144.5799560546875
8412,-37.687950134277344,144.58013916015625
8413,-37.689212799072266,144.58203125
8414,-37.68821334838867,144.58221435546875
8415,-37.69149398803711,144.5843048095703
8416,-37.69157028198242,144.58526611328125
8420,-37.68740463256836,144.5728759765625
8421,-37.68732070922851,144.57225036621094
8422,-37.68709182739258,144.57308959960938
8423,-37.68730545043945,144.57489013671875
8424,-37.68747329711914,144.57626342773438
8425,-37.68512725830078,144.57177734375
8426,-37.685054779052734,144.57310485839844
8427,-37.685150146484375,144.57337951660156
8428,-37.68516159057617,144.573486328125
8429,-37.68508529663086,144.57449340820312
8430,-37.68496322631836,144.576171875
8431,-37.68589782714844,144.57630920410156
8432,-37.685890197753906,144.57676696777344
8433,-37.689483642578125,144.57200622558594
8434,-37.68887710571289,144.57211303710938
8435,-37.67853164672851,144.56796264648438
8436,-37.67843246459961,144.56715393066406
8437,-37.67839431762695,144.5669403076172
8438,-37.678340911865234,144.5667724609375
8440,-37.67909240722656,144.56349182128906
8441,-37.67916488647461,144.5636749267578
8442,-37.67926406860352,144.5637969970703
8443,-37.67939376831055,144.5639190673828
8444,-37.67947006225586,144.56402587890625
8445,-37.682342529296875,144.5688018798828
8446,-37.68215560913086,144.57125854492188
8447,-37.68216323852539,144.57135009765625
8448,-37.682228088378906,144.57138061523438
8449,-37.682865142822266,144.5711669921875
8450,-37.682952880859375,144.57110595703125
8451,-37.6829719543457,144.5709991455078
8452,-37.68316650390625,144.5686492919922
8453,-37.68138122558594,144.56898498535156
8454,-37.68144989013672,144.56954956054688
8455,-37.68144989013672,144.5696563720703
8456,-37.681419372558594,144.5701141357422
8457,-37.68132400512695,144.5711669921875
8458,-37.68126678466797,144.57208251953125
8459,-37.68135452270508,144.57009887695312
8460,-37.68098068237305,144.57005310058594
8461,-37.679832458496094,144.5702362060547
8462,-37.67955017089844,144.5652618408203
8463,-37.67984771728515,144.56484985351562
8464,-37.680030822753906,144.56468200683594
8465,-37.68024826049805,144.5645751953125
8466,-37.68102264404297,144.57444763183594
8468,-37.68048858642578,144.57437133789062
8469,-37.68126678466797,144.57115173339844
8470,-37.68086624145508,144.5711212158203
8471,-37.68022918701172,144.57122802734375
8472,-37.67954635620117,144.56674194335938
8473,-37.67915344238281,144.56690979003906
8474,-37.679447174072266,144.5658416748047
8475,-37.67928695678711,144.56585693359375
8476,-37.679054260253906,144.56594848632812
8477,-37.678810119628906,144.56610107421875
8478,-37.68063735961914,144.58302307128906
8479,-37.680545806884766,144.58424377441406
8481,-37.68051528930664,144.58465576171875
8482,-37.680458068847656,144.58544921875
8484,-37.680442810058594,144.5846710205078
8485,-37.68000411987305,144.5847625732422
8486,-37.679901123046875,144.58477783203125
8487,-37.67982864379883,144.58474731445312
8488,-37.679786682128906,144.58468627929688
8489,-37.679744720458984,144.58432006835938
8490,-37.67971420288086,144.58401489257812
8496,-37.6606559753418,144.57789611816406
8497,-37.66044998168945,144.5779266357422
8517,-37.66150665283203,144.57374572753906
8520,-37.6613883972168,144.57418823242188
8521,-37.661155700683594,144.57443237304688
8522,-37.65971755981445,144.5746307373047
8523,-37.65947723388672,144.57469177246094
8524,-37.66544342041016,144.58468627929688
8526,-37.66533279418945,144.58419799804688
8527,-37.66529083251953,144.58306884765625
8528,-37.66526412963867,144.58291625976562
8529,-37.66520690917969,144.58277893066406
8530,-37.6644287109375,144.58152770996094
8531,-37.66194915771485,144.57933044433594
8532,-37.66187286376953,144.57933044433594
8533,-37.66065216064453,144.57957458496094
8534,-37.66154861450195,144.57603454589844
8535,-37.661476135253906,144.5760498046875
8536,-37.66022109985352,144.5762939453125
8537,-37.661415100097656,144.57484436035156
8538,-37.661720275878906,144.57740783691406
8539,-37.6617431640625,144.5775146484375
8540,-37.66178894042969,144.577880859375
8541,-37.66179656982422,144.57801818847656
8542,-37.66204452514648,144.57994079589844
8543,-37.66203308105469,144.58013916015625
8544,-37.661991119384766,144.580322265625
8545,-37.66189193725586,144.58056640625
8547,-37.66178894042969,144.58074951171875
8549,-37.66166687011719,144.58090209960938
8550,-37.66150665283203,144.58103942871094
8551,-37.66134262084961,144.5811309814453
8552,-37.66120910644531,144.58119201660156
8553,-37.66046142578125,144.58132934570312
8554,-37.66320037841797,144.5849609375
8555,-37.66323471069336,144.5846710205078
8556,-37.66288757324219,144.5829315185547
8557,-37.6614875793457,144.57424926757812
8559,-37.661590576171875,144.57386779785156
8561,-37.6674690246582,144.58531188964844
8562,-37.66746520996094,144.58514404296875
8563,-37.66678237915039,144.5793914794922
8564,-37.675994873046875,144.56118774414062
8565,-37.6758918762207,144.5612030029297
8566,-37.67560577392578,144.56124877929688
8567,-37.675174713134766,144.5613250732422
8568,-37.67504119873047,144.56137084960938
8569,-37.67479705810547,144.56146240234375
8570,-37.6745719909668,144.56158447265625
8571,-37.6743278503418,144.5616912841797
8572,-37.67392349243164,144.5618133544922
8573,-37.673702239990234,144.56185913085938
8576,-37.6724853515625,144.5614013671875
8577,-37.67243194580078,144.5613250732422
8578,-37.672386169433594,144.5612030029297
8579,-37.672359466552734,144.56100463867188
8580,-37.67231369018555,144.56069946289062
8581,-37.67229461669922,144.56056213378906
8582,-37.67217254638672,144.55960083007812
8583,-37.672149658203125,144.55941772460938
8584,-37.67212677001953,144.55897521972656
8585,-37.672210693359375,144.55799865722656
8586,-37.672367095947266,144.5574188232422
8587,-37.672454833984375,144.5570831298828
8588,-37.67252731323242,144.55673217773438
8589,-37.67259979248047,144.5560302734375
8590,-37.6726188659668,144.5558319091797
8592,-37.672611236572266,144.55528259277344
8593,-37.672584533691406,144.5550079345703
8594,-37.67255783081055,144.55477905273438
8595,-37.67232894897461,144.55386352539062
8596,-37.672218322753906,144.5533905029297
8597,-37.67210006713867,144.55245971679688
8599,-37.67139434814453,144.56053161621094
8600,-37.67140197753906,144.5601043701172
8601,-37.67131805419922,144.55935668945312
8602,-37.67124557495117,144.5588836669922
8603,-37.67108917236328,144.55850219726562
8604,-37.6708869934082,144.55819702148438
8605,-37.67073440551758,144.5580291748047
8606,-37.670555114746094,144.55783081054688
8612,-37.670448303222656,144.5574951171875
8614,-37.67040252685547,144.5574493408203
8618,-37.6702995300293,144.55751037597656
8624,-37.670372009277344,144.55767822265625
8625,-37.670658111572266,144.55404663085938
8626,-37.67057418823242,144.55406188964844
8627,-37.66984939575195,144.55422973632812
8628,-37.671119689941406,144.5610809326172
8629,-37.67058181762695,144.56114196777344
8630,-37.670352935791016,144.56124877929688
8631,-37.67019271850586,144.56129455566406
8632,-37.670040130615234,144.56130981445312
8633,-37.66987228393555,144.56130981445312
8634,-37.66970443725586,144.5613250732422
8635,-37.669429779052734,144.5614013671875
8636,-37.66899490356445,144.5615234375
8637,-37.66888427734375,144.5615234375
8638,-37.668792724609375,144.56143188476562
8639,-37.66874694824219,144.56126403808594
8640,-37.66862106323242,144.55999755859375
8641,-37.66853713989258,144.55935668945312
8642,-37.66840744018555,144.55828857421875
8644,-37.6694450378418,144.55918884277344
8645,-37.66946029663086,144.55931091308594
8646,-37.6696891784668,144.5612030029297
8647,-37.670257568359375,144.55715942382812
8648,-37.67023468017578,144.55691528320312
8649,-37.67023468017578,144.556640625
8650,-37.6702880859375,144.5563507080078
8652,-37.67048263549805,144.5558319091797
8654,-37.67058944702149,144.55551147460938
8655,-37.6706657409668,144.55511474609375
8656,-37.67069625854492,144.55477905273438
8657,-37.67069625854492,144.55447387695312
8658,-37.67057800292969,144.5533905029297
8662,-37.671478271484375,144.56100463867188
8664,-37.67144775390625,144.56094360351562
8670,-37.671295166015625,144.5609588623047
8682,-37.67227935791016,144.5550537109375
8683,-37.6720085144043,144.55508422851562
8684,-37.67160415649414,144.5550537109375
8685,-37.67021942138672,144.5563201904297
8686,-37.66992950439453,144.5562286376953
8687,-37.6698112487793,144.55621337890625
8688,-37.66969299316406,144.55625915527344
8689,-37.669410705566406,144.55674743652344
8690,-37.669403076171875,144.55686950683594
8691,-37.67047119140625,144.5560302734375
8692,-37.670894622802734,144.55624389648438
8693,-37.6710319519043,144.55621337890625
8694,-37.672264099121094,144.55389404296875
8696,-37.67181396484375,144.55409240722656
8697,-37.671512603759766,144.55410766601562
8699,-37.672088623046875,144.55596923828125
8700,-37.671905517578125,144.5559844970703
8701,-37.67172622680664,144.5560302734375
8702,-37.67214584350586,144.5579833984375
8703,-37.67194366455078,144.55792236328125
8704,-37.67238235473633,144.55706787109375
8705,-37.672096252441406,144.55697631835938
8706,-37.67184066772461,144.55697631835938
8707,-37.67094802856445,144.55813598632812
8708,-37.67109680175781,144.55796813964844
8709,-37.671165466308594,144.55784606933594
8710,-37.67120742797851,144.5576934814453
8714,-37.673614501953125,144.5561981201172
8716,-37.673587799072266,144.55599975585938
8717,-37.67350387573242,144.55577087402344
8718,-37.67402267456055,144.55950927734375
8719,-37.674354553222656,144.55960083007812
8720,-37.6725959777832,144.5615997314453
8721,-37.67242431640625,144.56190490722656
8722,-37.67404556274414,144.5581512451172
8724,-37.67372131347656,144.55810546875
8725,-37.67341613769531,144.55792236328125
8726,-37.67391586303711,144.56088256835938
8727,-37.673465728759766,144.56094360351562
8729,-37.67232131958008,144.5595703125
8730,-37.67253875732422,144.5595703125
8731,-37.67274856567383,144.55960083007812
8732,-37.67546081542969,144.5576629638672
8733,-37.674808502197266,144.55780029296875
8734,-37.67415237426758,144.55860900878906
8735,-37.674556732177734,144.5586395263672
8737,-37.67325592041016,144.55703735351562
8739,-37.673728942871094,144.5599365234375
8740,-37.67356872558594,144.5599365234375
8741,-37.673397064208984,144.5599822998047
8743,-37.672828674316406,144.56053161621094
8744,-37.675567626953125,144.5585479736328
8745,-37.67524719238281,144.55859375
8746,-37.67437744140625,144.56399536132812
8747,-37.6743278503418,144.56375122070312
8748,-37.67417907714844,144.5634307861328
8750,-37.67302322387695,144.56494140625
8751,-37.67273712158203,144.56455993652344
8752,-37.6737060546875,144.56190490722656
8753,-37.67372131347656,144.56224060058594
8754,-37.67372512817383,144.5624237060547
8755,-37.673675537109375,144.56283569335938
8757,-37.67506790161133,144.56375122070312
8758,-37.6750373840332,144.5635528564453
8759,-37.67485809326172,144.56321716308594
8761,-37.67438125610352,144.56198120117188
8762,-37.67439651489258,144.56231689453125
8763,-37.674354553222656,144.56260681152344
8764,-37.67302703857422,144.5635528564453
8765,-37.672847747802734,144.5636444091797
8766,-37.67262268066406,144.56369018554688
8767,-37.672908782958984,144.56280517578125
8768,-37.672733306884766,144.5628204345703
8769,-37.672508239746094,144.56277465820312
8771,-37.67510223388672,144.5616912841797
8772,-37.675106048583984,144.56195068359375
8773,-37.6750602722168,144.5623779296875
8774,-37.6754150390625,144.569580078125
8775,-37.67536163330078,144.56919860839844
8776,-37.675315856933594,144.56898498535156
8777,-37.675262451171875,144.5688018798828
8778,-37.67357635498047,144.56710815429688
8779,-37.67372131347656,144.56678771972656
8780,-37.674766540527344,144.5675811767578
8781,-37.67478942871094,144.56785583496094
8782,-37.67479705810547,144.5681610107422
8783,-37.676761627197266,144.56930541992188
8784,-37.67668914794922,144.5688018798828
8786,-37.67318344116211,144.56826782226562
8788,-37.67413711547851,144.5647430419922
8789,-37.674163818359375,144.5648651123047
8790,-37.67413711547851,144.5649871826172
8791,-37.67605209350586,144.56944274902344
8792,-37.675994873046875,144.56900024414062
8793,-37.675968170166016,144.56869506835938
8794,-37.67376708984375,144.56838989257812
8795,-37.674110412597656,144.56829833984375
8796,-37.675315856933594,144.56741333007812
8797,-37.675418853759766,144.56781005859375
8798,-37.6755256652832,144.5679931640625
8799,-37.6729736328125,144.56614685058594
8800,-37.67324447631836,144.5661163330078
8802,-37.67310333251953,144.5673828125
8803,-37.67327117919922,144.56503295898438
8804,-37.67350769042969,144.5652618408203
8805,-37.674678802490234,144.56973266601562
8806,-37.67464447021485,144.5694122314453
8807,-37.674617767333984,144.5692596435547
8808,-37.67454147338867,144.56895446777344
8809,-37.67699432373047,144.55715942382812
8811,-37.676761627197266,144.5571746826172
8812,-37.676612854003906,144.55714416503906
8813,-37.676414489746094,144.55703735351562
8814,-37.67633056640625,144.55702209472656
8815,-37.67626190185547,144.5570526123047
8816,-37.67371368408203,144.5521697998047
8817,-37.67381286621094,144.5530242919922
8819,-37.67328643798828,144.55442810058594
8820,-37.67327880859375,144.5546417236328
8821,-37.67333221435547,144.55491638183594
8822,-37.677040100097656,144.5576934814453
8823,-37.676979064941406,144.55772399902344
8824,-37.67671203613281,144.5578155517578
8825,-37.67641067504883,144.5579833984375
8826,-37.67462921142578,144.55364990234375
8827,-37.6743049621582,144.5537109375
8828,-37.67580032348633,144.5590057373047
8829,-37.676177978515625,144.55894470214844
8830,-37.67635345458984,144.5589599609375
8831,-37.6766242980957,144.55906677246094
8833,-37.673580169677734,144.5538330078125
8834,-37.67226791381836,144.55337524414062
8835,-37.67276763916016,144.55322265625
8836,-37.6730842590332,144.5531768798828
8837,-37.67683792114258,144.56434631347656
8838,-37.67690658569336,144.56430053710938
8839,-37.67716217041016,144.5641326904297
8840,-37.67877578735352,144.56480407714844
8841,-37.67862701416016,144.56442260742188
8842,-37.67805099487305,144.5652313232422
8844,-37.6779899597168,144.5648956298828
8845,-37.67790603637695,144.5647430419922
8846,-37.677791595458984,144.56460571289062
8847,-37.67670822143555,144.5767364501953
8848,-37.6750373840332,144.57708740234375
8849,-37.6749153137207,144.57705688476562
8851,-37.674705505371094,144.576904296875
8852,-37.67463684082031,144.5767059326172
8853,-37.67459487915039,144.5763397216797
8856,-37.674591064453125,144.57740783691406
8857,-37.671875,144.58763122558594
8858,-37.67106246948242,144.5875244140625
8860,-37.67013168334961,144.58522033691406
8861,-37.67020034790039,144.5850830078125
8862,-37.67023468017578,144.5849151611328
8863,-37.67011642456055,144.58396911621094
8865,-37.66936492919922,144.58387756347656
8866,-37.66933059692383,144.5840301513672
8867,-37.669227600097656,144.583984375
8868,-37.668819427490234,144.58546447753906
8870,-37.668663024902344,144.58511352539062
8871,-37.66856384277344,144.5841827392578
8872,-37.66931915283203,144.58526611328125
8873,-37.66938781738281,144.5845489501953
8874,-37.669376373291016,144.58436584472656
8875,-37.670188903808594,144.58375549316406
8876,-37.66999816894531,144.58384704589844
8877,-37.669944763183594,144.5837860107422
8878,-37.66862106323242,144.5841064453125
8879,-37.668453216552734,144.58413696289062
8882,-37.675567626953125,144.54391479492188
8883,-37.67567443847656,144.5448455810547
8884,-37.67574691772461,144.54544067382812
8885,-37.67578125,144.54568481445312
8886,-37.67578125,144.5458526611328
8887,-37.67569732666016,144.54632568359375
8888,-37.675682067871094,144.54673767089844
8889,-37.67566680908203,144.5474853515625
8891,-37.67561340332031,144.5478057861328
8892,-37.68435287475586,144.55287170410156
8893,-37.683982849121094,144.55282592773438
8894,-37.683876037597656,144.55282592773438
8895,-37.68348693847656,144.55288696289062
8896,-37.683631896972656,144.5477752685547
8897,-37.68363952636719,144.54783630371094
8898,-37.68377304077149,144.54898071289062
8901,-37.684574127197266,144.5476837158203
8902,-37.684600830078125,144.5477752685547
8904,-37.68431091308594,144.55088806152344
8905,-37.68467330932617,144.55038452148438
8906,-37.67901992797851,144.54530334472656
8907,-37.67892837524414,144.54615783691406
8908,-37.678916931152344,144.5462646484375
8909,-37.6788215637207,144.54739379882812
8910,-37.67881774902344,144.54750061035156
8912,-37.6783447265625,144.5440673828125
8913,-37.678428649902344,144.54312133789062
8914,-37.678428649902344,144.5429229736328
8915,-37.67837905883789,144.54241943359375
8917,-37.67830657958984,144.5423126220703
8919,-37.67818832397461,144.5422821044922
8920,-37.67766952514648,144.54237365722656
8923,-37.677635192871094,144.54295349121094
8924,-37.677635192871094,144.54307556152344
8925,-37.67754364013672,144.5441131591797
8927,-37.68468475341797,144.54664611816406
8928,-37.684669494628906,144.54653930664062
8929,-37.68478012084961,144.54478454589844
8930,-37.67916488647461,144.54400634765625
8931,-37.67925262451172,144.54330444335938
8932,-37.67927169799805,144.5430908203125
8933,-37.67926406860352,144.5429229736328
8934,-37.679161071777344,144.54205322265625
8935,-37.67911911010742,144.5416717529297
8936,-37.67314910888672,144.5430450439453
8938,-37.67317581176758,144.54327392578125
8939,-37.67319107055664,144.54344177246094
8940,-37.67908477783203,144.54530334472656
8941,-37.6796875,144.54539489746094
8942,-37.67978286743164,144.54544067382812
8943,-37.680572509765625,144.54571533203125
8944,-37.680660247802734,144.5457763671875
8945,-37.68074035644531,144.54588317871094
8946,-37.6807746887207,144.54605102539062
8948,-37.684417724609375,144.5518035888672
8949,-37.683807373046875,144.55174255371094
8950,-37.6837043762207,144.55174255371094
8951,-37.68312072753906,144.5518798828125
8952,-37.68321990966797,144.54788208007812
8953,-37.68336486816406,144.54783630371094
8954,-37.684425354003906,144.547607421875
8957,-37.68462371826172,144.54739379882812
8958,-37.68465042114258,144.54710388183594
8959,-37.68466567993164,144.54681396484375
8960,-37.68479537963867,144.5467071533203
8961,-37.68547058105469,144.54676818847656
8962,-37.68574905395508,144.5467987060547
8963,-37.67978286743164,144.54550170898438
8964,-37.67975616455078,144.546142578125
8965,-37.67971420288086,144.54629516601562
8966,-37.67965316772461,144.54638671875
8967,-37.67963409423828,144.54652404785156
8968,-37.67962646484375,144.5466766357422
8969,-37.67964553833008,144.54678344726562
8970,-37.67964553833008,144.54693603515625
8971,-37.67962265014648,144.547119140625
8972,-37.67958450317383,144.54754638671875
8973,-37.67490005493164,144.547607421875
8974,-37.67494201660156,144.54685974121094
8975,-37.67494583129883,144.54676818847656
8976,-37.67498779296875,144.546142578125
8977,-37.67499923706055,144.54583740234375
8978,-37.67498779296875,144.54568481445312
8979,-37.67497634887695,144.5456085205078
8980,-37.67496490478515,144.54547119140625
8981,-37.674800872802734,144.5440673828125
8982,-37.68280792236328,144.54928588867188
8984,-37.68252182006836,144.54933166503906
8985,-37.68236541748047,144.5493621826172
8986,-37.68219757080078,144.5493621826172
8987,-37.682037353515625,144.5493927001953
8990,-37.67433547973633,144.54574584960938
8991,-37.67425537109375,144.54571533203125
8992,-37.6742057800293,144.54562377929688
8993,-37.67413711547851,144.54501342773438
8994,-37.67679214477539,144.54396057128906
8995,-37.676883697509766,144.54312133789062
8996,-37.6768913269043,144.54299926757812
8997,-37.67684555053711,144.54269409179688
9000,-37.676761627197266,144.54257202148438
9001,-37.676719665527344,144.54257202148438
9002,-37.67449951171875,144.5430145263672
9003,-37.67409133911133,144.5431671142578
9004,-37.67390060424805,144.54322814941406
9005,-37.6735954284668,144.54322814941406
9006,-37.67338180541992,144.54319763183594
9009,-37.67325210571289,144.54473876953125
9010,-37.67327117919922,144.54495239257812
9011,-37.67329025268555,144.54507446289062
9012,-37.6733283996582,144.54530334472656
9013,-37.67341995239258,144.54562377929688
9014,-37.67353439331055,144.5458984375
9015,-37.67364501953125,144.5460968017578
9016,-37.67375946044922,144.54627990722656
9017,-37.67392349243164,144.5464630126953
9018,-37.674095153808594,144.546630859375
9019,-37.67426300048828,144.54673767089844
9020,-37.67438507080078,144.54678344726562
9021,-37.67452621459961,144.54681396484375
9023,-37.67390441894531,144.54327392578125
9024,-37.67401123046875,144.5440673828125
9026,-37.67809295654297,144.5467071533203
9027,-37.678035736083984,144.546875
9029,-37.68012619018555,144.5438232421875
9030,-37.68040466308594,144.54388427734375
9031,-37.68073654174805,144.54393005371094
9032,-37.68090057373047,144.54393005371094
9035,-37.68107604980469,144.54396057128906
9036,-37.68113327026367,144.5439453125
9037,-37.68147277832031,144.54393005371094
9038,-37.68165588378906,144.5438995361328
9039,-37.68199920654297,144.5438232421875
9040,-37.68206405639648,144.5438232421875
9043,-37.68225860595703,144.54379272460938
9044,-37.682472229003906,144.5437469482422
9045,-37.68282699584961,144.54367065429688
9046,-37.68291473388672,144.54364013671875
9048,-37.68317794799805,144.54344177246094
9050,-37.68391418457031,144.54376220703125
9051,-37.6838264465332,144.54513549804688
9053,-37.683815002441406,144.5453643798828
9054,-37.683815002441406,144.54547119140625
9055,-37.68375396728515,144.54641723632812
9056,-37.68372344970703,144.54653930664062
9057,-37.68366622924805,144.54660034179688
9058,-37.683563232421875,144.54666137695312
9059,-37.68308639526367,144.5467529296875
9060,-37.68299102783203,144.54672241210938
9061,-37.68292236328125,144.5466766357422
9062,-37.682498931884766,144.54617309570312
9063,-37.68246078491211,144.54608154296875
9064,-37.68214416503906,144.5438995361328
9065,-37.67702102661133,144.54425048828125
9066,-37.6767692565918,144.5453338623047
9067,-37.676753997802734,144.54554748535156
9068,-37.67677307128906,144.54571533203125
9069,-37.67686080932617,144.5462646484375
9071,-37.683074951171875,144.54249572753906
9072,-37.683006286621094,144.54251098632812
9073,-37.682403564453125,144.5426483154297
9074,-37.68233871459961,144.54266357421875
9076,-37.68101119995117,144.54437255859375
9077,-37.68099594116211,144.54452514648438
9078,-37.68097305297851,144.54466247558594
9081,-37.68381118774414,144.54127502441406
9082,-37.68381881713867,144.5413360595703
9083,-37.68398666381836,144.54278564453125
9084,-37.68070983886719,144.5417938232422
9085,-37.68084335327149,144.5428924560547
9086,-37.68087387084961,144.54296875
9087,-37.680946350097656,144.54299926757812
9088,-37.68144607543945,144.54298400878906
9089,-37.68153381347656,144.54295349121094
9090,-37.68157577514648,144.54290771484375
9091,-37.68159866333008,144.5427703857422
9092,-37.68147659301758,144.54165649414062
9094,-37.68302154541016,144.5414276123047
9095,-37.684303283691406,144.5411834716797
9096,-37.68467330932617,144.54110717773438
9099,-37.68477249145508,144.54119873046875
9100,-37.68488693237305,144.54217529296875
9101,-37.68489074707031,144.54229736328125
9102,-37.684810638427734,144.5436553955078
9104,-37.67852783203125,144.5462188720703
9105,-37.678192138671875,144.5462646484375
9106,-37.67802047729492,144.54627990722656
9107,-37.67721939086914,144.54632568359375
9108,-37.67716217041016,144.54632568359375
9109,-37.67662811279297,144.5464324951172
9110,-37.67649459838867,144.5464630126953
9111,-37.676422119140625,144.54647827148438
9112,-37.676231384277344,144.54647827148438
9113,-37.675758361816406,144.5463409423828
9114,-37.685672760009766,144.54385375976562
9115,-37.68487548828125,144.5437774658203
9116,-37.684715270996094,144.54376220703125
9117,-37.68399810791016,144.54368591308594
9118,-37.6838264465332,144.54367065429688
9119,-37.683502197265625,144.5436553955078
9123,-37.68312454223633,144.54290771484375
9124,-37.682884216308594,144.54090881347656
9126,-37.68312072753906,144.5452117919922
9128,-37.67802810668945,144.54605102539062
9129,-37.678077697753906,144.54588317871094
9130,-37.6781005859375,144.54541015625
9132,-37.677978515625,144.5452880859375
9133,-37.67751693725586,144.54534912109375
9134,-37.677242279052734,144.5477294921875
9138,-37.68302917480469,144.54458618164062
9139,-37.68313980102539,144.54531860351562
9140,-37.68000793457031,144.54437255859375
9142,-37.680137634277344,144.54368591308594
9143,-37.679954528808594,144.54209899902344
9145,-37.67643356323242,144.54762268066406
9148,-37.68622970581055,144.55484008789062
9149,-37.6861572265625,144.55596923828125
9152,-37.68669891357422,144.5547332763672
9153,-37.687110900878906,144.5547637939453
9156,-37.688045501708984,144.55450439453125
9157,-37.687744140625,144.55247497558594
9158,-37.68750762939453,144.55189514160156
9159,-37.687477111816406,144.5518341064453
9165,-37.687129974365234,144.55197143554688
9166,-37.68648910522461,144.55197143554688
9170,-37.6862678527832,144.554443359375
9171,-37.686279296875,144.55410766601562
9172,-37.6862907409668,144.553955078125
9173,-37.68630599975586,144.5538787841797
9175,-37.68617630004883,144.55462646484375
9179,-37.686187744140625,144.55474853515625
9186,-37.6862907409668,144.55462646484375
9190,-37.69351577758789,144.5479278564453
9197,-37.68381881713867,144.57557678222656
9198,-37.6838493347168,144.57498168945312
9199,-37.68241500854492,144.5778045654297
9200,-37.682247161865234,144.57777404785156
9216,-37.68429946899414,144.58334350585938
9241,-37.6856803894043,144.58355712890625
9242,-37.685760498046875,144.58355712890625
9287,-37.68180465698242,144.58285522460938
9291,-37.681785583496094,144.58303833007812
9294,-37.68305206298828,144.58053588867188
9295,-37.68222427368164,144.58038330078125
9297,-37.68388748168945,144.57350158691406
9298,-37.68574905395508,144.58079528808594
9299,-37.68487930297851,144.58070373535156
9300,-37.687286376953125,144.5791778564453
9301,-37.68631362915039,144.57936096191406
9302,-37.686134338378906,144.57937622070312
9303,-37.680023193359375,144.57652282714844
9304,-37.680850982666016,144.5766143798828
9307,-37.68465042114258,144.58197021484375
9310,-37.68574142456055,144.58094787597656
9312,-37.68877410888672,144.5685577392578
9313,-37.67985153198242,144.57432556152344
9314,-37.67961120605469,144.57432556152344
9315,-37.679443359375,144.5743408203125
9322,-37.68476104736328,144.5803985595703
9323,-37.68743896484375,144.5802459716797
9324,-37.68693542480469,144.58035278320312
9325,-37.68606185913086,144.5802459716797
9326,-37.68044662475586,144.57257080078125
9327,-37.68046188354492,144.5727996826172
9328,-37.68044662475586,144.5732421875
9330,-37.68449783325195,144.57025146484375
9331,-37.686790466308594,144.58457946777344
9332,-37.686805725097656,144.5843963623047
9333,-37.68679428100586,144.58419799804688
9334,-37.686798095703125,144.583984375
9335,-37.68681716918945,144.58377075195312
9336,-37.6958122253418,144.57081604003906
9337,-37.69574737548828,144.57078552246094
9339,-37.68765640258789,144.5823211669922
9340,-37.686988830566406,144.58245849609375
9341,-37.68689727783203,144.58245849609375
9342,-37.68590545654297,144.5823211669922
9345,-37.68461608886719,144.5686798095703
9346,-37.68461608886719,144.56874084472656
9347,-37.68447494506836,144.57052612304688
9349,-37.6844482421875,144.57064819335938
9352,-37.68398666381836,144.56875610351562
9353,-37.6839714050293,144.56886291503906
9354,-37.68386459350586,144.5703125
9355,-37.68385314941406,144.57046508789062
9356,-37.68385314941406,144.57061767578125
9357,-37.68387222290039,144.5707550048828
9359,-37.683372497558594,144.5767822265625
9360,-37.6837272644043,144.57208251953125
9361,-37.68378448486328,144.5718994140625
9371,-37.68265914916992,144.58816528320312
9374,-37.671329498291016,144.55259704589844
9375,-37.671409606933594,144.55319213867188
9393,-37.66417694091797,144.56922912597656
9394,-37.6642951965332,144.56871032714844
9395,-37.66434097290039,144.56861877441406
9396,-37.664405822753906,144.5684814453125
9397,-37.66450500488281,144.56837463378906
9398,-37.66471481323242,144.56826782226562
9399,-37.66490173339844,144.5680694580078
9400,-37.66498565673828,144.56790161132812
9402,-37.66506576538086,144.5674591064453
9403,-37.66503143310547,144.5672607421875
9406,-37.66483688354492,144.5668182373047
9408,-37.664676666259766,144.566650390625
9409,-37.6645622253418,144.56658935546875
9410,-37.663875579833984,144.56639099121094
9411,-37.66373443603515,144.56634521484375
9412,-37.6633186340332,144.5663604736328
9413,-37.6630744934082,144.56631469726562
9414,-37.66146469116211,144.56996154785156
9415,-37.661643981933594,144.57106018066406
9417,-37.661624908447266,144.57118225097656
9420,-37.66153717041016,144.5712432861328
9422,-37.66128158569336,144.57131958007812
9423,-37.66102981567383,144.57139587402344
9424,-37.66090774536133,144.57147216796875
9425,-37.66083908081055,144.57150268554688
9428,-37.66070938110352,144.57151794433594
9429,-37.66067123413086,144.57147216796875
9431,-37.66064453125,144.57138061523438
9432,-37.66051483154297,144.57034301757812
9433,-37.6605110168457,144.56936645507812
9434,-37.6605110168457,144.5692901611328
9435,-37.6605110168457,144.5692138671875
9437,-37.66040802001953,144.56912231445312
9438,-37.65972137451172,144.5691375732422
9439,-37.67237854003906,144.5753936767578
9440,-37.67247772216797,144.57553100585938
9441,-37.67261505126953,144.5758056640625
9442,-37.672664642333984,144.5760040283203
9443,-37.672725677490234,144.5765380859375
9444,-37.67283630371094,144.5774688720703
9445,-37.672908782958984,144.57810974121094
9447,-37.67279815673828,144.57846069335938
9448,-37.67268753051758,144.5784912109375
9449,-37.67070770263672,144.57884216308594
9450,-37.670597076416016,144.57879638671875
9451,-37.670528411865234,144.5786895751953
9452,-37.67049407958984,144.57855224609375
9453,-37.67045974731445,144.57781982421875
9454,-37.67045593261719,144.5777587890625
9455,-37.67041778564453,144.57696533203125
9456,-37.67041015625,144.57679748535156
9457,-37.67042541503906,144.5760955810547
9459,-37.66365051269531,144.56985473632812
9460,-37.66350173950195,144.57000732421875
9461,-37.66326141357422,144.57017517089844
9462,-37.66303634643555,144.57029724121094
9463,-37.66278839111328,144.57037353515625
9464,-37.66264343261719,144.57037353515625
9466,-37.66223907470703,144.57044982910156
9467,-37.6622200012207,144.5705108642578
9468,-37.66228103637695,144.57098388671875
9470,-37.65909576416016,144.5685577392578
9471,-37.65904998779297,144.5683135986328
9472,-37.65882110595703,144.5677947998047
9480,-37.65851211547851,144.5675811767578
9481,-37.65850067138672,144.5675811767578
9483,-37.65826416015625,144.56773376464844
9484,-37.65797424316406,144.5677947998047
9485,-37.65763092041016,144.56790161132812
9491,-37.657493591308594,144.56820678710938
9492,-37.65762710571289,144.5691680908203
9493,-37.65767288208008,144.56973266601562
9494,-37.65773391723633,144.5702667236328
9495,-37.65785217285156,144.5711212158203
9496,-37.65786361694336,144.57119750976562
9501,-37.65800094604492,144.5712890625
9502,-37.65803146362305,144.57127380371094
9503,-37.657596588134766,144.5697479248047
9504,-37.65696334838867,144.56988525390625
9505,-37.65690231323242,144.56988525390625
9506,-37.6685791015625,144.57650756835938
9507,-37.66849899291992,144.57652282714844
9508,-37.66765213012695,144.57669067382812
9509,-37.671913146972656,144.5767059326172
9510,-37.672664642333984,144.57655334472656
9511,-37.670841217041016,144.57781982421875
9512,-37.67131042480469,144.57777404785156
9513,-37.672027587890625,144.57763671875
9514,-37.67278289794922,144.57748413085938
9515,-37.67118453979492,144.5768585205078
9516,-37.66387939453125,144.56460571289062
9517,-37.66394805908203,144.56466674804688
9518,-37.664546966552734,144.56454467773438
9519,-37.67301177978515,144.57838439941406
9520,-37.67340469360352,144.57835388183594
9523,-37.66809844970703,144.57559204101562
9524,-37.66759490966797,144.57571411132812
9528,-37.66230773925781,144.56980895996094
9529,-37.6623420715332,144.57020568847656
9530,-37.66602325439453,144.56529235839844
9531,-37.66572570800781,144.5648651123047
9532,-37.66550827026367,144.56312561035156
9533,-37.65864944458008,144.56744384765625
9534,-37.65895080566406,144.56700134277344
9535,-37.66130828857422,144.56814575195312
9536,-37.66117858886719,144.5681610107422
9537,-37.66081237792969,144.5682373046875
9538,-37.660762786865234,144.56826782226562
9539,-37.66237258911133,144.5648651123047
9540,-37.66300582885742,144.5650177001953
9542,-37.6720085144043,144.57337951660156
9543,-37.67171859741211,144.57321166992188
9544,-37.67142868041992,144.57310485839844
9545,-37.67118835449219,144.57308959960938
9546,-37.671043395996094,144.57313537597656
9547,-37.67094039916992,144.57322692871094
9548,-37.65956497192383,144.5698699951172
9549,-37.65932083129883,144.56988525390625
9550,-37.65886306762695,144.56996154785156
9551,-37.65839767456055,144.5701141357422
9552,-37.65780258178711,144.57025146484375
9554,-37.67231369018555,144.57444763183594
9555,-37.67201232910156,144.57443237304688
9556,-37.6717643737793,144.57437133789062
9557,-37.671409606933594,144.57420349121094
9558,-37.67122268676758,144.57415771484375
9559,-37.67109680175781,144.57420349121094
9561,-37.67009735107422,144.57070922851562
9562,-37.668121337890625,144.57110595703125
9563,-37.66251373291016,144.56597900390625
9564,-37.66239547729492,144.56593322753906
9569,-37.661865234375,144.56573486328125
9570,-37.661861419677734,144.56581115722656
9571,-37.66187286376953,144.56588745117188
9572,-37.662017822265625,144.56712341308594
9574,-37.661991119384766,144.56735229492188
9575,-37.661983489990234,144.56741333007812
9578,-37.6711311340332,144.57505798339844
9579,-37.67124938964844,144.5750732421875
9580,-37.67134094238281,144.57513427734375
9581,-37.671478271484375,144.57533264160156
9582,-37.67157745361328,144.57557678222656
9587,-37.6583137512207,144.56639099121094
9588,-37.65824890136719,144.56649780273438
9589,-37.65816116333008,144.56658935546875
9590,-37.65802001953125,144.56666564941406
9591,-37.65779495239258,144.5666961669922
9592,-37.65726852416992,144.56678771972656
9594,-37.66429901123047,144.56744384765625
9595,-37.66416549682617,144.56748962402344
9596,-37.663795471191406,144.56744384765625
9597,-37.66373062133789,144.56747436523438
9598,-37.66372299194336,144.5675506591797
9599,-37.66377639770508,144.56805419921875
9602,-37.65934371948242,144.56541442871094
9604,-37.659515380859375,144.56512451171875
9606,-37.65973663330078,144.5649871826172
9607,-37.65888595581055,144.56626892089844
9608,-37.65928649902344,144.5656280517578
9610,-37.659461975097656,144.5656280517578
9611,-37.66025161743164,144.56654357910156
9612,-37.66080856323242,144.56558227539062
9613,-37.66087341308594,144.56570434570312
9614,-37.66093444824219,144.5658721923828
9615,-37.6610107421875,144.5664520263672
9616,-37.66109085083008,144.5667724609375
9617,-37.66111373901367,144.56687927246094
9619,-37.66111755371094,144.56700134277344
9624,-37.663177490234375,144.57305908203125
9625,-37.66382598876953,144.57443237304688
9626,-37.66387176513672,144.5746307373047
9627,-37.66388320922851,144.57485961914062
9628,-37.66379928588867,144.57601928710938
9629,-37.6639404296875,144.57691955566406
9632,-37.65726089477539,144.56671142578125
9633,-37.65718460083008,144.56610107421875
9634,-37.657169342041016,144.56600952148438
9637,-37.657188415527344,144.56588745117188
9639,-37.65738677978515,144.56556701660156
9644,-37.65739822387695,144.56529235839844
9645,-37.65716171264648,144.56503295898438
9646,-37.659523010253906,144.56871032714844
9648,-37.65903854370117,144.56875610351562
9649,-37.658653259277344,144.56886291503906
9650,-37.658302307128906,144.56895446777344
9651,-37.65775680541992,144.56915283203125
9652,-37.6627197265625,144.56739807128906
9653,-37.662113189697266,144.5675048828125
9655,-37.66197967529297,144.56759643554688
9656,-37.66205978393555,144.56822204589844
9659,-37.66219711303711,144.5682830810547
9660,-37.66278076171875,144.5681610107422
9662,-37.662452697753906,144.56419372558594
9663,-37.662452697753906,144.56387329101562
9664,-37.66282653808594,144.57046508789062
9665,-37.663143157958984,144.57081604003906
9667,-37.663238525390625,144.57080078125
9670,-37.663475036621094,144.5704803466797
9672,-37.6728401184082,144.57135009765625
9673,-37.67189025878906,144.57110595703125
9674,-37.67148971557617,144.57093811035156
9675,-37.671348571777344,144.57090759277344
9676,-37.66812896728515,144.5714874267578
9677,-37.661399841308594,144.56910705566406
9678,-37.66138458251953,144.56866455078125
9679,-37.661319732666016,144.56822204589844
9680,-37.66117858886719,144.56732177734375
9681,-37.66116714477539,144.56724548339844
9687,-37.660987854003906,144.56710815429688
9688,-37.66091537475586,144.56710815429688
9689,-37.66051483154297,144.56719970703125
9690,-37.66033172607422,144.56723022460938
9692,-37.66013717651367,144.56735229492188
9695,-37.65996170043945,144.56752014160156
9697,-37.66325378417969,144.56500244140625
9698,-37.6638298034668,144.5650634765625
9700,-37.66389465332031,144.56512451171875
9701,-37.66389083862305,144.56536865234375
9702,-37.66389846801758,144.5654296875
9704,-37.662105560302734,144.56837463378906
9705,-37.66211700439453,144.5684356689453
9706,-37.66217041015625,144.5685577392578
9707,-37.6622200012207,144.5687255859375
9708,-37.66231918334961,144.56951904296875
9709,-37.66239929199219,144.56959533691406
9710,-37.66327667236328,144.5694122314453
9712,-37.658714294433594,144.57119750976562
9713,-37.65882110595703,144.57183837890625
9714,-37.65885543823242,144.5722198486328
9715,-37.65886688232422,144.5724334716797
9716,-37.65885925292969,144.572509765625
9720,-37.65876007080078,144.57260131835938
9721,-37.65816116333008,144.5726776123047
9724,-37.65806579589844,144.5726318359375
9725,-37.65804672241211,144.5725860595703
9726,-37.65801239013672,144.57247924804688
9727,-37.65794372558594,144.57203674316406
9728,-37.65789031982422,144.5716094970703
9729,-37.65787887573242,144.57147216796875
9732,-37.668060302734375,144.5746307373047
9733,-37.66814804077149,144.5753936767578
9735,-37.66837310791016,144.57546997070312
9736,-37.668434143066406,144.57546997070312
9737,-37.668460845947266,144.5755615234375
9738,-37.668704986572266,144.57754516601562
9739,-37.66875076293945,144.5779266357422
9740,-37.66878128051758,144.5780029296875
9741,-37.66886901855469,144.57803344726562
9742,-37.66942596435547,144.57794189453125
9743,-37.669559478759766,144.57791137695312
9744,-37.66962814331055,144.57786560058594
9745,-37.66965103149414,144.57778930664062
9746,-37.66965866088867,144.5777587890625
9747,-37.669532775878906,144.57659912109375
9748,-37.66764450073242,144.5657196044922
9750,-37.66740036010742,144.56622314453125
9753,-37.729347229003906,144.5417022705078
9754,-37.72620391845703,144.5409393310547
9755,-37.72610855102539,144.54071044921875
9756,-37.72551345825195,144.53924560546875
9760,-37.72501373291016,144.53759765625
9761,-37.724971771240234,144.5371551513672
9765,-37.72468566894531,144.53436279296875
9772,-37.72180938720703,144.5342559814453
9776,-37.68840408325195,144.5874481201172
9777,-37.68844985961914,144.58592224121094
9778,-37.68845748901367,144.58560180664062
9779,-37.72932815551758,144.5415496826172
9813,-37.68646240234375,144.59193420410156
9814,-37.68659210205078,144.5919647216797
9818,-37.68313980102539,144.58746337890625
9820,-37.68318176269531,144.58639526367188
9824,-37.65608978271485,144.61135864257812
9854,-37.675315856933594,144.56982421875
9875,-37.71067428588867,144.5708465576172
9878,-37.70938491821289,144.56777954101562
9880,-37.70954895019531,144.56764221191406
9882,-37.71126174926758,144.5642852783203
9883,-37.71127700805664,144.56446838378906
9884,-37.71127700805664,144.56455993652344
9885,-37.71124649047851,144.56463623046875
9886,-37.71057891845703,144.5657958984375
9887,-37.71015930175781,144.56646728515625
9888,-37.70929718017578,144.56668090820312
9889,-37.71051406860352,144.5657196044922
9891,-37.710208892822266,144.5654754638672
9892,-37.71013259887695,144.56544494628906
9893,-37.709861755371094,144.5655059814453
9894,-37.712894439697266,144.55657958984375
9895,-37.71271133422851,144.55661010742188
9897,-37.71258544921875,144.556640625
9898,-37.71247100830078,144.55667114257812
9900,-37.7122688293457,144.5567626953125
9901,-37.7121467590332,144.5568389892578
9902,-37.712032318115234,144.55691528320312
9903,-37.7119140625,144.55702209472656
9904,-37.71181106567383,144.55711364746094
9905,-37.71172332763672,144.55722045898438
9906,-37.71162796020508,144.5573272705078
9907,-37.71128845214844,144.5577850341797
9908,-37.710792541503906,144.55844116210938
9909,-37.71060562133789,144.55868530273438
9910,-37.71019744873047,144.55923461914062
9916,-37.710182189941406,144.55938720703125
9917,-37.71045684814453,144.5598602294922
9923,-37.71041488647461,144.55999755859375
9924,-37.70978164672851,144.56057739257812
9925,-37.70919418334961,144.56109619140625
9926,-37.70895767211914,144.56130981445312
9927,-37.70880889892578,144.5614471435547
9929,-37.708351135253906,144.56195068359375
9930,-37.70811080932617,144.56222534179688
9932,-37.70796203613281,144.56251525878906
9933,-37.70792388916016,144.5626983642578
9934,-37.70791244506836,144.5628662109375
9935,-37.707984924316406,144.5634002685547
9951,-37.70807647705078,144.56381225585938
9952,-37.70809173583984,144.56378173828125
9954,-37.70784378051758,144.5628662109375
9955,-37.7074089050293,144.5629425048828
9956,-37.70722961425781,144.5629425048828
9957,-37.70700454711914,144.56297302246094
9958,-37.706546783447266,144.56312561035156
9959,-37.7064323425293,144.563232421875
9960,-37.70722198486328,144.56251525878906
9961,-37.707157135009766,144.56234741210938
9963,-37.70820999145508,144.56175231933594
9964,-37.708003997802734,144.56146240234375
9965,-37.707794189453125,144.56124877929688
9966,-37.708587646484375,144.56187438964844
9967,-37.70868682861328,144.56201171875
9968,-37.70879364013672,144.56214904785156
9969,-37.70882415771485,144.56224060058594
9970,-37.70881271362305,144.5624542236328
10003,-37.66804885864258,144.55433654785156
10004,-37.66854095458984,144.55422973632812
10005,-37.668670654296875,144.55422973632812
10006,-37.668758392333984,144.55426025390625
10007,-37.66886138916016,144.55430603027344
10008,-37.66893005371094,144.5543670654297
10009,-37.66899108886719,144.55445861816406
10010,-37.669315338134766,144.5550079345703
10011,-37.66936111450195,144.5551300048828
10012,-37.66938018798828,144.55523681640625
10015,-37.68357849121094,144.56129455566406
10016,-37.6835823059082,144.56141662597656
10017,-37.683563232421875,144.56161499023438
10018,-37.68349075317383,144.56179809570312
10020,-37.68140411376953,144.56103515625
10022,-37.67757034301758,144.56692504882812
10023,-37.67764663696289,144.5675506591797
10024,-37.677677154541016,144.5677947998047
10028,-37.67349624633789,144.57440185546875
10029,-37.6734504699707,144.57437133789062
10032,-37.673343658447266,144.57437133789062
10033,-37.67333221435547,144.5744171142578
10069,-37.6777458190918,144.56881713867188
10084,-37.67755126953125,144.5666046142578
10086,-37.67755889892578,144.5665740966797
10089,-37.67753601074219,144.56651306152344
10102,-37.669830322265625,144.58705139160156
10103,-37.66947937011719,144.58694458007812
10104,-37.66931915283203,144.58692932128906
10105,-37.66887664794922,144.58700561523438
10106,-37.668792724609375,144.58688354492188
10107,-37.668827056884766,144.58712768554688
10108,-37.66984939575195,144.58816528320312
10109,-37.66974258422851,144.58815002441406
10110,-37.66960906982422,144.58807373046875
10111,-37.669464111328125,144.58795166015625
10112,-37.66933059692383,144.58790588378906
10113,-37.66918182373047,144.58787536621094
10115,-37.66891098022461,144.58779907226562
10116,-37.66892623901367,144.58804321289062
10125,-37.668212890625,144.58926391601562
10134,-37.6700439453125,144.58932495117188
10135,-37.6699333190918,144.58937072753906
10136,-37.66981887817383,144.58937072753906
10137,-37.669700622558594,144.58934020996094
10138,-37.66912841796875,144.5888671875
10139,-37.66908645629883,144.5886993408203
10140,-37.66911697387695,144.58877563476562
10141,-37.66901016235352,144.5889434814453
10144,-37.67076873779297,144.5899658203125
10145,-37.67085266113281,144.5899200439453
10147,-37.67109680175781,144.5894775390625
10148,-37.67108154296875,144.5894775390625
10150,-37.67106628417969,144.5895233154297
10151,-37.6711540222168,144.58987426757812
10153,-37.671173095703125,144.58987426757812
10154,-37.671180725097656,144.58985900878906
10155,-37.67329025268555,144.5913543701172
10156,-37.67320251464844,144.59104919433594
10157,-37.67313003540039,144.5908203125
10158,-37.67304992675781,144.59066772460938
10161,-37.672977447509766,144.59027099609375
10167,-37.67269515991211,144.59059143066406
10168,-37.67367172241211,144.5888214111328
10170,-37.67344665527344,144.58885192871094
10171,-37.67346954345703,144.58848571777344
10174,-37.67349624633789,144.58905029296875
10175,-37.673458099365234,144.58909606933594
10176,-37.67340850830078,144.589111328125
10177,-37.6726188659668,144.5918731689453
10178,-37.67254638671875,144.59173583984375
10179,-37.67249298095703,144.59156799316406
10181,-37.67243957519531,144.5908203125
10183,-37.67244720458984,144.59095764160156
10184,-37.67242431640625,144.59104919433594
10186,-37.672237396240234,144.5912628173828
10188,-37.67017364501953,144.55767822265625
10189,-37.669925689697266,144.5578155517578
10190,-37.669700622558594,144.55792236328125
10191,-37.66948318481445,144.55796813964844
10192,-37.66858673095703,144.5581817626953
10195,-37.66792297363281,144.55825805664062
10197,-37.66691970825195,144.55845642089844
10198,-37.66659164428711,144.55850219726562
10202,-37.67056655883789,144.56103515625
10203,-37.670387268066406,144.55953979492188
10204,-37.67036437988281,144.55929565429688
10205,-37.67031478881836,144.5591583251953
10206,-37.67019271850586,144.55905151367188
10207,-37.67005920410156,144.55905151367188
10208,-37.66954803466797,144.55917358398438
10209,-37.67610549926758,144.56204223632812
10210,-37.67603302001953,144.56207275390625
10211,-37.67572021484375,144.5621337890625
10212,-37.675819396972656,144.5638427734375
10213,-37.675777435302734,144.56353759765625
10214,-37.6756591796875,144.5631866455078
10215,-37.67556381225586,144.56300354003906
10216,-37.67325210571289,144.56381225585938
10217,-37.67349624633789,144.56369018554688
10218,-37.679901123046875,144.56053161621094
10219,-37.679805755615234,144.56089782714844
10221,-37.68056106567383,144.5613250732422
10222,-37.67862701416016,144.56060791015625
10223,-37.678524017333984,144.56044006347656
10225,-37.6781120300293,144.56594848632812
10226,-37.67815780639648,144.56907653808594
10227,-37.67985534667969,144.56875610351562
10229,-37.68070602416992,144.568603515625
10237,-37.68025588989258,144.56881713867188
10238,-37.681922912597656,144.5685577392578
10239,-37.67615509033203,144.5669403076172
10240,-37.67610549926758,144.56668090820312
10241,-37.67597579956055,144.56637573242188
10242,-37.67695617675781,144.57447814941406
10243,-37.67611312866211,144.5791778564453
10244,-37.676517486572266,144.58251953125
10245,-37.676536560058594,144.58267211914062
10246,-37.67665100097656,144.58355712890625
10247,-37.67530059814453,144.58274841308594
10248,-37.67520523071289,144.58197021484375
10263,-37.68933868408203,144.5830535888672
10264,-37.688438415527344,144.583251953125
10265,-37.68775177001953,144.5833740234375
10266,-37.68737030029297,144.58346557617188
10267,-37.68709182739258,144.58351135253906
10268,-37.686954498291016,144.58351135253906
10269,-37.68684387207031,144.58351135253906
10270,-37.68604278564453,144.58340454101562
10273,-37.685543060302734,144.58335876464844
10274,-37.68503189086914,144.5832977294922
10275,-37.68466567993164,144.583251953125
10276,-37.67604064941406,144.58827209472656
10277,-37.675498962402344,144.583984375
10279,-37.674686431884766,144.5859832763672
10280,-37.675010681152344,144.5885467529297
10281,-37.67509841918945,144.58924865722656
10282,-37.67340087890625,144.58978271484375
10284,-37.67330551147461,144.58950805664062
10286,-37.673362731933594,144.589599609375
10289,-37.67316055297851,144.58985900878906
10290,-37.66304016113281,144.5925750732422
10291,-37.663028717041016,144.59197998046875
10292,-37.6629524230957,144.59130859375
10294,-37.66374969482422,144.5926513671875
10295,-37.663841247558594,144.5921630859375
10296,-37.663856506347656,144.59201049804688
10297,-37.663848876953125,144.59190368652344
10298,-37.66374969482422,144.59117126464844
10299,-37.66333770751953,144.5997772216797
10300,-37.662132263183594,144.6000213623047
10302,-37.66139602661133,144.6002655029297
10303,-37.66055679321289,144.60043334960938
10306,-37.66496276855469,144.59432983398438
10307,-37.664913177490234,144.5946044921875
10308,-37.6649169921875,144.5947265625
10311,-37.684329986572266,144.56173706054688
10312,-37.68452835083008,144.55885314941406
10313,-37.68471908569336,144.55616760253906
10318,-37.71507263183594,144.58729553222656
10328,-37.716094970703125,144.5966796875
10336,-37.71803283691406,144.59507751464844
10337,-37.718048095703125,144.59519958496094
10338,-37.718143463134766,144.5960235595703
10345,-37.7181282043457,144.59693908691406
10346,-37.71695709228515,144.59715270996094
10347,-37.71678161621094,144.59718322753906
10348,-37.71668243408203,144.59719848632812
10350,-37.716331481933594,144.59725952148438
10353,-37.71658706665039,144.595458984375
10356,-37.71669387817383,144.596435546875
10357,-37.71674728393555,144.59689331054688
10358,-37.716766357421875,144.59706115722656
10359,-37.71674346923828,144.5962677001953
10360,-37.718074798583984,144.59603881835938
10361,-37.71696853637695,144.59722900390625
10362,-37.717044830322266,144.59788513183594
10363,-37.71705627441406,144.597900390625
10367,-37.71714782714844,144.59796142578125
10368,-37.71760940551758,144.59788513183594
10376,-37.69572067260742,144.56591796875
10377,-37.69566345214844,144.56593322753906
10406,-37.688472747802734,144.56781005859375
10415,-37.68749237060547,144.53897094726562
10450,-37.69509506225586,144.5652618408203
10451,-37.69518280029297,144.56576538085938
10455,-37.69504928588867,144.5647735595703
10466,-37.69493865966797,144.56475830078125
10468,-37.6949577331543,144.56480407714844
10488,-37.711578369140625,144.5629425048828
10489,-37.711524963378906,144.56248474121094
10490,-37.711483001708984,144.56198120117188
10492,-37.711456298828125,144.56167602539062
10493,-37.711421966552734,144.56155395507812
10494,-37.71138381958008,144.5614471435547
10495,-37.71131896972656,144.561279296875
10496,-37.71102523803711,144.5608367919922
10497,-37.7105827331543,144.56005859375
10498,-37.710548400878906,144.5600128173828
10500,-37.71143341064453,144.56199645996094
10501,-37.71082305908203,144.56210327148438
10502,-37.71075820922851,144.56210327148438
10503,-37.710693359375,144.5620574951172
10504,-37.710304260253906,144.56137084960938
10505,-37.711368560791016,144.5612335205078
10506,-37.71182632446289,144.56082153320312
10507,-37.71186828613281,144.56072998046875
10508,-37.711891174316406,144.56063842773438
10510,-37.71187210083008,144.56045532226562
10511,-37.71163558959961,144.5600128173828
10560,-37.69379806518555,144.55758666992188
10561,-37.693634033203125,144.55636596679688
10564,-37.69284439086914,144.55618286132812
10565,-37.69276809692383,144.556640625
10566,-37.69275665283203,144.55691528320312
10567,-37.6930046081543,144.55874633789062
10568,-37.693241119384766,144.5597686767578
10569,-37.69329452514648,144.55992126464844
10570,-37.69343185424805,144.56027221679688
10572,-37.69297409057617,144.5558319091797
10590,-37.6937255859375,144.55543518066406
10592,-37.69377899169922,144.55496215820312
10593,-37.69378662109375,144.5546875
10594,-37.693729400634766,144.55422973632812
10595,-37.694541931152344,144.55551147460938
10596,-37.69451522827149,144.55519104003906
10597,-37.69451522827149,144.5550537109375
10598,-37.69451904296875,144.55490112304688
10599,-37.694541931152344,144.55471801757812
10600,-37.69454574584961,144.5545196533203
10601,-37.69449996948242,144.5540771484375
10602,-37.6965217590332,144.55023193359375
10604,-37.696475982666016,144.55062866210938
10605,-37.69654846191406,144.55128479003906
10606,-37.69739532470703,144.55081176757812
10608,-37.69728088378906,144.55111694335938
10609,-37.697357177734375,144.55174255371094
10611,-37.69731521606445,144.5518798828125
10612,-37.69672775268555,144.55198669433594
10617,-37.6966438293457,144.55213928222656
10621,-37.698463439941406,144.55075073242188
10622,-37.69858169555664,144.55169677734375
10623,-37.69868087768555,144.5525360107422
10624,-37.69814682006836,144.55262756347656
10625,-37.69780731201172,144.5527801513672
10626,-37.69684982299805,144.55294799804688
10629,-37.69744110107422,144.55184936523438
10630,-37.69796371459961,144.5517578125
10659,-37.69385528564453,144.6006622314453
10660,-37.69293975830078,144.60125732421875
10665,-37.691856384277344,144.59689331054688
10666,-37.69108200073242,144.59701538085938
10667,-37.69098281860352,144.59703063964844
10677,-37.70096206665039,144.55824279785156
10678,-37.70083999633789,144.55722045898438
10679,-37.70079803466797,144.55686950683594
10680,-37.70041275024414,144.55369567871094
10681,-37.700164794921875,144.55166625976562
10685,-37.701114654541016,144.55857849121094
10700,-37.70101165771485,144.55718994140625
10701,-37.70161056518555,144.5570526123047
10702,-37.703956604003906,144.556640625
10703,-37.7032356262207,144.55953979492188
10704,-37.704044342041016,144.55938720703125
10705,-37.7042121887207,144.55934143066406
10706,-37.70444107055664,144.5592041015625
10707,-37.70473861694336,144.5590057373047
10708,-37.70502853393555,144.55865478515625
10711,-37.70540237426758,144.55763244628906
10712,-37.70541763305664,144.55711364746094
10713,-37.70521545410156,144.55538940429688
10714,-37.70503616333008,144.5538787841797
10718,-37.704559326171875,144.55307006835938
10719,-37.70433044433594,144.5530242919922
10720,-37.70401763916016,144.55300903320312
10721,-37.70271301269531,144.55325317382812
10722,-37.703495025634766,144.56173706054688
10723,-37.70290756225586,144.5549774169922
10725,-37.70494842529297,144.55284118652344
10726,-37.70512771606445,144.552734375
10727,-37.705318450927734,144.5526580810547
10728,-37.70550537109375,144.55259704589844
10729,-37.7060661315918,144.5525665283203
10730,-37.70644760131836,144.55227661132812
10731,-37.70772933959961,144.55213928222656
10732,-37.70783233642578,144.55218505859375
10733,-37.70793533325195,144.55224609375
10734,-37.707984924316406,144.55238342285156
10735,-37.708030700683594,144.5525360107422
10736,-37.70802307128906,144.55271911621094
10738,-37.70796585083008,144.55322265625
10740,-37.7080078125,144.5535888671875
10741,-37.70792388916016,144.55374145507812
10743,-37.708011627197266,144.5539093017578
10744,-37.70802688598633,144.55406188964844
10745,-37.708065032958984,144.554443359375
10746,-37.708152770996094,144.55519104003906
10747,-37.7081413269043,144.5552978515625
10748,-37.70809173583984,144.55535888671875
10749,-37.70695877075195,144.55563354492188
10751,-37.70683288574219,144.5555877685547
10752,-37.706398010253906,144.55523681640625
10753,-37.706302642822266,144.55517578125
10754,-37.70616149902344,144.55517578125
10755,-37.7088508605957,144.55101013183594
10756,-37.708984375,144.5509490966797
10757,-37.707035064697266,144.5538787841797
10758,-37.7069091796875,144.5538787841797
10759,-37.70661163330078,144.55380249023438
10760,-37.70684051513672,144.5559539794922
10761,-37.70684814453125,144.55612182617188
10773,-37.69697189331055,144.5580291748047
10774,-37.69691467285156,144.5579071044922
10776,-37.69966506958008,144.5547332763672
10777,-37.69957733154297,144.55401611328125
10778,-37.69950866699219,144.553466796875
10779,-37.69947052001953,144.55340576171875
10780,-37.69939041137695,144.5534210205078
10781,-37.699363708496094,144.55348205566406
10782,-37.699432373046875,144.55404663085938
10783,-37.699520111083984,144.5547637939453
10784,-37.69781494140625,144.55368041992188
10785,-37.69778823852539,144.553466796875
10788,-37.69675827026367,144.55397033691406
10790,-37.6966438293457,144.55413818359375
10792,-37.696590423583984,144.55386352539062
10794,-37.695743560791016,144.5475616455078
10796,-37.695526123046875,144.5476837158203
10807,-37.69541549682617,144.54766845703125
10808,-37.69542694091797,144.5476837158203
10811,-37.69565963745117,144.54855346679688
10812,-37.69859313964844,144.5479736328125
10815,-37.69560241699219,144.54916381835938
10816,-37.69518280029297,144.54930114746094
10817,-37.69508361816406,144.54934692382812
10824,-37.6927490234375,144.5500030517578
10829,-37.69294357299805,144.5506134033203
10843,-37.69348907470703,144.55076599121094
10845,-37.69350814819336,144.55128479003906
10846,-37.693504333496094,144.5515899658203
10847,-37.693485260009766,144.55186462402344
10848,-37.693485260009766,144.55215454101562
10849,-37.69354248046875,144.55270385742188
10850,-37.69327545166016,144.55274963378906
10851,-37.693477630615234,144.55271911621094
10852,-37.693603515625,144.5526885986328
10853,-37.693824768066406,144.5526580810547
10854,-37.6941032409668,144.5506591796875
10855,-37.69430923461914,144.5523223876953
10856,-37.694332122802734,144.55238342285156
10858,-37.69486618041992,144.55050659179688
10859,-37.695072174072266,144.55221557617188
10861,-37.69586563110352,144.5531463623047
10862,-37.6953125,144.55325317382812
10863,-37.694522857666016,144.55340576171875
10864,-37.694435119628906,144.5534210205078
10865,-37.69434356689453,144.55345153808594
10866,-37.692970275878906,144.5537109375
10867,-37.694339752197266,144.5525665283203
10870,-37.69520568847656,144.55230712890625
10871,-37.69297409057617,144.54901123046875
10872,-37.69316482543945,144.54896545410156
10873,-37.693241119384766,144.5489501953125
10874,-37.694862365722656,144.5486602783203
10875,-37.69491958618164,144.54864501953125
10876,-37.69511413574219,144.54861450195312
10877,-37.69486999511719,144.54872131347656
10881,-37.6932487487793,144.5490264892578
10882,-37.693336486816406,144.54977416992188
10883,-37.692970275878906,144.56141662597656
10884,-37.69300842285156,144.56178283691406
10885,-37.694087982177734,144.5614013671875
10887,-37.693973541259766,144.56153869628906
10889,-37.69379425048828,144.56178283691406
10890,-37.69374084472656,144.56190490722656
10891,-37.69366455078125,144.5623016357422
10892,-37.69660949707031,144.55624389648438
10893,-37.69660186767578,144.55593872070312
10894,-37.69620895385742,144.556396484375
10895,-37.69618225097656,144.55630493164062
10896,-37.69621658325195,144.55612182617188
10897,-37.696170806884766,144.5561065673828
10899,-37.701629638671875,144.54913330078125
10900,-37.701698303222656,144.54971313476562
10902,-37.701778411865234,144.54978942871094
10903,-37.70295715332031,144.55026245117188
10904,-37.70391845703125,144.55015563964844
10905,-37.70402908325195,144.55007934570312
10906,-37.70344543457031,144.54736328125
10907,-37.70460510253906,144.54591369628906
10908,-37.70487976074219,144.54808044433594
10909,-37.704933166503906,144.54847717285156
10910,-37.70502853393555,144.5489501953125
10911,-37.705101013183594,144.54934692382812
10912,-37.70524597167969,144.5505828857422
10913,-37.70523452758789,144.55078125
10914,-37.70119857788086,144.5481719970703
10915,-37.701175689697266,144.54818725585938
10916,-37.70051956176758,144.54830932617188
10917,-37.69989013671875,144.54855346679688
10918,-37.70053482055664,144.5484161376953
10919,-37.70097351074219,144.54832458496094
10922,-37.70569610595703,144.54620361328125
10923,-37.70572280883789,144.54644775390625
10924,-37.70572662353515,144.54644775390625
10926,-37.70574951171875,144.54660034179688
10927,-37.70573806762695,144.5466766357422
10928,-37.705833435058594,144.54745483398438
10929,-37.70621490478515,144.5505828857422
10930,-37.70624542236328,144.55068969726562
10932,-37.70635223388672,144.55068969726562
10933,-37.707069396972656,144.5503692626953
10935,-37.70718765258789,144.55027770996094
10937,-37.70829391479492,144.54904174804688
10941,-37.7082405090332,144.54864501953125
10942,-37.70817565917969,144.54840087890625
10943,-37.708133697509766,144.54818725585938
10944,-37.708106994628906,144.54803466796875
10947,-37.70855712890625,144.54759216308594
10950,-37.70842742919922,144.5471649169922
10951,-37.70838928222656,144.54696655273438
10952,-37.70835876464844,144.54681396484375
10953,-37.70835494995117,144.5467987060547
10954,-37.708282470703125,144.5461883544922
10956,-37.708160400390625,144.54522705078125
10957,-37.70824432373047,144.5458526611328
10960,-37.70813751220703,144.5460968017578
10961,-37.70579147338867,144.54653930664062
10962,-37.70831298828125,144.54698181152344
10963,-37.70590591430664,144.5474395751953
10964,-37.7066650390625,144.5482940673828
10965,-37.70673751831055,144.54888916015625
10966,-37.70677185058594,144.54913330078125
10967,-37.70681381225586,144.5493621826172
10968,-37.706878662109375,144.54962158203125
10969,-37.70696258544922,144.54991149902344
10970,-37.707088470458984,144.55023193359375
10972,-37.70741653442383,144.5483856201172
10973,-37.70745849609375,144.54864501953125
10974,-37.707515716552734,144.5489044189453
10975,-37.70759963989258,144.54916381835938
10976,-37.707706451416016,144.54946899414062
10977,-37.707740783691406,144.54953002929688
10980,-37.70833206176758,144.54611206054688
10984,-37.70830154418945,144.54598999023438
10996,-37.69565200805664,144.57630920410156
10997,-37.695674896240234,144.57644653320312
11000,-37.69557189941406,144.57540893554688
11003,-37.695552825927734,144.57530212402344
11010,-37.69546127319336,144.575439453125
11014,-37.69807815551758,144.56353759765625
11015,-37.698089599609375,144.56385803222656
11016,-37.69819641113281,144.56466674804688
11017,-37.696651458740234,144.56703186035156
11018,-37.69730758666992,144.56692504882812
11028,-37.692352294921875,144.57376098632812
11029,-37.69292449951172,144.57366943359375
11032,-37.69307327270508,144.57374572753906
11033,-37.69330596923828,144.5756378173828
11034,-37.693302154541016,144.57574462890625
11035,-37.69326400756836,144.57582092285156
11036,-37.69297409057617,144.5758514404297
11037,-37.692020416259766,144.57603454589844
11038,-37.693546295166016,144.57972717285156
11039,-37.69356155395508,144.5797576904297
11040,-37.69358825683594,144.5799560546875
11041,-37.69369888305664,144.58090209960938
11042,-37.69382858276367,144.58204650878906
11043,-37.6937141418457,144.58213806152344
11044,-37.69404220581055,144.58204650878906
11045,-37.69349670410156,144.5809326171875
11047,-37.68214416503906,144.5482940673828
11048,-37.68202209472656,144.54833984375
11050,-37.681907653808594,144.54840087890625
11054,-37.68185043334961,144.5481414794922
11055,-37.68178939819336,144.54800415039062
11056,-37.681697845458984,144.54788208007812
11057,-37.68161392211914,144.5478057861328
11058,-37.68120574951172,144.54747009277344
11059,-37.68116760253906,144.5474395751953
11061,-37.681243896484375,144.54737854003906
11064,-37.6807975769043,144.54673767089844
11065,-37.68043899536133,144.54669189453125
11066,-37.68040466308594,144.54669189453125
11067,-37.680381774902344,144.54672241210938
11068,-37.68036651611328,144.54676818847656
11070,-37.68039321899414,144.5469512939453
11072,-37.680450439453125,144.54698181152344
11073,-37.6804084777832,144.54783630371094
11074,-37.6806755065918,144.54820251464844
11075,-37.68072891235352,144.54824829101562
11077,-37.6809196472168,144.54835510253906
11079,-37.68120574951172,144.5485076904297
11081,-37.681602478027344,144.54893493652344
11084,-37.68186950683594,144.54959106445312
11086,-37.6694221496582,144.57492065429688
11087,-37.66949462890625,144.57550048828125
11093,-37.73857879638672,144.60121154785156
11095,-37.73931121826172,144.60427856445312
11103,-37.73868179321289,144.5961151123047
11108,-37.73876953125,144.60629272460938
11111,-37.73817825317383,144.60650634765625
11112,-37.73740005493164,144.6065216064453
11113,-37.73674011230469,144.6014862060547
11114,-37.7377815246582,144.5909881591797
11115,-37.73579788208008,144.59127807617188
11118,-37.73773193359375,144.58648681640625
11120,-37.7371940612793,144.58624267578125
11121,-37.73687744140625,144.58612060546875
11122,-37.73648452758789,144.5860595703125
11123,-37.73440170288086,144.58583068847656
11125,-37.67657470703125,144.59298706054688
11126,-37.676544189453125,144.59291076660156
11127,-37.67644119262695,144.59213256835938
11128,-37.67645263671875,144.59205627441406
11129,-37.67648696899414,144.5919952392578
11130,-37.676700592041016,144.59185791015625
11131,-37.676788330078125,144.5917205810547
11132,-37.67763900756836,144.59144592285156
11133,-37.677345275878906,144.5911865234375
11134,-37.67728805541992,144.591064453125
11135,-37.66862487792969,144.5775604248047
11136,-37.66801071166992,144.5776824951172
11138,-37.66796875,144.57769775390625
11139,-37.66793441772461,144.5777587890625
11140,-37.66792678833008,144.5778350830078
11141,-37.66810989379883,144.57925415039062
11142,-37.66812896728515,144.57940673828125
11143,-37.66434860229492,144.57037353515625
11145,-37.66417694091797,144.57054138183594
11146,-37.66401290893555,144.57086181640625
11153,-37.66434097290039,144.57135009765625
11158,-37.66438293457031,144.56971740722656
11159,-37.66444778442383,144.5696258544922
11160,-37.66450500488281,144.56948852539062
11161,-37.664554595947266,144.56935119628906
11162,-37.664573669433594,144.56927490234375
11163,-37.664573669433594,144.56919860839844
11164,-37.69941711425781,144.55239868164062
11165,-37.699459075927734,144.55235290527344
11166,-37.699466705322266,144.55224609375
11167,-37.69939041137695,144.55162048339844
11169,-37.699275970458984,144.5515594482422
11170,-37.69864273071289,144.55169677734375
11172,-37.692665100097656,144.55514526367188
11174,-37.6924934387207,144.55517578125
11176,-37.69267272949219,144.5552215576172
11178,-37.69230270385742,144.55520629882812
11179,-37.69172668457031,144.55532836914062
11183,-37.691463470458984,144.5553741455078
11184,-37.69084930419922,144.55548095703125
11185,-37.689979553222656,144.5556182861328
11188,-37.69228744506836,144.55511474609375
11189,-37.691951751708984,144.5521240234375
11190,-37.69194793701172,144.55206298828125
11195,-37.69185256958008,144.552001953125
11196,-37.691280364990234,144.55209350585938
11200,-37.691951751708984,144.55189514160156
11201,-37.69194793701172,144.55184936523438
11202,-37.69191360473633,144.55154418945312
11203,-37.69187545776367,144.55120849609375
11205,-37.69186019897461,144.5510711669922
11206,-37.69156265258789,144.55520629882812
11207,-37.69137191772461,144.5535430908203
11208,-37.691200256347656,144.5520477294922
11209,-37.691104888916016,144.55130004882812
11210,-37.69109725952149,144.55120849609375
11211,-37.69129180908203,144.55355834960938
11212,-37.690643310546875,144.5536651611328
11213,-37.69043731689453,144.55369567871094
11214,-37.690338134765625,144.55372619628906
11215,-37.68979263305664,144.55381774902344
11217,-37.690650939941406,144.55374145507812
11218,-37.69074249267578,144.55453491210938
11219,-37.69083786010742,144.55538940429688
11220,-37.690673828125,144.55455017089844
11221,-37.689842224121094,144.55470275878906
11226,-37.68993377685547,144.60403442382812
11237,-37.68846893310547,144.60340881347656
11240,-37.67374420166016,144.5940704345703
11241,-37.674339294433594,144.59381103515625
11242,-37.67482376098633,144.59353637695312
11243,-37.67503356933594,144.59347534179688
11244,-37.675071716308594,144.593505859375
11245,-37.67515563964844,144.59356689453125
11246,-37.6751594543457,144.59359741210938
11247,-37.67544174194336,144.59591674804688
11248,-37.6754264831543,144.59603881835938
11249,-37.675350189208984,144.59613037109375
11250,-37.674278259277344,144.59681701660156
11251,-37.67318344116211,144.5967559814453
11252,-37.66938400268555,144.59713745117188
11253,-37.67182159423828,144.58871459960938
11254,-37.67131805419922,144.58863830566406
11255,-37.67112350463867,144.58863830566406
11256,-37.670989990234375,144.58819580078125
11259,-37.67105865478515,144.5884246826172
11262,-37.67109680175781,144.58860778808594
11263,-37.66864776611328,144.5859375
11265,-37.66889190673828,144.5861358642578
11266,-37.668701171875,144.58615112304688
11267,-37.669654846191406,144.58602905273438
11268,-37.669471740722656,144.58609008789062
11269,-37.669532775878906,144.58604431152344
11270,-37.669677734375,144.58615112304688
11274,-37.6741943359375,144.5822296142578
11277,-37.67434310913086,144.58241271972656
11291,-37.66667938232422,144.57858276367188
11292,-37.66584396362305,144.5719451904297
11293,-37.661163330078125,144.5849151611328
11294,-37.66114044189453,144.5847930908203
11295,-37.66109085083008,144.5833740234375
11296,-37.66107940673828,144.58322143554688
11299,-37.6603889465332,144.59051513671875
11300,-37.660926818847656,144.59060668945312
11301,-37.66177749633789,144.5906982421875
11302,-37.66276168823242,144.59046936035156
11303,-37.66307067871094,144.59039306640625
11304,-37.663204193115234,144.59022521972656
11305,-37.66341018676758,144.5897979736328
11309,-37.66030502319336,144.59056091308594
11323,-37.65952682495117,144.58470153808594
11324,-37.65855026245117,144.58489990234375
11325,-37.658504486083984,144.5849151611328
11326,-37.65941619873047,144.5838165283203
11327,-37.658443450927734,144.58401489257812
11328,-37.658390045166016,144.58401489257812
11329,-37.65829849243164,144.5832977294922
11330,-37.65878677368164,144.5873260498047
11332,-37.65884780883789,144.58740234375
11333,-37.6591682434082,144.58749389648438
11334,-37.659854888916016,144.58738708496094
11335,-37.66630554199219,144.59117126464844
11336,-37.66617584228515,144.5911407470703
11337,-37.66596984863281,144.5909881591797
11338,-37.66575241088867,144.59091186523438
11339,-37.66376495361328,144.59327697753906
11340,-37.66152572631836,144.59344482421875
11341,-37.66157150268555,144.5938262939453
11342,-37.6616325378418,144.5943145751953
11343,-37.66164779663086,144.59442138671875
11344,-37.66167449951172,144.5946502685547
11345,-37.662376403808594,144.591552734375
11346,-37.661346435546875,144.591796875
11347,-37.66117477416992,144.59181213378906
11348,-37.66135787963867,144.5918731689453
11349,-37.66146087646485,144.59262084960938
11350,-37.66005325317383,144.60032653808594
11351,-37.66001510620117,144.60012817382812
11352,-37.659950256347656,144.5998077392578
11353,-37.659873962402344,144.59951782226562
11354,-37.659793853759766,144.59921264648438
11356,-37.65968704223633,144.598876953125
11360,-37.6597900390625,144.5995635986328
11361,-37.65983963012695,144.59974670410156
11362,-37.65993881225586,144.60035705566406
11376,-37.65961456298828,144.59861755371094
11379,-37.65986633300781,144.60877990722656
11381,-37.65983581542969,144.6083984375
11382,-37.65977096557617,144.60821533203125
11384,-37.65956115722656,144.60792541503906
11385,-37.659423828125,144.60781860351562
11386,-37.6577033996582,144.60679626464844
11387,-37.65761947631836,144.6067657470703
11388,-37.65733337402344,144.6067657470703
11389,-37.65383529663086,144.58851623535156
11390,-37.65413665771485,144.5910186767578
11391,-37.654170989990234,144.5911102294922
11392,-37.65427017211914,144.59112548828125
11393,-37.65479278564453,144.59103393554688
11418,-37.65897750854492,144.5745086669922
11419,-37.65895462036133,144.5743865966797
11420,-37.6588134765625,144.5734405517578
11423,-37.65797805786133,144.57350158691406
11424,-37.657447814941406,144.57359313964844
11426,-37.65739059448242,144.5736541748047
11427,-37.65738296508789,144.57369995117188
11428,-37.65738677978515,144.57373046875
11429,-37.6575813293457,144.57533264160156
11437,-37.658729553222656,144.5751953125
11438,-37.65853118896485,144.57528686523438
11441,-37.65821075439453,144.57537841796875
11442,-37.658016204833984,144.57542419433594
11443,-37.65788650512695,144.57546997070312
11445,-37.657493591308594,144.57569885253906
11449,-37.65777969360352,144.57568359375
11450,-37.65790557861328,144.57562255859375
11451,-37.658016204833984,144.57559204101562
11452,-37.65810012817383,144.57557678222656
11453,-37.658233642578125,144.57554626464844
11454,-37.6583137512207,144.57553100585938
11456,-37.6584358215332,144.57550048828125
11457,-37.658477783203125,144.5754852294922
11458,-37.65861511230469,144.57542419433594
11459,-37.65877151489258,144.57533264160156
11460,-37.658897399902344,144.5752410888672
11461,-37.65901565551758,144.5751495361328
11464,-37.65762710571289,144.5760498046875
11466,-37.65767288208008,144.5762176513672
11467,-37.65771484375,144.57655334472656
11468,-37.65773391723633,144.5767364501953
11469,-37.657806396484375,144.57736206054688
11470,-37.65781784057617,144.57745361328125
11471,-37.65792465209961,144.578369140625
11472,-37.65795135498047,144.5784912109375
11473,-37.65932083129883,144.57530212402344
11475,-37.659366607666016,144.57554626464844
11476,-37.65941619873047,144.57614135742188
11477,-37.659423828125,144.5762176513672
11478,-37.65952682495117,144.57704162597656
11479,-37.6595344543457,144.5771026611328
11480,-37.65963363647461,144.577880859375
11483,-37.6580924987793,144.57359313964844
11484,-37.65830612182617,144.5752716064453
11485,-37.65936279296875,144.57623291015625
11486,-37.657772064208984,144.57655334472656
11487,-37.65946960449219,144.57711791992188
11488,-37.65787506103515,144.5774383544922
11492,-37.65951156616211,144.57806396484375
11493,-37.65798568725586,144.57835388183594
11494,-37.68480682373047,144.54107666015625
11495,-37.68528366088867,144.54098510742188
11497,-37.675804138183594,144.54481506347656
11499,-37.67596435546875,144.5447998046875
11500,-37.6762580871582,144.54490661621094
11503,-37.67596435546875,144.54542541503906
11504,-37.67625427246094,144.5454864501953
11506,-37.6800422668457,144.54193115234375
11507,-37.680782318115234,144.54177856445312
11508,-37.681396484375,144.5416717529297
11509,-37.681419372558594,144.54165649414062
11510,-37.68172073364258,144.54168701171875
11511,-37.68180847167969,144.54168701171875
11512,-37.682090759277344,144.5416259765625
11515,-37.68223571777344,144.54177856445312
11516,-37.68246078491211,144.5436553955078
11518,-37.6810302734375,144.5466766357422
11519,-37.68156814575195,144.54649353027344
11553,-37.66854095458984,144.53720092773438
11554,-37.66645431518555,144.53759765625
11555,-37.666263580322266,144.53768920898438
11556,-37.66591262817383,144.5379180908203
11566,-37.71550750732422,144.59072875976562
11581,-37.7156867980957,144.59291076660156
11584,-37.715919494628906,144.59500122070312
11590,-37.718902587890625,144.59483337402344
11591,-37.71881866455078,144.59486389160156
11607,-37.71536636352539,144.59007263183594
11622,-37.71498107910156,144.59046936035156
11623,-37.7150993347168,144.5904998779297
11626,-37.71524810791016,144.5904998779297
11631,-37.71319961547851,144.5906219482422
11634,-37.71289825439453,144.59051513671875
11635,-37.71240234375,144.59024047851562
11636,-37.714969635009766,144.59033203125
11637,-37.71488952636719,144.5896453857422
11638,-37.714881896972656,144.58956909179688
11639,-37.71479797363281,144.58885192871094
11640,-37.71479034423828,144.58876037597656
11641,-37.71472930908203,144.58824157714844
11650,-37.71456527709961,144.58807373046875
11651,-37.71443939208984,144.58810424804688
11652,-37.71369552612305,144.58822631835938
11653,-37.71358108520508,144.5863800048828
11654,-37.713661193847656,144.58636474609375
11655,-37.71409606933594,144.58627319335938
11665,-37.714256286621094,144.58644104003906
11666,-37.71442794799805,144.58798217773438
11667,-37.714725494384766,144.5888671875
11668,-37.713626861572266,144.58905029296875
11670,-37.71353530883789,144.58905029296875
11671,-37.714813232421875,144.58966064453125
11672,-37.713661193847656,144.58987426757812
11673,-37.71360397338867,144.5898895263672
11674,-37.71452331542969,144.5853271484375
11675,-37.713993072509766,144.58543395996094
11676,-37.71376037597656,144.58547973632812
11680,-37.71329116821289,144.58566284179688
11681,-37.71292495727539,144.58584594726562
11683,-37.71282196044922,144.5858917236328
11684,-37.71269226074219,144.58592224121094
11685,-37.7125358581543,144.58595275878906
11687,-37.71368408203125,144.58810424804688
11688,-37.713680267333984,144.5880889892578
11690,-37.713661193847656,144.58782958984375
11691,-37.713661193847656,144.5876922607422
11692,-37.71366500854492,144.58758544921875
11693,-37.71367263793945,144.5874481201172
11694,-37.71367263793945,144.58729553222656
11695,-37.71366500854492,144.58709716796875
11696,-37.7135124206543,144.58575439453125
11698,-37.7135009765625,144.58828735351562
11699,-37.7135124206543,144.58839416503906
11701,-37.71353912353515,144.58872985839844
11702,-37.71354293823242,144.58934020996094
11703,-37.713661193847656,144.59036254882812
11704,-37.712867736816406,144.5859832763672
11705,-37.712989807128906,144.5870361328125
11706,-37.71300506591797,144.5872039794922
11707,-37.71300506591797,144.58737182617188
11708,-37.71298599243164,144.5877227783203
11709,-37.712982177734375,144.58790588378906
11710,-37.71299362182617,144.58810424804688
11712,-37.713016510009766,144.58834838867188
11713,-37.7156867980957,144.59036254882812
11723,-37.71563720703125,144.59042358398438
11731,-37.7149658203125,144.58798217773438
11732,-37.71481704711914,144.5880126953125
11737,-37.71455383300781,144.58619689941406
11738,-37.71432113647461,144.5862274169922
11740,-37.71428298950195,144.58624267578125
11744,-37.67280197143555,144.5555419921875
11746,-37.672611236572266,144.5575408935547
11747,-37.672733306884766,144.5576629638672
11749,-37.672874450683594,144.5614471435547
11752,-37.674415588378906,144.56056213378906
11757,-37.67814636230469,144.5982666015625
11773,-37.68660736083984,144.594482421875
11774,-37.68999099731445,144.5889892578125
11776,-37.69070053100586,144.58885192871094
11778,-37.690277099609375,144.58981323242188
11779,-37.690147399902344,144.58978271484375
11780,-37.68998336791992,144.5897674560547
11781,-37.69472885131836,144.56631469726562
11782,-37.694923400878906,144.56629943847656
11783,-37.6936149597168,144.56533813476562
11784,-37.69342803955078,144.56536865234375
11785,-37.69300079345703,144.5654296875
11786,-37.69277572631836,144.5654754638672
11788,-37.69265365600586,144.5653839111328
11789,-37.69241714477539,144.5649871826172
11794,-37.69385528564453,144.56532287597656
11796,-37.69181060791016,144.56332397460938
11797,-37.69172668457031,144.5634307861328
11798,-37.69118118286133,144.56402587890625
11800,-37.694244384765625,144.5660400390625
11803,-37.6771354675293,144.5948944091797
11804,-37.676795959472656,144.59457397460938
11805,-37.677528381347656,144.59439086914062
11806,-37.677433013916016,144.59445190429688
11807,-37.67652130126953,144.5960693359375
11814,-37.685420989990234,144.59678649902344
11815,-37.68412399291992,144.59507751464844
11817,-37.68389892578125,144.5947723388672
11826,-37.68478775024414,144.59664916992188
11842,-37.68284606933594,144.59609985351562
11844,-37.682823181152344,144.59706115722656
11845,-37.68279266357422,144.59840393066406
11846,-37.68274688720703,144.60073852539062
11890,-37.73089218139648,144.5747528076172
11891,-37.730865478515625,144.574951171875
11892,-37.73080062866211,144.5753631591797
11896,-37.73093795776367,144.5745086669922
11897,-37.73095703125,144.5743865966797
11900,-37.73072052001953,144.57421875
11901,-37.72916793823242,144.57427978515625
11903,-37.72895812988281,144.57424926757812
11905,-37.72891616821289,144.57418823242188
11907,-37.7288818359375,144.5740966796875
11909,-37.7288818359375,144.57400512695312
11910,-37.7289924621582,144.57334899902344
11911,-37.729148864746094,144.5724334716797
11912,-37.729251861572266,144.57168579101562
11916,-37.72938919067383,144.57154846191406
11917,-37.72959518432617,144.571533203125
11918,-37.730735778808594,144.5714874267578
11919,-37.73079681396485,144.5714874267578
11920,-37.73079299926758,144.57423400878906
11924,-37.73111343383789,144.57420349121094
11925,-37.731719970703125,144.5741729736328
11926,-37.73199462890625,144.57415771484375
11927,-37.732059478759766,144.57415771484375
11932,-37.73171615600586,144.57431030273438
11933,-37.73170471191406,144.5744171142578
11934,-37.7315559387207,144.5753631591797
11936,-37.73104476928711,144.5741729736328
11939,-37.73096466064453,144.57394409179688
11941,-37.73093032836914,144.57266235351562
11966,-37.7308235168457,144.57264709472656
11968,-37.73086166381836,144.57400512695312
11970,-37.73078536987305,144.57330322265625
11971,-37.72908401489258,144.57337951660156
11975,-37.73104095458984,144.5732879638672
11976,-37.73210525512695,144.5732421875
11977,-37.73214340209961,144.57325744628906
11981,-37.72989654541016,144.56967163085938
11982,-37.72974395751953,144.5706024169922
11983,-37.72960662841797,144.5714569091797
11984,-37.73191452026367,144.5703582763672
11986,-37.73186492919922,144.57049560546875
11987,-37.731815338134766,144.57052612304688
11988,-37.73175430297851,144.57054138183594
11991,-37.73154830932617,144.570556640625
11992,-37.73099899291992,144.57057189941406
11994,-37.730770111083984,144.57058715820312
11995,-37.730655670166016,144.57058715820312
11996,-37.72990036010742,144.57061767578125
12000,-37.730918884277344,144.57220458984375
12003,-37.73081588745117,144.57220458984375
12006,-37.73104095458984,144.56973266601562
12007,-37.73131561279297,144.5680389404297
12008,-37.73199462890625,144.5684356689453
12009,-37.731876373291016,144.5691680908203
12010,-37.731815338134766,144.5695343017578
12011,-37.73172378540039,144.57012939453125
12016,-37.7315559387207,144.57017517089844
12017,-37.73062896728515,144.5676727294922
12018,-37.73042678833008,144.5689239501953
12019,-37.73035430908203,144.5693817138672
12021,-37.730655670166016,144.57240295410156
12022,-37.729251861572266,144.5724639892578
12025,-37.731082916259766,144.5723876953125
12026,-37.73167419433594,144.57235717773438
12027,-37.73216247558594,144.5723419189453
12028,-37.732234954833984,144.5723419189453
12029,-37.73236846923828,144.57237243652344
12033,-37.73164749145508,144.5714569091797
12034,-37.73167037963867,144.572265625
12036,-37.73290252685547,144.57159423828125
12037,-37.732418060302734,144.57147216796875
12038,-37.73231887817383,144.57144165039062
12039,-37.73221969604492,144.57142639160156
12040,-37.73173522949219,144.57144165039062
12041,-37.72993850708008,144.5692596435547
12058,-37.730010986328125,144.56930541992188
12062,-37.72985076904297,144.5692596435547
12063,-37.72983932495117,144.5692596435547
12068,-37.73006439208984,144.56936645507812
12075,-37.72989273071289,144.56956481933594
12079,-37.73102188110352,144.57241821289062
12083,-37.73099899291992,144.57235717773438
12086,-37.7307014465332,144.5723876953125
12115,-37.73322296142578,144.5703887939453
12116,-37.73316955566406,144.5705108642578
12124,-37.73284149169922,144.5723114013672
12127,-37.73279571533203,144.5727081298828
12161,-37.732173919677734,144.5760040283203
12181,-37.686405181884766,144.5517578125
12182,-37.6865119934082,144.55015563964844
12187,-37.69767761230469,144.5497589111328
12188,-37.69886779785156,144.54953002929688
12189,-37.69896697998047,144.5495147705078
12192,-37.69013977050781,144.55137634277344
12193,-37.69118118286133,144.5511932373047
12194,-37.69181442260742,144.55108642578125
12195,-37.69241714477539,144.5509796142578
12196,-37.692527770996094,144.55101013183594
12198,-37.67988204956055,144.54193115234375
12199,-37.67986297607422,144.5419464111328
12200,-37.67962646484375,144.54197692871094
12201,-37.67868423461914,144.5421600341797
12202,-37.678375244140625,144.54222106933594
12205,-37.68595886230469,144.55938720703125
12214,-37.68638229370117,144.56005859375
12215,-37.686431884765625,144.56004333496094
12219,-37.686710357666016,144.56007385253906
12220,-37.68685150146485,144.56015014648438
12244,-37.68689727783203,144.56309509277344
12245,-37.686798095703125,144.56321716308594
12246,-37.686763763427734,144.56326293945312
12247,-37.68675994873047,144.5633087158203
12260,-37.68593978881836,144.56085205078125
12261,-37.68592834472656,144.56103515625
12262,-37.6859245300293,144.56109619140625
12263,-37.6859130859375,144.5612335205078
12274,-37.68545150756836,144.5624542236328
12278,-37.68536758422851,144.56292724609375
12302,-37.68740463256836,144.5620574951172
12304,-37.6873664855957,144.56085205078125
12309,-37.71632766723633,144.55592346191406
12310,-37.71607971191406,144.5559844970703
12311,-37.71599960327149,144.5523681640625
12312,-37.7159309387207,144.5523681640625
12313,-37.715633392333984,144.55242919921875
12314,-37.7134895324707,144.55963134765625
12317,-37.71355819702149,144.56024169921875
12319,-37.71369934082031,144.56143188476562
12343,-37.7138671875,144.5618896484375
12346,-37.71376419067383,144.56192016601562
12347,-37.713829040527344,144.56248474121094
12349,-37.71353912353515,144.56170654296875
12350,-37.7128791809082,144.56187438964844
12351,-37.712833404541016,144.56187438964844
12355,-37.71274948120117,144.56161499023438
12356,-37.71268081665039,144.56094360351562
12357,-37.71259307861328,144.56021118164062
12360,-37.71354293823242,144.56077575683594
12361,-37.71343231201172,144.5598907470703
12362,-37.71271133422851,144.56002807617188
12363,-37.71266174316406,144.56002807617188
12365,-37.712547302246094,144.55995178222656
12366,-37.71193313598633,144.55886840820312
12367,-37.711875915527344,144.5587921142578
12368,-37.71175384521485,144.55862426757812
12369,-37.711700439453125,144.55857849121094
12370,-37.713714599609375,144.56021118164062
12371,-37.71402740478515,144.56015014648438
12372,-37.71266555786133,144.56163024902344
12373,-37.712215423583984,144.56173706054688
12374,-37.712249755859375,144.56190490722656
12375,-37.71270751953125,144.5618133544922
12376,-37.71221160888672,144.56163024902344
12377,-37.71225357055664,144.56198120117188
12378,-37.71340560913086,144.55897521972656
12379,-37.713321685791016,144.55899047851562
12380,-37.71298599243164,144.55905151367188
12381,-37.71295547485352,144.55905151367188
12383,-37.71287536621094,144.55897521972656
12384,-37.7122917175293,144.5579376220703
12385,-37.71224594116211,144.557861328125
12386,-37.713340759277344,144.55841064453125
12387,-37.71339797973633,144.5583953857422
12388,-37.71406555175781,144.5582733154297
12389,-37.71469497680664,144.5581512451172
12390,-37.715049743652344,144.55809020996094
12401,-37.68510055541992,144.55880737304688
12414,-37.687896728515625,144.5650634765625
12421,-37.68592071533203,144.5546417236328
12422,-37.68556213378906,144.5546112060547
12431,-37.68296432495117,144.607177734375
12439,-37.717960357666016,144.64183044433594
12440,-37.7179069519043,144.6417694091797
12441,-37.71782684326172,144.6417694091797
12490,-37.65507507324219,144.5673828125
12491,-37.65507125854492,144.5675506591797
12492,-37.65507125854492,144.5677032470703
12494,-37.65506362915039,144.56814575195312
12495,-37.65509033203125,144.568359375
12496,-37.655120849609375,144.568603515625
12497,-37.65513229370117,144.56871032714844
12498,-37.6551513671875,144.56886291503906
12499,-37.65516662597656,144.5690155029297
12501,-37.65521240234375,144.5693817138672
12502,-37.6552734375,144.5698699951172
12503,-37.65532302856445,144.57022094726562
12504,-37.655372619628906,144.57044982910156
12505,-37.65542221069336,144.57064819335938
12506,-37.65545654296875,144.5707550048828
12507,-37.65549087524414,144.57086181640625
12508,-37.65556335449219,144.57107543945312
12509,-37.65567398071289,144.57138061523438
12510,-37.655704498291016,144.5714569091797
12511,-37.6557731628418,144.57164001464844
12513,-37.65333557128906,144.5721435546875
12514,-37.6546630859375,144.5718536376953
12516,-37.654823303222656,144.5718231201172
12517,-37.65518951416016,144.57174682617188
12518,-37.655242919921875,144.5717315673828
12519,-37.6553955078125,144.57164001464844
12520,-37.65560150146485,144.57151794433594
12521,-37.65241241455078,144.5679168701172
12522,-37.65272903442383,144.56785583496094
12523,-37.65281295776367,144.56784057617188
12524,-37.65399169921875,144.56761169433594
12525,-37.654075622558594,144.56759643554688
12527,-37.65425109863281,144.5677032470703
12528,-37.654335021972656,144.5684356689453
12529,-37.65442657470703,144.5692901611328
12530,-37.654449462890625,144.56944274902344
12531,-37.65446090698242,144.5695343017578
12532,-37.654541015625,144.5701141357422
12533,-37.65462875366211,144.5708770751953
12534,-37.65464401245117,144.5709991455078
12535,-37.654754638671875,144.57192993164062
12536,-37.65483093261719,144.5725860595703
12537,-37.654842376708984,144.5726776123047
12538,-37.653377532958984,144.572998046875
12539,-37.653438568115234,144.57298278808594
12540,-37.65450668334961,144.57275390625
12545,-37.65350341796875,144.5738525390625
12547,-37.653541564941406,144.5738525390625
12548,-37.65462112426758,144.57363891601562
12550,-37.65528869628906,144.573486328125
12553,-37.655330657958984,144.5734100341797
12554,-37.6561164855957,144.5728302001953
12555,-37.65608215332031,144.57264709472656
12559,-37.65597152709961,144.57220458984375
12561,-37.65534210205078,144.57293701171875
12562,-37.65593719482422,144.57281494140625
12566,-37.66223907470703,144.58114624023438
12567,-37.662315368652344,144.58131408691406
12569,-37.65613555908203,144.57249450683594
12570,-37.656517028808594,144.57241821289062
12571,-37.657073974609375,144.5723114013672
12577,-37.65716171264648,144.57220458984375
12578,-37.65715789794922,144.5721435546875
12579,-37.65709686279297,144.5716094970703
12580,-37.65707778930664,144.57142639160156
12581,-37.65706634521485,144.57135009765625
12582,-37.65701675415039,144.57090759277344
12583,-37.65696716308594,144.57046508789062
12584,-37.65691375732422,144.5699920654297
12585,-37.65687561035156,144.56968688964844
12586,-37.6568603515625,144.56956481933594
12587,-37.65681457519531,144.56918334960938
12588,-37.65675735473633,144.56871032714844
12589,-37.656742095947266,144.56858825683594
12590,-37.65668487548828,144.56814575195312
12593,-37.65665817260742,144.56793212890625
12599,-37.65652847290039,144.56787109375
12600,-37.6551628112793,144.56813049316406
12602,-37.65904235839844,144.56515502929688
12604,-37.65932083129883,144.56466674804688
12605,-37.6594123840332,144.5644989013672
12606,-37.65951156616211,144.5644073486328
12607,-37.65964126586914,144.5643310546875
12608,-37.659767150878906,144.56430053710938
12610,-37.66007614135742,144.56431579589844
12611,-37.66020965576172,144.56430053710938
12612,-37.66075897216797,144.56422424316406
12613,-37.66109848022461,144.5640411376953
12614,-37.661170959472656,144.5640106201172
12615,-37.660770416259766,144.56430053710938
12617,-37.66082763671875,144.56503295898438
12618,-37.66094207763672,144.56494140625
12619,-37.6590690612793,144.56491088867188
12620,-37.65887451171875,144.5647430419922
12621,-37.658782958984375,144.564697265625
12622,-37.6586799621582,144.5646514892578
12624,-37.658451080322266,144.5646514892578
12625,-37.658321380615234,144.56468200683594
12628,-37.65812683105469,144.56471252441406
12632,-37.6671028137207,144.5712890625
12633,-37.66639709472656,144.57142639160156
12634,-37.66514205932617,144.57167053222656
12635,-37.66510772705078,144.57168579101562
12636,-37.666900634765625,144.57174682617188
12637,-37.667240142822266,144.57168579101562
12641,-37.705833435058594,144.63038635253906
12646,-37.655250549316406,144.57273864746094
12647,-37.65531921386719,144.57330322265625
12648,-37.65589141845703,144.5720672607422
12649,-37.656097412109375,144.5733184814453
12650,-37.674922943115234,144.58604431152344
12651,-37.67490768432617,144.58590698242188
12652,-37.67487716674805,144.58580017089844
12654,-37.675559997558594,144.59144592285156
12655,-37.67551040649414,144.59103393554688
12656,-37.675018310546875,144.58692932128906
12660,-37.713626861572266,144.58828735351562
12667,-37.71353530883789,144.58824157714844
12668,-37.71282196044922,144.58839416503906
12669,-37.71238708496094,144.58847045898438
12712,-37.67327117919922,144.5725555419922
12716,-37.67302322387695,144.57261657714844
12719,-37.673641204833984,144.57699584960938
12757,-37.683067321777344,144.59173583984375
12762,-37.73739242553711,144.57394409179688
12763,-37.73735427856445,144.57394409179688
12764,-37.737037658691406,144.5738525390625
12765,-37.73727798461914,144.5746307373047
12766,-37.737361907958984,144.5746612548828
12767,-37.737892150878906,144.57479858398438
12768,-37.73793029785156,144.57479858398438
12769,-37.73826217651367,144.57278442382812
12770,-37.73820877075195,144.57310485839844
12771,-37.738189697265625,144.57321166992188
12772,-37.7380485534668,144.5740966796875
12773,-37.73769760131836,144.57623291015625
12775,-37.73814010620117,144.57411193847656
12776,-37.73875427246094,144.57427978515625
12777,-37.73941802978515,144.57444763183594
12778,-37.73945999145508,144.574462890625
12779,-37.738258361816406,144.57322692871094
12780,-37.73956680297851,144.5735626220703
12781,-37.73960876464844,144.57357788085938
12782,-37.66585922241211,144.54092407226562
12783,-37.6655387878418,144.5382080078125
12790,-37.694942474365234,144.5430450439453
12791,-37.69169616699219,144.54336547851562
12794,-37.64912414550781,144.5598907470703
12797,-37.649070739746094,144.56016540527344
12799,-37.64905548095703,144.55868530273438
12800,-37.64908599853515,144.55862426757812
12806,-37.690208435058594,144.58724975585938
12807,-37.6901969909668,144.5871124267578
12808,-37.690189361572266,144.5871124267578
12809,-37.69009780883789,144.58639526367188
12836,-37.69493103027344,144.5929718017578
12845,-37.69214630126953,144.5786895751953
12861,-37.693580627441406,144.5836639404297
12891,-37.71000289916992,144.58999633789062
12892,-37.710079193115234,144.58998107910156
12893,-37.71073532104492,144.58985900878906
12894,-37.71126174926758,144.5897674560547
12901,-37.711456298828125,144.59007263183594
12907,-37.71169662475586,144.59019470214844
12909,-37.71066665649414,144.58712768554688
12910,-37.71059799194336,144.58712768554688
12911,-37.70977783203125,144.5872802734375
12912,-37.709693908691406,144.58729553222656
12913,-37.71076965332031,144.58802795410156
12914,-37.7107048034668,144.58802795410156
12915,-37.70987701416016,144.5881805419922
12916,-37.70979690551758,144.58819580078125
12917,-37.70974349975586,144.5877227783203
12918,-37.709659576416016,144.58773803710938
12919,-37.70911407470703,144.5878448486328
12920,-37.70904541015625,144.58786010742188
12923,-37.712162017822266,144.58883666992188
12924,-37.71209716796875,144.58883666992188
12925,-37.7116813659668,144.58877563476562
12927,-37.71155548095703,144.5887908935547
12928,-37.711280822753906,144.58883666992188
12929,-37.71087265014648,144.5889129638672
12930,-37.70998001098633,144.58908081054688
12931,-37.70989990234375,144.58908081054688
12932,-37.7105598449707,144.5862274169922
12933,-37.7105712890625,144.5863037109375
12934,-37.71086120605469,144.58883666992188
12935,-37.7122802734375,144.58680725097656
12936,-37.71221160888672,144.58682250976562
12937,-37.71145248413086,144.5869598388672
12942,-37.71137619018555,144.58709716796875
12943,-37.71144485473633,144.58770751953125
12949,-37.71159744262695,144.58779907226562
12950,-37.712249755859375,144.5876922607422
12951,-37.71230697631836,144.5876922607422
12952,-37.71282958984375,144.58847045898438
12953,-37.712860107421875,144.58880615234375
12954,-37.71285629272461,144.5890655517578
12955,-37.712852478027344,144.5893096923828
12956,-37.71287536621094,144.58953857421875
12957,-37.71294403076172,144.5901641845703
12959,-37.71294021606445,144.59036254882812
12961,-37.71221923828125,144.5862579345703
12962,-37.712303161621094,144.5870361328125
12963,-37.71231460571289,144.58724975585938
12964,-37.71231842041016,144.5874786376953
12965,-37.71229934692383,144.587890625
12966,-37.7122802734375,144.5880584716797
12968,-37.71224594116211,144.5882568359375
12973,-37.71219253540039,144.588623046875
12975,-37.71215057373047,144.5891876220703
12976,-37.712162017822266,144.5894775390625
12984,-37.71126556396485,144.5854034423828
12985,-37.71112823486328,144.58534240722656
12986,-37.71102523803711,144.58531188964844
12987,-37.71092224121094,144.58529663085938
12988,-37.7108154296875,144.5852813720703
12989,-37.710670471191406,144.58529663085938
12990,-37.71052169799805,144.5853271484375
12991,-37.70973587036133,144.58546447753906
12992,-37.709590911865234,144.58639526367188
12993,-37.70967483520508,144.5863800048828
12994,-37.711368560791016,144.58607482910156
12995,-37.71144485473633,144.5860595703125
12997,-37.711647033691406,144.58575439453125
13003,-37.717185974121094,144.59378051757812
13004,-37.71711349487305,144.59378051757812
13005,-37.716121673583984,144.59396362304688
13006,-37.71608352661133,144.59397888183594
13010,-37.716041564941406,144.5941619873047
13011,-37.716102600097656,144.59469604492188
13016,-37.71622848510742,144.59486389160156
13017,-37.71668243408203,144.59478759765625
13018,-37.717262268066406,144.5946807861328
13019,-37.71733856201172,144.59466552734375
13021,-37.71735763549805,144.5942840576172
13022,-37.718013763427734,144.5941619873047
13023,-37.71824264526367,144.59410095214844
13024,-37.718536376953125,144.5939483642578
13025,-37.71714782714844,144.59344482421875
13026,-37.71720886230469,144.59344482421875
13027,-37.717891693115234,144.59332275390625
13028,-37.71803283691406,144.59326171875
13029,-37.71818161010742,144.59320068359375
13030,-37.71733093261719,144.59190368652344
13032,-37.717227935791016,144.59193420410156
13033,-37.715877532958984,144.59217834472656
13034,-37.715816497802734,144.59219360351562
13035,-37.7171745300293,144.59103393554688
13036,-37.71710586547851,144.59103393554688
13037,-37.71580505371094,144.59127807617188
13038,-37.71576690673828,144.59129333496094
13042,-37.71573638916016,144.5914764404297
13043,-37.71589660644531,144.59288024902344
13047,-37.71597671508789,144.5930633544922
13048,-37.71601104736328,144.5930633544922
13049,-37.71695327758789,144.5928955078125
13053,-37.71738815307617,144.59519958496094
13054,-37.71737289428711,144.59507751464844
13055,-37.71731185913086,144.59445190429688
13056,-37.71726989746094,144.59414672851562
13059,-37.71711349487305,144.59300231933594
13061,-37.717166900634766,144.59278869628906
13063,-37.71726608276367,144.59263610839844
13064,-37.71733856201172,144.5925750732422
13066,-37.7175178527832,144.592529296875
13067,-37.71779251098633,144.5924835205078
13068,-37.71785354614258,144.5924530029297
13069,-37.71798324584961,144.5924072265625
13071,-37.71708679199219,144.5902099609375
13072,-37.71723175048828,144.59141540527344
13073,-37.71737289428711,144.59210205078125
13074,-37.71741485595703,144.5924530029297
13075,-37.718467712402344,144.58985900878906
13076,-37.71857070922851,144.5907745361328
13077,-37.71859359741211,144.5908966064453
13078,-37.71866989135742,144.59127807617188
13084,-37.71877670288086,144.59202575683594
13085,-37.71845245361328,144.59217834472656
13111,-37.70732498168945,144.62928771972656
13118,-37.70163345336914,144.56370544433594
13126,-37.73981475830078,144.57229614257812
13127,-37.7396354675293,144.5734100341797
13128,-37.739532470703125,144.5740203857422
13129,-37.73947525024414,144.57437133789062
13130,-37.739166259765625,144.57626342773438
13133,-37.73671340942383,144.5761260986328
13134,-37.73701477050781,144.57615661621094
13136,-37.73884201049805,144.57638549804688
13137,-37.73929214477539,144.57643127441406
13138,-37.73952865600586,144.57644653320312
13139,-37.73843765258789,144.57623291015625
13140,-37.73874282836914,144.5743408203125
13141,-37.739994049072266,144.5718231201172
13142,-37.739627838134766,144.57403564453125
13143,-37.739952087402344,144.57412719726562
13153,-37.71453857421875,144.63706970214844
13157,-37.68239212036133,144.61819458007812
13159,-37.73760986328125,144.57261657714844
13161,-37.73750686645508,144.59629821777344
13162,-37.73737335205078,144.59632873535156
13163,-37.73702621459961,144.5963897705078
13164,-37.73627471923828,144.5965118408203
13166,-37.73567581176758,144.59657287597656
13206,-37.73940658569336,144.5856170654297
13209,-37.73885345458984,144.58587646484375
13210,-37.73850631713867,144.586181640625
13212,-37.73789596557617,144.58726501464844
13214,-37.737674713134766,144.58828735351562
13215,-37.7376823425293,144.58901977539062
13216,-37.73773193359375,144.59011840820312
13217,-37.73775863647461,144.5906524658203
13218,-37.73780822753906,144.59117126464844
13219,-37.73798751831055,144.59210205078125
13225,-37.73805236816406,144.59347534179688
13236,-37.68113327026367,144.60264587402344
13238,-37.6810417175293,144.6022186279297
13240,-37.68082046508789,144.60189819335938
13241,-37.68037033081055,144.6013641357422
13242,-37.68029022216797,144.601318359375
13245,-37.679969787597656,144.60130310058594
13248,-37.67975997924805,144.60147094726562
13250,-37.6795654296875,144.60198974609375
13252,-37.67928695678711,144.60281372070312
13253,-37.6791877746582,144.60301208496094
13254,-37.67863845825195,144.60385131835938
13255,-37.678260803222656,144.6044158935547
13256,-37.678077697753906,144.60464477539062
13257,-37.67779541015625,144.60498046875
13259,-37.67767333984375,144.60523986816406
13261,-37.67765808105469,144.60548400878906
13262,-37.678253173828125,144.61029052734375
13264,-37.67198944091797,144.59014892578125
13265,-37.67161178588867,144.5904998779297
13266,-37.67098236083984,144.59092712402344
13267,-37.6707649230957,144.59095764160156
13268,-37.67033767700195,144.5908966064453
13269,-37.67017364501953,144.5908203125
13270,-37.66952133178711,144.59043884277344
13271,-37.66886901855469,144.5898895263672
13272,-37.6684684753418,144.5895538330078
13273,-37.66845703125,144.58953857421875
13276,-37.677001953125,144.5574188232422
13277,-37.67720031738281,144.5581512451172
13278,-37.67729568481445,144.55836486816406
13279,-37.6773681640625,144.55859375
13280,-37.67742156982422,144.55921936035156
13281,-37.67730712890625,144.55979919433594
13284,-37.7088623046875,144.62567138671875
13285,-37.70890808105469,144.6256103515625
13286,-37.70931625366211,144.62496948242188
13287,-37.70973205566406,144.62432861328125
13288,-37.70978546142578,144.62425231933594
13289,-37.709815979003906,144.62718200683594
13290,-37.70987319946289,144.62713623046875
13291,-37.71011734008789,144.62693786621094
13292,-37.71042251586914,144.62667846679688
13293,-37.710975646972656,144.62623596191406
13295,-37.70936965942383,144.62503051757812
13296,-37.70978546142578,144.6254425048828
13297,-37.71038818359375,144.62661743164062
13298,-37.709903717041016,144.6229248046875
13301,-37.70992660522461,144.6230926513672
13302,-37.7099494934082,144.62313842773438
13303,-37.71000289916992,144.62319946289062
13304,-37.71044921875,144.62364196777344
13305,-37.71049118041992,144.6237030029297
13306,-37.71053695678711,144.62376403808594
13307,-37.71064376831055,144.6239776611328
13308,-37.71726989746094,144.63363647460938
13309,-37.71710586547851,144.63331604003906
13310,-37.71671676635742,144.632568359375
13311,-37.71637344360352,144.63189697265625
13312,-37.71623611450195,144.63162231445312
13313,-37.71604919433594,144.63125610351562
13314,-37.715118408203125,144.62945556640625
13320,-37.70940399169922,144.62127685546875
13321,-37.70947265625,144.6212615966797
13322,-37.71015167236328,144.62115478515625
13323,-37.71018981933594,144.6211395263672
13326,-37.71030044555664,144.6210479736328
13330,-37.7048225402832,144.6230010986328
13331,-37.704864501953125,144.62298583984375
13332,-37.7051887512207,144.6228790283203
13333,-37.70527267456055,144.62286376953125
13334,-37.70563125610352,144.622802734375
13335,-37.705692291259766,144.62278747558594
13336,-37.71302032470703,144.6322021484375
13337,-37.71428298950195,144.63116455078125
13338,-37.71490478515625,144.6339111328125
13339,-37.71484375,144.6337890625
13340,-37.714134216308594,144.63241577148438
13341,-37.71409606933594,144.63235473632812
13343,-37.70915985107422,144.62374877929688
13344,-37.708290100097656,144.62509155273438
13345,-37.70783996582031,144.62579345703125
13346,-37.707794189453125,144.62586975097656
13347,-37.70768737792969,144.62603759765625
13348,-37.70726013183594,144.62669372558594
13352,-37.707279205322266,144.62689208984375
13354,-37.70769500732422,144.62747192382812
13356,-37.70816802978515,144.6281280517578
13358,-37.708648681640625,144.62881469726562
13360,-37.70913314819336,144.62948608398438
13361,-37.70956039428711,144.6300811767578
13362,-37.709999084472656,144.6306915283203
13364,-37.710472106933594,144.63134765625
13369,-37.709617614746094,144.63002014160156
13370,-37.70994567871094,144.62966918945312
13371,-37.71070098876953,144.62904357910156
13372,-37.71075439453125,144.62899780273438
13373,-37.71502685546875,144.6326141357422
13374,-37.71562957763672,144.6321258544922
13375,-37.71615982055664,144.63168334960938
13376,-37.70769119262695,144.62733459472656
13377,-37.708133697509766,144.6268310546875
13378,-37.708370208740234,144.62644958496094
13379,-37.70841217041016,144.62637329101562
13380,-37.71075820922851,144.62388610839844
13381,-37.71079635620117,144.62396240234375
13382,-37.71139907836914,144.62513732910156
13384,-37.70647811889648,144.6239776611328
13385,-37.706520080566406,144.62403869628906
13386,-37.70673751831055,144.6243438720703
13387,-37.70679473876953,144.62442016601562
13388,-37.7074089050293,144.62503051757812
13389,-37.710792541503906,144.6220245361328
13390,-37.71085357666016,144.62196350097656
13391,-37.71109390258789,144.62176513671875
13392,-37.7158088684082,144.63414001464844
13393,-37.715457916259766,144.63345336914062
13394,-37.714656829833984,144.63189697265625
13398,-37.71067810058594,144.63162231445312
13402,-37.71079635620117,144.63169860839844
13403,-37.711524963378906,144.63111877441406
13409,-37.70621871948242,144.6208038330078
13410,-37.70635223388672,144.62217712402344
13411,-37.70642852783203,144.6229705810547
13412,-37.706443786621094,144.62306213378906
13413,-37.706520080566406,144.62319946289062
13414,-37.7067756652832,144.62355041503906
13415,-37.706809997558594,144.62359619140625
13416,-37.71009826660156,144.63070678710938
13417,-37.71038436889648,144.63038635253906
13418,-37.71109771728515,144.62982177734375
13419,-37.71115493774414,144.62977600097656
13420,-37.70835876464844,144.6251678466797
13421,-37.70922088623047,144.62603759765625
13422,-37.70926284790039,144.6260986328125
13423,-37.7095832824707,144.62672424316406
13424,-37.7099723815918,144.6274871826172
13425,-37.710205078125,144.62794494628906
13426,-37.71036148071289,144.6282501220703
13427,-37.7108039855957,144.6291046142578
13429,-37.71128845214844,144.62998962402344
13432,-37.70721435546875,144.6255645751953
13437,-37.70784378051758,144.62435913085938
13438,-37.708255767822266,144.6237030029297
13439,-37.70790100097656,144.6233367919922
13440,-37.707881927490234,144.62330627441406
13441,-37.70785903930664,144.62327575683594
13443,-37.70784378051758,144.62318420410156
13444,-37.70777130126953,144.62242126464844
13447,-37.716064453125,144.6349639892578
13448,-37.71670913696289,144.63442993164062
13449,-37.71678161621094,144.63436889648438
13450,-37.717247009277344,144.6339874267578
13452,-37.70785903930664,144.62216186523438
13453,-37.707725524902344,144.62075805664062
13455,-37.70771026611328,144.62063598632812
13460,-37.70733642578125,144.62060546875
13461,-37.70725631713867,144.62060546875
13467,-37.71355819702149,144.63278198242188
13472,-37.71339416503906,144.63278198242188
13473,-37.71290588378906,144.6320037841797
13474,-37.71282958984375,144.6318817138672
13477,-37.71244430541992,144.63150024414062
13478,-37.71234130859375,144.63137817382812
13480,-37.71226119995117,144.63124084472656
13483,-37.7119140625,144.63034057617188
13487,-37.71196365356445,144.63006591796875
13488,-37.7125244140625,144.62950134277344
13492,-37.71266174316406,144.6295166015625
13493,-37.71299362182617,144.63015747070312
13494,-37.7133674621582,144.63088989257812
13497,-37.70442199707031,144.62225341796875
13498,-37.7044677734375,144.62222290039062
13499,-37.70518112182617,144.6219940185547
13500,-37.70523452758789,144.62197875976562
13501,-37.70528793334961,144.62196350097656
13502,-37.705543518066406,144.62193298339844
13503,-37.70560836791992,144.62191772460938
13504,-37.709136962890625,144.6293487548828
13505,-37.709503173828125,144.6289520263672
13506,-37.71031188964844,144.62828063964844
13507,-37.71462631225586,144.6288299560547
13508,-37.71436309814453,144.62904357910156
13509,-37.71353912353515,144.6297149658203
13510,-37.718238830566406,144.63624572753906
13511,-37.717586517333984,144.6363525390625
13513,-37.71133041381836,144.6234130859375
13514,-37.71137237548828,144.6234893798828
13515,-37.711944580078125,144.62460327148438
13519,-37.7130241394043,144.62669372558594
13522,-37.7130012512207,144.6268310546875
13523,-37.71295928955078,144.6268768310547
13524,-37.712921142578125,144.6269073486328
13525,-37.71196746826172,144.627685546875
13527,-37.711856842041016,144.6277618408203
13528,-37.70904541015625,144.62350463867188
13530,-37.70912551879883,144.6233673095703
13532,-37.70934295654297,144.62306213378906
13533,-37.70940017700195,144.62303161621094
13534,-37.709468841552734,144.6230010986328
13535,-37.70953750610352,144.62298583984375
13536,-37.71002197265625,144.62290954589844
13537,-37.71071243286133,144.622802734375
13540,-37.7108039855957,144.62277221679688
13541,-37.71101760864258,144.62258911132812
13542,-37.71106719970703,144.62254333496094
13543,-37.71642303466797,144.63363647460938
13545,-37.705596923828125,144.62440490722656
13546,-37.705997467041016,144.6239471435547
13547,-37.70604705810547,144.62388610839844
13548,-37.71217727661133,144.63082885742188
13549,-37.70865631103515,144.62867736816406
13550,-37.70906448364258,144.6282196044922
13551,-37.709922790527344,144.6275177001953
13552,-37.71026611328125,144.6278839111328
13553,-37.710811614990234,144.62744140625
13554,-37.71137619018555,144.6269989013672
13556,-37.708980560302734,144.62721252441406
13557,-37.70895004272461,144.6271514892578
13558,-37.70873260498047,144.62672424316406
13559,-37.70866394042969,144.6266326904297
13560,-37.70790481567383,144.62586975097656
13561,-37.710811614990234,144.625732421875
13563,-37.71091842651367,144.62564086914062
13564,-37.71138000488281,144.62527465820312
13565,-37.71195602416992,144.6248016357422
13568,-37.70860290527344,144.6232452392578
13571,-37.708492279052734,144.6233367919922
13573,-37.71666717529297,144.6361541748047
13574,-37.716644287109375,144.63609313964844
13575,-37.709468841552734,144.62208557128906
13576,-37.70946502685547,144.62200927734375
13577,-37.70939254760742,144.6211700439453
13578,-37.70932388305664,144.62059020996094
13579,-37.709327697753906,144.62051391601562
13586,-37.70954895019531,144.62042236328125
13587,-37.71006774902344,144.62045288085938
13590,-37.71015167236328,144.62051391601562
13592,-37.710166931152344,144.62059020996094
13593,-37.710166931152344,144.62071228027344
13595,-37.71018981933594,144.62083435058594
13596,-37.71021270751953,144.6208953857422
13597,-37.71065139770508,144.6217498779297
13598,-37.71142578125,144.6232452392578
13600,-37.70720672607422,144.6234893798828
13601,-37.7071418762207,144.62350463867188
13602,-37.706939697265625,144.62353515625
13604,-37.706764221191406,144.62364196777344
13605,-37.70637512207031,144.62408447265625
13607,-37.70581817626953,144.6247100830078
13610,-37.70571517944336,144.62472534179688
13612,-37.70526123046875,144.62408447265625
13614,-37.70518112182617,144.62396240234375
13615,-37.704776763916016,144.62319946289062
13616,-37.704368591308594,144.62240600585938
13618,-37.70396041870117,144.62164306640625
13628,-37.7041130065918,144.62139892578125
13629,-37.704193115234375,144.6213836669922
13630,-37.70534896850586,144.62100219726562
13635,-37.7149772644043,144.63385009765625
13641,-37.71466445922851,144.63442993164062
13642,-37.71473693847656,144.63461303710938
13643,-37.71479797363281,144.634765625
13646,-37.715087890625,144.6351318359375
13647,-37.71517181396485,144.63519287109375
13648,-37.715274810791016,144.63526916503906
13649,-37.715370178222656,144.6353759765625
13650,-37.715538024902344,144.6356201171875
13651,-37.71561050415039,144.63577270507812
13652,-37.71566009521485,144.6359100341797
13653,-37.7157096862793,144.63609313964844
13654,-37.71574020385742,144.6362762451172
13661,-37.71586608886719,144.6365966796875
13662,-37.71623229980469,144.6365509033203
13663,-37.71641540527344,144.63653564453125
13665,-37.71742630004883,144.63636779785156
13670,-37.71747589111328,144.635986328125
13672,-37.71742630004883,144.6358184814453
13673,-37.709022521972656,144.6221466064453
13674,-37.70940780639648,144.62208557128906
13675,-37.71038055419922,144.6219482421875
13677,-37.71044921875,144.62191772460938
13679,-37.70710754394531,144.62245178222656
13680,-37.70765686035156,144.6223602294922
13681,-37.70793914794922,144.622314453125
13682,-37.70845413208008,144.6222381591797
13683,-37.71451568603515,144.62994384765625
13685,-37.71266174316406,144.6314697265625
13686,-37.71375274658203,144.6305694580078
13687,-37.70731735229492,144.62380981445312
13691,-37.70695877075195,144.62088012695312
13694,-37.706825256347656,144.62071228027344
13695,-37.7062873840332,144.6208038330078
13696,-37.705684661865234,144.6208953857422
13697,-37.70563888549805,144.62091064453125
13704,-37.705528259277344,144.62110900878906
13705,-37.70559310913086,144.62176513671875
13706,-37.70570373535156,144.62289428710938
13707,-37.70574188232422,144.62332153320312
13708,-37.70576477050781,144.62342834472656
13709,-37.70579147338867,144.62350463867188
13710,-37.7058219909668,144.6235809326172
13711,-37.70623016357422,144.6241455078125
13712,-37.70817565917969,144.6280059814453
13713,-37.70857620239258,144.62754821777344
13714,-37.70953369140625,144.6267547607422
13715,-37.66637420654297,144.56033325195312
13716,-37.666072845458984,144.56039428710938
13717,-37.665000915527344,144.5606231689453
13718,-37.66497802734375,144.56065368652344
13719,-37.66495895385742,144.56069946289062
13720,-37.6650390625,144.5614013671875
13722,-37.66511535644531,144.5614776611328
13723,-37.666481018066406,144.56121826171875
13725,-37.66669464111328,144.56069946289062
13726,-37.66714096069336,144.56060791015625
13727,-37.66718673706055,144.5605926513672
13728,-37.66713333129883,144.56019592285156
13729,-37.66705703735352,144.55950927734375
13730,-37.66705322265625,144.55946350097656
13736,-37.66712188720703,144.55935668945312
13737,-37.6675910949707,144.55926513671875
13745,-37.66767883300781,144.55914306640625
13746,-37.6675910949707,144.5584259033203
13748,-37.66482162475586,144.55975341796875
13749,-37.66482162475586,144.55979919433594
13750,-37.664852142333984,144.56007385253906
13752,-37.667015075683594,144.55931091308594
13753,-37.6669807434082,144.5590057373047
13776,-37.66587829589844,144.54165649414062
13804,-37.66581726074219,144.54150390625
13820,-37.6658935546875,144.54127502441406
13837,-37.66870880126953,144.5342559814453
13838,-37.670989990234375,144.53379821777344
13841,-37.6651496887207,144.5348663330078
13859,-37.66514205932617,144.5352020263672
13862,-37.66519927978515,144.5353546142578
13866,-37.66521835327149,144.53515625
13867,-37.6572265625,144.56678771972656
13868,-37.65687561035156,144.56686401367188
13869,-37.65653610229492,144.5669403076172
13870,-37.6558952331543,144.56707763671875
13871,-37.65583419799805,144.56707763671875
13872,-37.65518951416016,144.5671844482422
13874,-37.6545524597168,144.57102966308594
13875,-37.6543083190918,144.57107543945312
13876,-37.653221130371094,144.57127380371094
13878,-37.65445709228515,144.57012939453125
13879,-37.65420913696289,144.5701904296875
13880,-37.65311813354492,144.57041931152344
13881,-37.65304946899414,144.5704345703125
13882,-37.65436172485352,144.5692901611328
13883,-37.65410614013672,144.5693359375
13884,-37.65301513671875,144.56954956054688
13885,-37.652950286865234,144.56956481933594
13886,-37.65456008911133,144.56951904296875
13887,-37.65510940551758,144.5694122314453
13888,-37.65668869018555,144.5687255859375
13889,-37.655277252197266,144.56898498535156
13890,-37.65679168701172,144.569580078125
13891,-37.65538024902344,144.56985473632812
13892,-37.656890869140625,144.5704803466797
13893,-37.65626907348633,144.5706024169922
13894,-37.65555953979492,144.57073974609375
13895,-37.656280517578125,144.57069396972656
13896,-37.656368255615234,144.5714111328125
13899,-37.656402587890625,144.571533203125
13901,-37.65644836425781,144.57154846191406
13902,-37.65648651123047,144.57154846191406
13903,-37.656532287597656,144.571533203125
13904,-37.65699768066406,144.57144165039062
13908,-37.65720748901367,144.5724639892578
13909,-37.65727233886719,144.57301330566406
13910,-37.65727233886719,144.57305908203125
13914,-37.65718078613281,144.57315063476562
13915,-37.656707763671875,144.5732421875
13920,-37.65660095214844,144.57310485839844
13921,-37.65652847290039,144.57249450683594
13930,-37.65903091430664,144.5747528076172
13932,-37.65940475463867,144.57470703125
13936,-37.6593017578125,144.57489013671875
13959,-37.659423828125,144.6006317138672
13960,-37.65831756591797,144.60084533691406
13961,-37.6580924987793,144.60089111328125
13965,-37.713226318359375,144.55746459960938
13966,-37.71315383911133,144.55747985839844
13968,-37.7127571105957,144.55755615234375
13969,-37.712642669677734,144.55760192871094
13970,-37.7125129699707,144.5576629638672
13971,-37.7123908996582,144.5577392578125
13972,-37.71215057373047,144.5579833984375
13973,-37.71113967895508,144.559326171875
13978,-37.71102523803711,144.55931091308594
13979,-37.71088409423828,144.55905151367188
13980,-37.710819244384766,144.5589599609375
13981,-37.71076202392578,144.55886840820312
13996,-37.67221450805664,144.56787109375
13997,-37.692325592041016,144.57357788085938
14002,-37.71499252319336,144.58660888671875
14045,-37.66476058959961,144.5381622314453
14046,-37.66474533081055,144.53805541992188
14047,-37.66461563110352,144.5369415283203
14048,-37.66450119018555,144.53599548339844
14051,-37.66548156738281,144.53768920898438
14053,-37.66536331176758,144.5380401611328
14054,-37.66469192504883,144.53817749023438
14055,-37.663421630859375,144.53843688964844
14058,-37.662391662597656,144.53863525390625
14059,-37.66227340698242,144.5377197265625
14060,-37.66314697265625,144.5375518798828
14061,-37.66321563720703,144.53753662109375
14062,-37.663326263427734,144.538330078125
14063,-37.663230895996094,144.5376434326172
14064,-37.663211822509766,144.53749084472656
14065,-37.663108825683594,144.53652954101562
14066,-37.6630744934082,144.5364532470703
14069,-37.6654052734375,144.53794860839844
14072,-37.66542434692383,144.5381317138672
14073,-37.66545486450195,144.5381622314453
14076,-37.66560363769531,144.5381317138672
14077,-37.665626525878906,144.53810119628906
14080,-37.66560363769531,144.5379180908203
14083,-37.709251403808594,144.5612030029297
14084,-37.70964813232422,144.5618896484375
14085,-37.709678649902344,144.56198120117188
14086,-37.7097053527832,144.5620880126953
14087,-37.70973205566406,144.5623321533203
14088,-37.70953369140625,144.56236267089844
14089,-37.70979690551758,144.56231689453125
14090,-37.709808349609375,144.56231689453125
14091,-37.70991134643555,144.5623016357422
14092,-37.708927154541016,144.56124877929688
14093,-37.70875549316406,144.56097412109375
14094,-37.70839309692383,144.56051635742188
14099,-37.70835494995117,144.5603485107422
14100,-37.70869827270508,144.5598907470703
14102,-37.7087516784668,144.55982971191406
14103,-37.708778381347656,144.55982971191406
14105,-37.70888137817383,144.5598602294922
14106,-37.709373474121094,144.56007385253906
14107,-37.70945739746094,144.5601043701172
14108,-37.709529876708984,144.56016540527344
14109,-37.7095947265625,144.56024169921875
14110,-37.709747314453125,144.56051635742188
14111,-37.71018981933594,144.59176635742188
14113,-37.71014404296875,144.5913543701172
14114,-37.709983825683594,144.58982849121094
14115,-37.709529876708984,144.58587646484375
14116,-37.71074676513672,144.58995056152344
14117,-37.710880279541016,144.59112548828125
14124,-37.71099090576172,144.59120178222656
14125,-37.71147155761719,144.5911102294922
14130,-37.711551666259766,144.59097290039062
14131,-37.711483001708984,144.59039306640625
14134,-37.71158218383789,144.5911102294922
14136,-37.711769104003906,144.59109497070312
14137,-37.7100715637207,144.59136962890625
14138,-37.7094612121582,144.59149169921875
14139,-37.70890045166016,144.59158325195312
14143,-37.70732879638672,144.5869140625
14145,-37.707618713378906,144.58677673339844
14146,-37.708831787109375,144.58656311035156
14147,-37.70889663696289,144.5865478515625
14148,-37.70899963378906,144.5874481201172
14149,-37.70893478393555,144.58746337890625
14150,-37.707908630371094,144.587646484375
14151,-37.70783615112305,144.58767700195312
14152,-37.707611083984375,144.58778381347656
14154,-37.709102630615234,144.58834838867188
14155,-37.70903396606445,144.58836364746094
14156,-37.70820236206055,144.58851623535156
14157,-37.708160400390625,144.58851623535156
14159,-37.70789337158203,144.58865356445312
14162,-37.71147918701172,144.58529663085938
14163,-37.71142578125,144.58425903320312
14164,-37.71141052246094,144.5840606689453
14165,-37.71131896972656,144.5834503173828
14166,-37.711299896240234,144.58331298828125
14167,-37.71135330200195,144.5842742919922
14168,-37.70941162109375,144.58462524414062
14169,-37.70932388305664,144.58465576171875
14171,-37.70917892456055,144.58474731445312
14183,-37.70953750610352,144.5854034423828
14194,-37.71224212646485,144.58554077148438
14195,-37.71223449707031,144.58535766601562
14196,-37.71222686767578,144.58518981933594
14197,-37.7121696472168,144.58416748046875
14198,-37.712135314941406,144.58387756347656
14199,-37.71208953857422,144.58363342285156
14200,-37.712059020996094,144.58348083496094
14201,-37.71198272705078,144.58309936523438
14202,-37.71190643310547,144.582763671875
14204,-37.712120056152344,144.58346557617188
14205,-37.712764739990234,144.58334350585938
14206,-37.71329116821289,144.583251953125
14207,-37.71337890625,144.583251953125
14209,-37.71354675292969,144.58331298828125
14211,-37.7136344909668,144.5833282470703
14213,-37.71388244628906,144.58328247070312
14218,-37.71413803100586,144.58358764648438
14225,-37.71412658691406,144.58409118652344
14226,-37.71357727050781,144.5841827392578
14227,-37.71352005004883,144.58419799804688
14228,-37.71295166015625,144.5843048095703
14229,-37.712894439697266,144.5843048095703
14230,-37.71360778808594,144.58465576171875
14234,-37.7135124206543,144.58302307128906
14235,-37.71346664428711,144.58262634277344
14240,-37.71277618408203,144.5834197998047
14241,-37.7128791809082,144.58413696289062
14242,-37.71294403076172,144.58497619628906
14246,-37.712852478027344,144.5851593017578
14247,-37.712738037109375,144.58523559570312
14249,-37.71259307861328,144.58529663085938
14252,-37.71202850341797,144.58273315429688
14253,-37.712650299072266,144.58262634277344
14254,-37.71327209472656,144.58250427246094
14257,-37.713356018066406,144.58236694335938
14258,-37.713130950927734,144.5807342529297
14263,-37.71297073364258,144.58067321777344
14264,-37.712772369384766,144.58065795898438
14265,-37.712642669677734,144.58067321777344
14270,-37.71221160888672,144.58084106445312
14271,-37.71209335327149,144.5809326171875
14272,-37.71183776855469,144.5811767578125
14277,-37.71134567260742,144.5814971923828
14278,-37.71120071411133,144.58154296875
14279,-37.71111297607422,144.58155822753906
14280,-37.710975646972656,144.58154296875
14281,-37.71084976196289,144.58154296875
14282,-37.710670471191406,144.5814971923828
14283,-37.71062850952149,144.58148193359375
14284,-37.71055603027344,144.58145141601562
14286,-37.7103385925293,144.58131408691406
14291,-37.70997619628906,144.5810089111328
14292,-37.70945358276367,144.58082580566406
14296,-37.70936584472656,144.58090209960938
14297,-37.70914840698242,144.5819091796875
14298,-37.70911407470703,144.58204650878906
14299,-37.70900344848633,144.5825653076172
14300,-37.70896530151367,144.5828094482422
14301,-37.70895004272461,144.5830535888672
14302,-37.70894241333008,144.58331298828125
14305,-37.709007263183594,144.58407592773438
14306,-37.70905685424805,144.5843048095703
14307,-37.70911407470703,144.5845489501953
14308,-37.70927047729492,144.58497619628906
14310,-37.712642669677734,144.58253479003906
14311,-37.71242904663086,144.58096313476562
14314,-37.71023941040039,144.59136962890625
14315,-37.71044921875,144.59132385253906
14316,-37.71052932739258,144.59130859375
14317,-37.71078109741211,144.5912628173828
14318,-37.7108268737793,144.59124755859375
14319,-37.7083625793457,144.59030151367188
14321,-37.708473205566406,144.59024047851562
14322,-37.708534240722656,144.59022521972656
14323,-37.70922088623047,144.59010314941406
14327,-37.70931625366211,144.5902099609375
14328,-37.709449768066406,144.59140014648438
14355,-37.71223068237305,144.5904541015625
14358,-37.71225357055664,144.59005737304688
14380,-37.71327590942383,144.5907440185547
14381,-37.71324920654297,144.59075927734375
14383,-37.71298599243164,144.5908203125
14386,-37.71295928955078,144.59088134765625
14387,-37.712982177734375,144.59103393554688
14388,-37.71916580200195,144.55970764160156
14389,-37.7192497253418,144.56045532226562
14393,-37.719364166259766,144.560546875
14394,-37.72066879272461,144.560302734375
14395,-37.720706939697266,144.56028747558594
14396,-37.72203063964844,144.56004333496094
14397,-37.72207260131836,144.56002807617188
14402,-37.719329833984375,144.5594940185547
14403,-37.71915817260742,144.55810546875
14404,-37.71893310546875,144.55624389648438
14406,-37.69132995605469,144.5884552001953
14407,-37.69170379638672,144.58811950683594
14408,-37.69171524047851,144.58810424804688
14409,-37.69173431396485,144.58807373046875
14410,-37.691925048828125,144.587646484375
14411,-37.69193649291992,144.58758544921875
14412,-37.69192886352539,144.58753967285156
14414,-37.691856384277344,144.58749389648438
14415,-37.69136428833008,144.5875701904297
14416,-37.69133758544922,144.58758544921875
14417,-37.69130325317383,144.5876007080078
14418,-37.6910514831543,144.5878448486328
14419,-37.69102478027344,144.58787536621094
14422,-37.69434356689453,144.56463623046875
14424,-37.694766998291016,144.56430053710938
14425,-37.69484329223633,144.56427001953125
14427,-37.69440460205078,144.5653076171875
14428,-37.69449615478515,144.56582641601562
14429,-37.69393157958984,144.5659637451172
14430,-37.6923713684082,144.5650177001953
14431,-37.69210433959961,144.56527709960938
14432,-37.69204330444336,144.56533813476562
14442,-37.692142486572266,144.5653839111328
14445,-37.6928825378418,144.56459045410156
14446,-37.69295501708984,144.5650177001953
14447,-37.693016052246094,144.5650634765625
14448,-37.69355010986328,144.56494140625
14449,-37.693511962890625,144.56602478027344
14450,-37.693077087402344,144.56605529785156
14451,-37.69256210327149,144.5654754638672
14452,-37.692623138427734,144.56591796875
14453,-37.6916618347168,144.5633544921875
14454,-37.69122314453125,144.5630340576172
14455,-37.69076156616211,144.56271362304688
14456,-37.691062927246094,144.56341552734375
14457,-37.69087600708008,144.5635986328125
14458,-37.690818786621094,144.56260681152344
14459,-37.69063949584961,144.56248474121094
14460,-37.69035339355469,144.56251525878906
14461,-37.69098663330078,144.562255859375
14462,-37.690940856933594,144.5621795654297
14464,-37.690773010253906,144.56202697753906
14465,-37.69055938720703,144.56163024902344
14466,-37.69026184082031,144.56155395507812
14467,-37.690650939941406,144.56211853027344
14468,-37.69031524658203,144.5621795654297
14470,-37.690673828125,144.5782928466797
14471,-37.69075393676758,144.57801818847656
14472,-37.69075393676758,144.57794189453125
14474,-37.689918518066406,144.57774353027344
14475,-37.689979553222656,144.57781982421875
14476,-37.69047164916992,144.5777587890625
14477,-37.690486907958984,144.577880859375
14478,-37.69056701660156,144.57794189453125
14479,-37.69116973876953,144.57789611816406
14480,-37.691192626953125,144.5779266357422
14481,-37.691368103027344,144.57928466796875
14483,-37.68974685668945,144.55459594726562
14484,-37.689727783203125,144.5543212890625
14485,-37.68971252441406,144.5541534423828
14486,-37.6896858215332,144.55392456054688
14488,-37.689666748046875,144.55369567871094
14489,-37.689788818359375,144.5523223876953
14490,-37.6898307800293,144.55186462402344
14491,-37.689971923828125,144.55145263671875
14492,-37.69007873535156,144.55120849609375
14493,-37.69029998779297,144.5506134033203
14494,-37.69078826904297,144.5500030517578
14495,-37.69142532348633,144.5491943359375
14499,-37.691627502441406,144.54908752441406
14500,-37.69191360473633,144.54898071289062
14501,-37.69161605834961,144.54925537109375
14502,-37.691802978515625,144.55099487304688
14504,-37.68988800048828,144.55233764648438
14505,-37.69049835205078,144.55221557617188
14506,-37.69089126586914,144.55213928222656
14507,-37.69051742553711,144.5523681640625
14508,-37.69043731689453,144.55335998535156
14515,-37.68355941772461,144.5944061279297
14534,-37.676151275634766,144.59620666503906
14537,-37.68682861328125,144.59901428222656
14543,-37.67932891845703,144.56922912597656
14545,-37.67967987060547,144.5691680908203
14548,-37.68533706665039,144.5635223388672
14571,-37.68397903442383,144.57334899902344
14578,-37.68813705444336,144.5836639404297
14579,-37.68817138671875,144.58367919921875
14586,-37.711631774902344,144.58193969726562
14587,-37.711673736572266,144.5821533203125
14589,-37.71175384521485,144.58245849609375
14590,-37.71180725097656,144.58258056640625
14593,-37.711387634277344,144.58241271972656
14594,-37.711219787597656,144.58245849609375
14595,-37.71103286743164,144.5824737548828
14596,-37.71091842651367,144.5824737548828
14597,-37.71079635620117,144.58245849609375
14598,-37.7105712890625,144.58242797851562
14603,-37.71041488647461,144.58245849609375
14605,-37.71038818359375,144.58258056640625
14606,-37.71036911010742,144.58274841308594
14607,-37.71036148071289,144.58290100097656
14608,-37.71036529541016,144.5830535888672
14609,-37.71038818359375,144.5833740234375
14612,-37.710453033447266,144.58355712890625
14613,-37.711875915527344,144.58253479003906
14614,-37.71186447143555,144.5823974609375
14615,-37.711822509765625,144.58189392089844
14617,-37.71176528930664,144.5813751220703
14619,-37.71192169189453,144.5831298828125
14620,-37.711551666259766,144.583251953125
14621,-37.71141052246094,144.58328247070312
14622,-37.71077728271485,144.58340454101562
14623,-37.710670471191406,144.58343505859375
14625,-37.71037292480469,144.5836181640625
14626,-37.71028900146485,144.5836639404297
14627,-37.710166931152344,144.5836944580078
14628,-37.709720611572266,144.58377075195312
14629,-37.709041595458984,144.58389282226562
14633,-37.71000671386719,144.58135986328125
14634,-37.7097282409668,144.5826416015625
14635,-37.7097053527832,144.5828094482422
14636,-37.70969009399414,144.58299255371094
14637,-37.70968246459961,144.5832061767578
14638,-37.709716796875,144.5836944580078
14639,-37.713016510009766,144.5850830078125
14640,-37.71318817138672,144.58506774902344
14641,-37.70889663696289,144.58358764648438
14642,-37.707908630371094,144.58375549316406
14643,-37.70785140991211,144.58377075195312
14644,-37.707542419433594,144.58383178710938
14645,-37.70720672607422,144.58389282226562
14646,-37.70694351196289,144.5839385986328
14647,-37.706417083740234,144.5840301513672
14653,-37.70853042602539,144.58274841308594
14654,-37.70843505859375,144.58274841308594
14655,-37.70747756958008,144.5829315185547
14656,-37.70746612548828,144.5829315185547
14658,-37.70738983154297,144.5829620361328
14661,-37.70896530151367,144.5819854736328
14662,-37.708946228027344,144.5819549560547
14663,-37.70893096923828,144.58189392089844
14664,-37.70885467529297,144.58120727539062
14671,-37.70822525024414,144.5811767578125
14677,-37.70813751220703,144.58132934570312
14678,-37.70818710327149,144.58175659179688
14682,-37.70809555053711,144.58189392089844
14683,-37.70730209350586,144.58204650878906
14687,-37.70753479003906,144.58375549316406
14688,-37.70750045776367,144.5834503173828
14689,-37.70747375488281,144.58328247070312
14690,-37.70720291137695,144.58224487304688
14695,-37.70696258544922,144.58180236816406
14697,-37.70660781860352,144.5818634033203
14702,-37.70625686645508,144.58175659179688
14706,-37.70573043823242,144.58197021484375
14711,-37.7056884765625,144.58213806152344
14712,-37.7059440612793,144.58291625976562
14713,-37.70625686645508,144.58387756347656
14714,-37.7066650390625,144.5851287841797
14716,-37.70708465576172,144.58639526367188
14717,-37.70774841308594,144.58836364746094
14719,-37.70845031738281,144.59056091308594
14720,-37.70891952514648,144.5919952392578
14722,-37.70866394042969,144.5847625732422
14723,-37.70859146118164,144.58477783203125
14724,-37.70851135253906,144.5847930908203
14725,-37.70803451538086,144.58486938476562
14726,-37.70750427246094,144.58497619628906
14729,-37.70792007446289,144.58384704589844
14730,-37.70802688598633,144.58480834960938
14731,-37.707218170166016,144.583984375
14732,-37.70730972290039,144.5847625732422
14733,-37.70732879638672,144.5848388671875
14734,-37.70735168457031,144.5849151611328
14735,-37.70742416381836,144.58514404296875
14736,-37.70743942260742,144.58523559570312
14737,-37.70750427246094,144.5858154296875
14738,-37.70751190185547,144.5858917236328
14739,-37.70925521850586,144.5855712890625
14740,-37.708797454833984,144.5856475830078
14741,-37.70790481567383,144.5858154296875
14742,-37.70708084106445,144.58596801757812
14743,-37.70703125,144.5859832763672
14744,-37.70816802978515,144.5894775390625
14745,-37.70838165283203,144.58935546875
14746,-37.708457946777344,144.58934020996094
14747,-37.7090950012207,144.58921813964844
14748,-37.70912170410156,144.58921813964844
14752,-37.70918655395508,144.58905029296875
14753,-37.70880508422851,144.5857391357422
14756,-37.71614456176758,144.59622192382812
14761,-37.71638488769531,144.59918212890625
14769,-37.722198486328125,144.59896850585938
14772,-37.723243713378906,144.59872436523438
14773,-37.72422790527344,144.59857177734375
14777,-37.71044921875,144.582275390625
14778,-37.71052169799805,144.5819549560547
14782,-37.6733283996582,144.57301330566406
14783,-37.67336654663086,144.5733184814453
14784,-37.67355728149414,144.5748748779297
14785,-37.653472900390625,144.57382202148438
14787,-37.653465270996094,144.57376098632812
14788,-37.65338897705078,144.57310485839844
14789,-37.65336227416992,144.57289123535156
14790,-37.653282165527344,144.57223510742188
14791,-37.65325546264648,144.57203674316406
14792,-37.653202056884766,144.5717010498047
14793,-37.65317153930664,144.57139587402344
14794,-37.65314483642578,144.57119750976562
14795,-37.6530647277832,144.57054138183594
14796,-37.653038024902344,144.57032775878906
14797,-37.652957916259766,144.5696563720703
14798,-37.65293502807617,144.5694580078125
14799,-37.652854919433594,144.56878662109375
14800,-37.652854919433594,144.5687713623047
14801,-37.65286636352539,144.56874084472656
14802,-37.65288162231445,144.5687255859375
14803,-37.65290069580078,144.5687255859375
14804,-37.65425491333008,144.56845092773438
14806,-37.653133392333984,144.57171630859375
14807,-37.65261459350586,144.56689453125
14808,-37.652626037597656,144.56700134277344
14809,-37.65396499633789,144.5667266845703
14811,-37.654052734375,144.56741333007812
14813,-37.65507507324219,144.5665283203125
14814,-37.65496826171875,144.56654357910156
14815,-37.654422760009766,144.566650390625
14817,-37.65427780151367,144.56668090820312
14818,-37.65376663208008,144.5667724609375
14819,-37.6536865234375,144.56678771972656
14820,-37.65330505371094,144.56686401367188
14821,-37.65311813354492,144.56689453125
14822,-37.65299606323242,144.56690979003906
14823,-37.652835845947266,144.56689453125
14824,-37.65272903442383,144.56687927246094
14825,-37.65146255493164,144.56712341308594
14826,-37.65139389038086,144.567138671875
14827,-37.65131759643555,144.56715393066406
14828,-37.65083694458008,144.56724548339844
14830,-37.650634765625,144.56727600097656
14831,-37.65652847290039,144.5668487548828
14832,-37.65637969970703,144.56564331054688
14833,-37.65632247924805,144.56564331054688
14834,-37.65580368041992,144.5655975341797
14835,-37.65572738647461,144.5655975341797
14836,-37.6558837890625,144.5669708251953
14837,-37.6673583984375,144.5618896484375
14838,-37.667381286621094,144.5619354248047
14839,-37.667423248291016,144.56195068359375
14840,-37.66795349121094,144.5618438720703
14841,-37.66799545288086,144.56182861328125
14842,-37.66801452636719,144.56178283691406
14843,-37.6678581237793,144.5605010986328
14844,-37.66771697998047,144.55938720703125
14846,-37.66769027709961,144.55929565429688
14849,-37.6619873046875,144.5368194580078
14851,-37.6618766784668,144.5368194580078
14852,-37.661834716796875,144.53683471679688
14853,-37.661766052246094,144.53688049316406
14854,-37.662994384765625,144.5364227294922
14856,-37.68993377685547,144.555908203125
14858,-37.68963623046875,144.55563354492188
14859,-37.68980026245117,144.5548095703125
14860,-37.68986892700195,144.55552673339844
14861,-37.6693229675293,144.56951904296875
14862,-37.66914749145508,144.56964111328125
14863,-37.6685791015625,144.56976318359375
14864,-37.66820526123047,144.56988525390625
14865,-37.65773391723633,144.59991455078125
14866,-37.657833099365234,144.60072326660156
14867,-37.69170379638672,144.562744140625
14868,-37.69192886352539,144.56289672851562
14874,-37.69114303588867,144.5640411376953
14875,-37.691123962402344,144.56402587890625
14876,-37.691104888916016,144.56399536132812
14877,-37.69073486328125,144.5633544921875
14878,-37.690650939941406,144.56298828125
14879,-37.69065475463867,144.5629425048828
14880,-37.69214630126953,144.56553649902344
14881,-37.69216537475586,144.56578063964844
14882,-37.69190979003906,144.56544494628906
14883,-37.69185256958008,144.5655059814453
14884,-37.69393539428711,144.56427001953125
14885,-37.692989349365234,144.56451416015625
14886,-37.69279479980469,144.56463623046875
14887,-37.69404983520508,144.5648193359375
14888,-37.6939811706543,144.56430053710938
14889,-37.69423294067383,144.5647735595703
14890,-37.694297790527344,144.5648193359375
14891,-37.6943473815918,144.56515502929688
14894,-37.66164779663086,144.56402587890625
14895,-37.661773681640625,144.56504821777344
14896,-37.66223907470703,144.56520080566406
14898,-37.71854782104492,144.56146240234375
14899,-37.7186164855957,144.55259704589844
14905,-37.71844482421875,144.5531005859375
14906,-37.71794891357422,144.55319213867188
14911,-37.717567443847656,144.5532989501953
14912,-37.716251373291016,144.5535430908203
14915,-37.7178955078125,144.55308532714844
14916,-37.71785736083984,144.55274963378906
14917,-37.71785354614258,144.55426025390625
14918,-37.71774673461914,144.5542755126953
14919,-37.71696853637695,144.55442810058594
14920,-37.716339111328125,144.55455017089844
14921,-37.71626663208008,144.55455017089844
14923,-37.66404724121094,144.5655975341797
14924,-37.664649963378906,144.56578063964844
14926,-37.70647048950195,144.58203125
14927,-37.70686721801758,144.5833282470703
14928,-37.70693588256836,144.5838623046875
14929,-37.68928146362305,144.59451293945312
14930,-37.689327239990234,144.5948486328125
14931,-37.68940353393555,144.5955352783203
14932,-37.69367218017578,144.59434509277344
14933,-37.69355010986328,144.5912628173828
14934,-37.69350814819336,144.59100341796875
14936,-37.69325256347656,144.59075927734375
14937,-37.69256591796875,144.59158325195312
14938,-37.692264556884766,144.59182739257812
14939,-37.69159698486328,144.59237670898438
14942,-37.68962478637695,144.593994140625
14946,-37.691768646240234,144.5951690673828
14947,-37.6917610168457,144.5950927734375
14948,-37.69154357910156,144.59307861328125
14949,-37.691375732421875,144.5927276611328
14950,-37.690792083740234,144.5953369140625
14951,-37.690895080566406,144.59532165527344
14952,-37.692237854003906,144.5950927734375
14953,-37.69060897827149,144.5937957763672
14954,-37.69045639038086,144.59347534179688
14955,-37.66656875610352,144.56210327148438
14956,-37.664798736572266,144.56243896484375
14957,-37.66014862060547,144.5818328857422
14958,-37.66010284423828,144.58151245117188
14960,-37.66007232666016,144.581298828125
14961,-37.65980911254883,144.57925415039062
14964,-37.65955352783203,144.5819549560547
14965,-37.66007232666016,144.58184814453125
14967,-37.65937042236328,144.58151245117188
14968,-37.66001510620117,144.58140563964844
14970,-37.65926361083984,144.5812530517578
14971,-37.6578254699707,144.58023071289062
14973,-37.65828323364258,144.58013916015625
14974,-37.65894317626953,144.58001708984375
14981,-37.65915298461914,144.5801544189453
14982,-37.65917205810547,144.58033752441406
14983,-37.6590576171875,144.57907104492188
14984,-37.6590690612793,144.5791778564453
14985,-37.659141540527344,144.5797119140625
14986,-37.659149169921875,144.57980346679688
14988,-37.659149169921875,144.5799102783203
14990,-37.65805435180664,144.57925415039062
14991,-37.658103942871094,144.57923889160156
14992,-37.65968322753906,144.5789337158203
14995,-37.659767150878906,144.5789794921875
14996,-37.659786224365234,144.5790557861328
14997,-37.65813827514648,144.58001708984375
15002,-37.71125793457031,144.5342559814453
15026,-37.71614074707031,144.53302001953125
15029,-37.71146774291992,144.5333709716797
15037,-37.71171951293945,144.56747436523438
15039,-37.71174621582031,144.5674591064453
15041,-37.711769104003906,144.56741333007812
15042,-37.711769104003906,144.5673828125
15044,-37.71175765991211,144.56735229492188
15045,-37.71173095703125,144.5673370361328
15048,-37.71168899536133,144.5673370361328
15051,-37.7116584777832,144.56736755371094
15052,-37.692848205566406,144.5426483154297
15053,-37.7164192199707,144.5559539794922
15054,-37.7164421081543,144.55601501464844
15055,-37.71645736694336,144.55609130859375
15056,-37.71675109863281,144.5585174560547
15059,-37.716156005859375,144.5536651611328
15060,-37.71641540527344,144.55580139160156
15062,-37.715919494628906,144.55169677734375
15063,-37.71612930297851,144.5534210205078
15089,-37.71345901489258,144.55935668945312
15091,-37.7136116027832,144.55929565429688
15092,-37.71470642089844,144.55908203125
15093,-37.71480178833008,144.55906677246094
15094,-37.71515655517578,144.5590057373047
15097,-37.68228912353515,144.54156494140625
15098,-37.68256378173828,144.54151916503906
15102,-37.66197204589844,144.53744506835938
15103,-37.66193389892578,144.53744506835938
15104,-37.66184616088867,144.53744506835938
15106,-37.70351791381836,144.60769653320312
15112,-37.69084167480469,144.55006408691406
15113,-37.69110870361328,144.55039978027344
15116,-37.71800231933594,144.58998107910156
15117,-37.71807098388672,144.58993530273438
15118,-37.654319763183594,144.56768798828125
15119,-37.654510498046875,144.56764221191406
15120,-37.65458679199219,144.567626953125
15121,-37.679901123046875,144.5891876220703
15122,-37.68010711669922,144.58938598632812
15124,-37.65298843383789,144.5667724609375
15125,-37.65287780761719,144.5658721923828
15127,-37.6618766784668,144.6000518798828
15131,-37.717796325683594,144.5903778076172
15132,-37.71882247924805,144.59378051757812
15134,-37.68975830078125,144.5850372314453
15135,-37.68964767456055,144.58514404296875
15136,-37.695953369140625,144.54574584960938
15137,-37.695987701416016,144.54605102539062
15138,-37.69295120239258,144.54002380371094
15155,-37.65977096557617,144.578857421875
15156,-37.65973663330078,144.57850646972656
15157,-37.6599006652832,144.59335327148438
15158,-37.659549713134766,144.5934295654297
15162,-37.68757629394531,144.55621337890625
15163,-37.688201904296875,144.55618286132812
15164,-37.6882209777832,144.55613708496094
15165,-37.68824005126953,144.55609130859375
15166,-37.68808364868164,144.55471801757812
15169,-37.65496444702149,144.56756591796875
15170,-37.65470123291016,144.56761169433594
15171,-37.65435791015625,144.5665740966797
15172,-37.65424728393555,144.56565856933594
15173,-37.65421295166016,144.5653533935547
15178,-37.654319763183594,144.56524658203125
15179,-37.654563903808594,144.5652313232422
15180,-37.654685974121094,144.56521606445312
15183,-37.69398880004883,144.54635620117188
15184,-37.714599609375,144.5914306640625
15185,-37.7148551940918,144.5936737060547
15188,-37.71281433105469,144.5917510986328
15189,-37.713138580322266,144.59169006347656
15190,-37.71378326416016,144.59156799316406
15191,-37.71388244628906,144.591552734375
15192,-37.71544647216797,144.59127807617188
15193,-37.71843338012695,144.59303283691406
15194,-37.71848678588867,144.59300231933594
15198,-37.65694046020508,144.59324645996094
15200,-37.65675354003906,144.5934600830078
15201,-37.67308044433594,144.54513549804688
15202,-37.689945220947266,144.57745361328125
15203,-37.68989562988281,144.57676696777344
15204,-37.68997573852539,144.57664489746094
15207,-37.6793098449707,144.5475616455078
15208,-37.68014907836914,144.54757690429688
15210,-37.69375228881836,144.54443359375
15211,-37.70322036743164,144.64166259765625
15212,-37.65367889404297,144.56671142578125
15213,-37.653568267822266,144.5657958984375
15214,-37.6535530090332,144.5656280517578
15218,-37.65569305419922,144.56556701660156
15219,-37.65559005737305,144.5654754638672
15220,-37.65537643432617,144.5655059814453
15224,-37.71752166748047,144.59002685546875
15225,-37.707176208496094,144.62042236328125
15227,-37.705711364746094,144.6206512451172
15228,-37.704742431640625,144.6208038330078
15229,-37.70450210571289,144.620849609375
15231,-37.70387649536133,144.62094116210938
15237,-37.70888137817383,144.62220764160156
15243,-37.7087287902832,144.6226043701172
15247,-37.70869827270508,144.62191772460938
15248,-37.708648681640625,144.62144470214844
15249,-37.7086181640625,144.6212158203125
15250,-37.70858001708984,144.62094116210938
15251,-37.70855712890625,144.62074279785156
15252,-37.70853805541992,144.6205596923828
15257,-37.70875549316406,144.6228485107422
15258,-37.70876693725586,144.62294006347656
15262,-37.70886993408203,144.62327575683594
15264,-37.70897674560547,144.62344360351562
15265,-37.70927810668945,144.6237335205078
15266,-37.70984649658203,144.6243133544922
15267,-37.71009063720703,144.6245574951172
15268,-37.71015548706055,144.6246337890625
15269,-37.710262298583984,144.62474060058594
15270,-37.7103271484375,144.62481689453125
15271,-37.71037292480469,144.6248779296875
15272,-37.71042251586914,144.62496948242188
15273,-37.71075439453125,144.6256103515625
15274,-37.71120834350586,144.62648010253906
15275,-37.711483001708984,144.62701416015625
15276,-37.711917877197266,144.6278839111328
15277,-37.71211242675781,144.62826538085938
15278,-37.71221923828125,144.62844848632812
15280,-37.712310791015625,144.6285858154297
15281,-37.71242904663086,144.6287384033203
15295,-37.713958740234375,144.6282196044922
15306,-37.70883560180664,144.62213134765625
15329,-37.70854949951172,144.6221923828125
15337,-37.703670501708984,144.62095642089844
15346,-37.70281982421875,144.6209259033203
15378,-37.65731048583984,144.57595825195312
15379,-37.65745162963867,144.5758819580078
15381,-37.65076446533203,144.5682373046875
15383,-37.65039825439453,144.56565856933594
15386,-37.71955108642578,144.58966064453125
15387,-37.71954345703125,144.5895538330078
15388,-37.71959686279297,144.58773803710938
15390,-37.7196044921875,144.587646484375
15394,-37.719703674316406,144.58758544921875
15397,-37.72059631347656,144.5874481201172
15403,-37.72113037109375,144.58773803710938
15404,-37.720970153808594,144.58860778808594
15406,-37.720890045166016,144.58885192871094
15407,-37.720802307128906,144.58908081054688
15408,-37.72076416015625,144.58921813964844
15411,-37.72014236450195,144.58956909179688
15412,-37.72013854980469,144.58946228027344
15413,-37.72036361694336,144.58761596679688
15414,-37.71929168701172,144.59169006347656
15416,-37.71920394897461,144.59165954589844
15417,-37.719146728515625,144.5916748046875
15418,-37.71979904174805,144.59056091308594
15419,-37.71980285644531,144.59063720703125
15420,-37.71978759765625,144.59117126464844
15421,-37.72050476074219,144.5895538330078
15422,-37.72049331665039,144.58969116210938
15423,-37.720401763916016,144.5902099609375
15429,-37.720191955566406,144.59048461914062
15430,-37.72296905517578,144.59173583984375
15431,-37.722694396972656,144.59127807617188
15432,-37.722530364990234,144.5910186767578
15433,-37.72237014770508,144.5908203125
15434,-37.72227096557617,144.5906982421875
15435,-37.72196578979492,144.5903778076172
15436,-37.721710205078125,144.59014892578125
15437,-37.72145462036133,144.5899658203125
15443,-37.72040939331055,144.5895538330078
15444,-37.71895217895508,144.5897674560547
15445,-37.7183723449707,144.58987426757812
15448,-37.72117614746094,144.6098175048828
15449,-37.721214294433594,144.61012268066406
15454,-37.72112274169922,144.61029052734375
15455,-37.7199592590332,144.61048889160156
15456,-37.72118377685547,144.608642578125
15458,-37.72092819213867,144.6086883544922
15459,-37.718475341796875,144.59649658203125
15460,-37.718265533447266,144.59654235839844
15461,-37.71981430053711,144.630859375
15462,-37.71983337402344,144.63096618652344
15463,-37.71995162963867,144.63134765625
15464,-37.72007751464844,144.63172912597656
15465,-37.72019958496094,144.6320343017578
15466,-37.72052001953125,144.6306610107422
15467,-37.720428466796875,144.63070678710938
15468,-37.720157623291016,144.6307830810547
15469,-37.7191047668457,144.63104248046875
15474,-37.718788146972656,144.63099670410156
15475,-37.71868515014648,144.6307373046875
15476,-37.720516204833984,144.6318359375
15477,-37.7176513671875,144.6337127685547
15478,-37.718563079833984,144.63311767578125
15479,-37.71869659423828,144.63302612304688
15480,-37.71903991699219,144.6328125
15483,-37.71937561035156,144.63258361816406
15484,-37.71965026855469,144.6324005126953
15485,-37.72074508666992,144.63168334960938
15490,-37.72078323364258,144.6314697265625
15491,-37.72041702270508,144.63037109375
15492,-37.71912384033203,144.63113403320312
15493,-37.71934127807617,144.6316680908203
15494,-37.7193717956543,144.63172912597656
15497,-37.719635009765625,144.634033203125
15498,-37.71943283081055,144.63352966308594
15499,-37.71929168701172,144.6331787109375
15500,-37.71916961669922,144.6328887939453
15502,-37.72109603881836,144.63241577148438
15503,-37.72152328491211,144.6322021484375
15505,-37.72172927856445,144.63372802734375
15506,-37.72054672241211,144.63450622558594
15507,-37.72222137451172,144.6343231201172
15508,-37.72151947021485,144.63475036621094
15512,-37.721439361572266,144.63491821289062
15513,-37.721553802490234,144.6354217529297
15515,-37.72147750854492,144.633056640625
15516,-37.72027587890625,144.63385009765625
15517,-37.720008850097656,144.634033203125
15519,-37.719749450683594,144.6340789794922
15520,-37.65363693237305,144.56578063964844
15521,-37.65385818481445,144.56573486328125
15522,-37.6541748046875,144.565673828125
15523,-37.65395736694336,144.5657196044922
15525,-37.718135833740234,144.58778381347656
15526,-37.718360900878906,144.5897674560547
15527,-37.71894836425781,144.5896759033203
15528,-37.718875885009766,144.587646484375
15534,-37.718719482421875,144.5874786376953
15536,-37.71849060058594,144.58749389648438
15537,-37.718379974365234,144.58753967285156
15539,-37.71795654296875,144.58773803710938
15540,-37.7177734375,144.58779907226562
15546,-37.7175407409668,144.5880889892578
15547,-37.71770095825195,144.5895233154297
15549,-37.71927261352539,144.58737182617188
15551,-37.7191162109375,144.58740234375
15552,-37.71894073486328,144.5874481201172
15555,-37.72227096557617,144.5938262939453
15556,-37.72217559814453,144.59356689453125
15557,-37.72398376464844,144.59353637695312
15558,-37.722896575927734,144.59449768066406
15559,-37.7227668762207,144.59457397460938
15560,-37.72257614135742,144.59466552734375
15561,-37.722713470458984,144.59527587890625
15562,-37.722808837890625,144.59524536132812
15563,-37.72318649291992,144.59518432617188
15564,-37.72328567504883,144.5951690673828
15565,-37.723426818847656,144.59510803222656
15566,-37.723533630371094,144.5950469970703
15567,-37.7236328125,144.594970703125
15568,-37.724369049072266,144.5943145751953
15569,-37.72358703613281,144.5928192138672
15570,-37.72239303588867,144.59390258789062
15573,-37.72236251831055,144.5940399169922
15574,-37.72248077392578,144.5943603515625
15575,-37.7227783203125,144.59568786621094
15577,-37.72282028198242,144.5960235595703
15578,-37.72170639038086,144.5944061279297
15579,-37.72197341918945,144.59425354003906
15581,-37.72203826904297,144.59548950195312
15582,-37.72206115722656,144.5955810546875
15583,-37.72209930419922,144.5959014892578
15585,-37.72140884399414,144.59359741210938
15586,-37.72184371948242,144.59481811523438
15587,-37.72196960449219,144.5952606201172
15592,-37.72178649902344,144.5955047607422
15593,-37.721656799316406,144.5955352783203
15594,-37.72146987915039,144.59561157226562
15595,-37.721397399902344,144.5956268310547
15596,-37.72126007080078,144.595703125
15597,-37.72092056274414,144.59588623046875
15599,-37.72077178955078,144.59597778320312
15601,-37.72079849243164,144.593994140625
15602,-37.72012710571289,144.59425354003906
15603,-37.720176696777344,144.5943603515625
15606,-37.720802307128906,144.59629821777344
15608,-37.72279739379883,144.59239196777344
15609,-37.72266387939453,144.59249877929688
15610,-37.72368240356445,144.5967254638672
15611,-37.72359848022461,144.59588623046875
15612,-37.72246551513672,144.59695434570312
15613,-37.72235870361328,144.5961151123047
15614,-37.722434997558594,144.59678649902344
15615,-37.722599029541016,144.5978546142578
15616,-37.72267532348633,144.59852600097656
15620,-37.72277069091797,144.59861755371094
15621,-37.723880767822266,144.59841918945312
15622,-37.72379302978515,144.59764099121094
15624,-37.72123336791992,144.59889221191406
15625,-37.72084045410156,144.59896850585938
15629,-37.72100830078125,144.59681701660156
15630,-37.72108840942383,144.59713745117188
15631,-37.721160888671875,144.59756469726562
15632,-37.72124099731445,144.59812927246094
15633,-37.7213134765625,144.59877014160156
15636,-37.72144317626953,144.59886169433594
15637,-37.72195053100586,144.59877014160156
15640,-37.72202682495117,144.5986785888672
15641,-37.72202682495117,144.5986328125
15642,-37.7219352722168,144.5978546142578
15643,-37.72188949584961,144.59750366210938
15644,-37.721805572509766,144.59703063964844
15645,-37.72174072265625,144.5967254638672
15647,-37.72017288208008,144.59646606445312
15648,-37.72026824951172,144.596435546875
15649,-37.720703125,144.59629821777344
15652,-37.72088623046875,144.59634399414062
15654,-37.720970153808594,144.5965118408203
15658,-37.721290588378906,144.59661865234375
15662,-37.7220573425293,144.59622192382812
15663,-37.7221565246582,144.59617614746094
15665,-37.723777770996094,144.59585571289062
15667,-37.72407531738281,144.59567260742188
15668,-37.72461700439453,144.59518432617188
15671,-37.71964645385742,144.5951690673828
15672,-37.719749450683594,144.59536743164062
15673,-37.71981048583984,144.59548950195312
15674,-37.71992874145508,144.59576416015625
15675,-37.7200927734375,144.59619140625
15677,-37.7203369140625,144.5970916748047
15678,-37.72044372558594,144.59756469726562
15679,-37.720497131347656,144.59788513183594
15681,-37.719844818115234,144.59580993652344
15684,-37.71941757202149,144.59597778320312
15686,-37.71860885620117,144.5964813232422
15688,-37.7187385559082,144.5950164794922
15689,-37.71888732910156,144.5963134765625
15690,-37.718997955322266,144.59669494628906
15691,-37.719032287597656,144.5968017578125
15693,-37.720008850097656,144.59912109375
15694,-37.72040557861328,144.5990447998047
15695,-37.71881866455078,144.59690856933594
15696,-37.719024658203125,144.59767150878906
15697,-37.719093322753906,144.59799194335938
15698,-37.71915435791016,144.59840393066406
15699,-37.71923828125,144.59912109375
15700,-37.71925354003906,144.59918212890625
15703,-37.7193603515625,144.59922790527344
15704,-37.7198600769043,144.59913635253906
15707,-37.71991729736328,144.5989990234375
15708,-37.71982192993164,144.5982208251953
15709,-37.719757080078125,144.59780883789062
15710,-37.71966552734375,144.59735107421875
15715,-37.718414306640625,144.59780883789062
15716,-37.718482971191406,144.59812927246094
15717,-37.71852493286133,144.598388671875
15718,-37.71855163574219,144.59860229492188
15719,-37.7186279296875,144.59927368164062
15720,-37.718624114990234,144.59930419921875
15724,-37.718544006347656,144.59938049316406
15725,-37.718021392822266,144.59947204589844
15726,-37.71743392944336,144.59957885742188
15727,-37.7173957824707,144.5995635986328
15730,-37.71733856201172,144.59951782226562
15731,-37.717247009277344,144.59878540039062
15733,-37.71725082397461,144.59869384765625
15734,-37.71726608276367,144.5986328125
15738,-37.7175178527832,144.59832763671875
15739,-37.71775436401367,144.59828186035156
15743,-37.71791076660156,144.59811401367188
15744,-37.7183723449707,144.59744262695312
15745,-37.718597412109375,144.59713745117188
15747,-37.71874237060547,144.5969696044922
15748,-37.7193603515625,144.5966339111328
15750,-37.71958541870117,144.5964813232422
15751,-37.719696044921875,144.5963897705078
15752,-37.72001266479492,144.5962371826172
15755,-37.717918395996094,144.59852600097656
15756,-37.72111892700195,144.5896759033203
15758,-37.721412658691406,144.58876037597656
15759,-37.72188949584961,144.5877685546875
15765,-37.7221794128418,144.58779907226562
15766,-37.72240447998047,144.587890625
15767,-37.72247314453125,144.58792114257812
15768,-37.72275924682617,144.58795166015625
15770,-37.72312927246094,144.58790588378906
15771,-37.723384857177734,144.5878143310547
15799,-37.723365783691406,144.59242248535156
15800,-37.72208023071289,144.5893096923828
15801,-37.72224044799805,144.5889892578125
15802,-37.72233581542969,144.58872985839844
15803,-37.723289489746094,144.59046936035156
15804,-37.7231330871582,144.5903778076172
15805,-37.72307586669922,144.59033203125
15806,-37.722869873046875,144.59007263183594
15807,-37.72256088256836,144.5897216796875
15808,-37.72229766845703,144.5894775390625
15809,-37.72175598144531,144.58908081054688
15810,-37.72150039672851,144.58892822265625
15811,-37.72276306152344,144.59121704101562
15812,-37.723148345947266,144.5907440185547
15813,-37.723445892333984,144.590087890625
15817,-37.72369384765625,144.5895233154297
15818,-37.723670959472656,144.5894317626953
15819,-37.72359848022461,144.58921813964844
15821,-37.723506927490234,144.5889892578125
15822,-37.72335433959961,144.5887451171875
15824,-37.72322082519531,144.588623046875
15826,-37.723148345947266,144.58863830566406
15828,-37.72378921508789,144.58987426757812
15829,-37.723487854003906,144.5895233154297
15830,-37.723388671875,144.58935546875
15831,-37.72333908081055,144.58924865722656
15832,-37.72324752807617,144.58905029296875
15833,-37.72318649291992,144.5888214111328
15834,-37.72598648071289,144.58934020996094
15835,-37.725948333740234,144.5891571044922
15836,-37.72589111328125,144.5885009765625
15840,-37.72576904296875,144.58840942382812
15841,-37.72527694702149,144.58863830566406
15842,-37.72494125366211,144.58883666992188
15843,-37.72458267211914,144.5890655517578
15844,-37.72437286376953,144.5892333984375
15845,-37.72411346435547,144.5894775390625
15846,-37.72383499145508,144.58982849121094
15849,-37.72576522827149,144.58633422851562
15850,-37.725830078125,144.58689880371094
15851,-37.7258415222168,144.58702087402344
15854,-37.725772857666016,144.58718872070312
15855,-37.72541427612305,144.58753967285156
15856,-37.72517395019531,144.58773803710938
15857,-37.72435760498047,144.5882110595703
15858,-37.72176742553711,144.59136962890625
15860,-37.72166442871094,144.59259033203125
15861,-37.7215576171875,144.59242248535156
15862,-37.7214469909668,144.5922393798828
15863,-37.721282958984375,144.592041015625
15864,-37.7212028503418,144.59194946289062
15865,-37.721065521240234,144.59181213378906
15866,-37.72090530395508,144.5916748046875
15867,-37.72076416015625,144.59158325195312
15869,-37.72054672241211,144.5913543701172
15875,-37.720611572265625,144.591064453125
15876,-37.720664978027344,144.5909423828125
15877,-37.72073745727539,144.59071350097656
15882,-37.72110366821289,144.59078979492188
15883,-37.72132873535156,144.59095764160156
15884,-37.721588134765625,144.59117126464844
15885,-37.722042083740234,144.5917205810547
15886,-37.722557067871094,144.59259033203125
15887,-37.721527099609375,144.59170532226562
15888,-37.720909118652344,144.59010314941406
15889,-37.720890045166016,144.59017944335938
15890,-37.72078323364258,144.5905303955078
15892,-37.720420837402344,144.59133911132812
15893,-37.72023010253906,144.59156799316406
15894,-37.72011947631836,144.59165954589844
15898,-37.72108459472656,144.59326171875
15899,-37.72101974487305,144.59312438964844
15900,-37.720943450927734,144.5929718017578
15901,-37.72088623046875,144.5928955078125
15902,-37.720829010009766,144.59280395507812
15903,-37.720726013183594,144.59268188476562
15904,-37.72063064575195,144.59259033203125
15905,-37.72052764892578,144.59251403808594
15907,-37.72020721435547,144.5922393798828
15914,-37.719871520996094,144.59182739257812
15917,-37.719696044921875,144.5919952392578
15919,-37.719573974609375,144.59217834472656
15921,-37.719486236572266,144.59239196777344
15923,-37.71942901611328,144.59263610839844
15924,-37.71941757202149,144.59278869628906
15925,-37.71942138671875,144.59298706054688
15926,-37.719444274902344,144.59324645996094
15927,-37.7194709777832,144.59344482421875
15928,-37.71951675415039,144.59365844726562
15929,-37.71957015991211,144.59384155273438
15930,-37.71973419189453,144.5943145751953
15932,-37.720428466796875,144.59408569335938
15933,-37.720211029052734,144.59339904785156
15934,-37.72016906738281,144.5931396484375
15935,-37.72016525268555,144.59295654296875
15936,-37.720191955566406,144.5927276611328
15938,-37.71331787109375,144.59315490722656
15939,-37.71333694458008,144.5933074951172
15940,-37.71261215209961,144.59361267089844
15941,-37.71257781982422,144.5933380126953
15942,-37.71256637573242,144.5932159423828
15943,-37.71240234375,144.59182739257812
15944,-37.71235656738281,144.59136962890625
15945,-37.7132568359375,144.59271240234375
15946,-37.71329116821289,144.59300231933594
15949,-37.71321105957031,144.5930938720703
15954,-37.71413803100586,144.5937957763672
15955,-37.71538543701172,144.6092529296875
15956,-37.715431213378906,144.60968017578125
15957,-37.71982192993164,144.6097412109375
15958,-37.72114181518555,144.6094970703125
15959,-37.71973419189453,144.60891723632812
15960,-37.71990585327149,144.61045837402344
15961,-37.71702194213867,144.61024475097656
15962,-37.7150764465332,144.610595703125
15965,-37.7171516418457,144.61123657226562
15966,-37.7153205871582,144.61134338378906
15967,-37.71699905395508,144.6110382080078
15971,-37.717098236083984,144.61087036132812
15972,-37.7169303894043,144.60940551757812
15973,-37.65968322753906,144.57806396484375
15974,-37.65968704223633,144.57810974121094
15975,-37.65971374511719,144.57835388183594
15976,-37.65083312988281,144.5677032470703
15977,-37.650577545166016,144.56597900390625
15978,-37.65293884277344,144.5657501220703
15980,-37.65248107910156,144.56588745117188
15981,-37.652156829833984,144.5659637451172
15982,-37.65171432495117,144.56605529785156
15984,-37.65128707885742,144.5662384033203
15985,-37.65131759643555,144.56646728515625
15986,-37.65138244628906,144.56703186035156
15987,-37.719200134277344,144.6219024658203
15991,-37.718284606933594,144.61911010742188
15993,-37.72005081176758,144.6195068359375
15994,-37.71929931640625,144.61962890625
15995,-37.71855163574219,144.61976623535156
15997,-37.718162536621094,144.61993408203125
15998,-37.72012710571289,144.6202392578125
15999,-37.71879577636719,144.62045288085938
16001,-37.7183952331543,144.62063598632812
16002,-37.72019958496094,144.62095642089844
16003,-37.71901321411133,144.6211700439453
16005,-37.7186279296875,144.621337890625
16006,-37.72024154663086,144.62130737304688
16007,-37.720611572265625,144.62124633789062
16008,-37.719852447509766,144.6180419921875
16011,-37.71989822387695,144.61843872070312
16012,-37.71995162963867,144.61891174316406
16013,-37.72026824951172,144.62156677246094
16014,-37.72029495239258,144.62181091308594
16015,-37.72038650512695,144.62266540527344
16016,-37.720436096191406,144.6230926513672
16017,-37.72053146362305,144.62400817871094
16018,-37.720703125,144.62554931640625
16020,-37.7241096496582,144.61770629882812
16021,-37.7234992980957,144.61781311035156
16022,-37.72358322143555,144.61865234375
16023,-37.72365951538086,144.6194305419922
16024,-37.72420120239258,144.61854553222656
16025,-37.72428512573242,144.61932373046875
16026,-37.723087310791016,144.61953735351562
16027,-37.723018646240234,144.61953735351562
16028,-37.72280502319336,144.61952209472656
16029,-37.72225189208984,144.61810302734375
16030,-37.72233963012695,144.61891174316406
16031,-37.72286605834961,144.61883544921875
16034,-37.72269821166992,144.6188507080078
16035,-37.721981048583984,144.61898803710938
16036,-37.72296905517578,144.62155151367188
16037,-37.72285842895508,144.62156677246094
16038,-37.72258758544922,144.62161254882812
16039,-37.7243766784668,144.62017822265625
16040,-37.72406005859375,144.6202392578125
16041,-37.72348403930664,144.62033081054688
16042,-37.72285079956055,144.62045288085938
16043,-37.7231559753418,144.62330627441406
16044,-37.72429275512695,144.62310791015625
16045,-37.72433853149414,144.62307739257812
16047,-37.724361419677734,144.6230010986328
16048,-37.72426986694336,144.6222381591797
16049,-37.72306823730469,144.62245178222656
16050,-37.72370529174805,144.62232971191406
16053,-37.722808837890625,144.61837768554688
16054,-37.72284698486328,144.6186065673828
16055,-37.72279357910156,144.6197509765625
16056,-37.722801208496094,144.61997985839844
16057,-37.73339080810547,144.6022186279297
16058,-37.73372268676758,144.60215759277344
16059,-37.734375,144.60203552246094
16060,-37.73491668701172,144.60191345214844
16061,-37.734954833984375,144.60191345214844
16064,-37.73501968383789,144.60198974609375
16065,-37.73507308959961,144.60255432128906
16069,-37.73430252075195,144.60836791992188
16070,-37.73493957519531,144.60813903808594
16074,-37.734867095947266,144.6082763671875
16075,-37.73396301269531,144.60842895507812
16077,-37.73552322387695,144.60812377929688
16078,-37.73509216308594,144.60818481445312
16080,-37.73567199707031,144.6081085205078
16083,-37.73558044433594,144.60800170898438
16084,-37.735450744628906,144.60545349121094
16085,-37.73523712158203,144.60548400878906
16087,-37.736297607421875,144.60781860351562
16089,-37.73577880859375,144.60252380371094
16093,-37.73569107055664,144.60243225097656
16094,-37.719051361083984,144.63510131835938
16095,-37.71866226196289,144.6351776123047
16096,-37.71858978271485,144.6352081298828
16097,-37.718299865722656,144.6353759765625
16098,-37.71820831298828,144.6354522705078
16099,-37.71781539916992,144.6346893310547
16100,-37.7179069519043,144.63462829589844
16101,-37.718353271484375,144.6343231201172
16102,-37.71841049194336,144.63429260253906
16103,-37.71849060058594,144.63426208496094
16104,-37.7189826965332,144.63418579101562
16106,-37.7186164855957,144.63323974609375
16107,-37.718746185302734,144.63356018066406
16108,-37.71893310546875,144.6339874267578
16109,-37.718963623046875,144.6340789794922
16110,-37.718997955322266,144.63427734375
16111,-37.717193603515625,144.63323974609375
16112,-37.71742248535156,144.633056640625
16124,-37.675933837890625,144.56028747558594
16129,-37.675899505615234,144.5601348876953
16131,-37.67620849609375,144.56251525878906
16132,-37.67635345458984,144.5630645751953
16133,-37.67668914794922,144.56402587890625
16134,-37.677249908447266,144.56541442871094
16135,-37.67744445800781,144.56614685058594
16150,-37.691890716552734,144.56312561035156
16153,-37.72356033325195,144.5927734375
16154,-37.72395324707031,144.59347534179688
16155,-37.724609375,144.59483337402344
16157,-37.72478866577149,144.59523010253906
16159,-37.719215393066406,144.5607147216797
16160,-37.71922302246094,144.5608673095703
16162,-37.6806526184082,144.54698181152344
16163,-37.680694580078125,144.54696655273438
16164,-37.68084335327149,144.5467987060547
16202,-37.68632507324219,144.55191040039062
16204,-37.68632125854492,144.55197143554688
16206,-37.68634033203125,144.55201721191406
16209,-37.686424255371094,144.55201721191406
16216,-37.68634414672851,144.5518798828125
16217,-37.68572616577149,144.5518798828125
16219,-37.694679260253906,144.56373596191406
16226,-37.69203186035156,144.5633087158203
16266,-37.65718460083008,144.5948944091797
16268,-37.65717315673828,144.59483337402344
16270,-37.657135009765625,144.59478759765625
16271,-37.655426025390625,144.59408569335938
16272,-37.65567779541016,144.59408569335938
16273,-37.65603256225586,144.59413146972656
16274,-37.65631484985352,144.59425354003906
16275,-37.65658950805664,144.59442138671875
16277,-37.65973281860352,144.5917510986328
16278,-37.65989685058594,144.59152221679688
16285,-37.6941032409668,144.5653533935547
16286,-37.69411849975586,144.56536865234375
16288,-37.69417572021485,144.5653533935547
16289,-37.694190979003906,144.56533813476562
16301,-37.684234619140625,144.58590698242188
16319,-37.68533706665039,144.58584594726562
16320,-37.6846809387207,144.58578491210938
16321,-37.684627532958984,144.58578491210938
16325,-37.683631896972656,144.58580017089844
16326,-37.683258056640625,144.5857696533203
16328,-37.684452056884766,144.58383178710938
16329,-37.684356689453125,144.58517456054688
16330,-37.684356689453125,144.5854034423828
16331,-37.71080780029297,144.57086181640625
16333,-37.710819244384766,144.57081604003906
16335,-37.71080017089844,144.57078552246094
16336,-37.710784912109375,144.57077026367188
16337,-37.710750579833984,144.57077026367188
16343,-37.71074295043945,144.57089233398438
16345,-37.71078109741211,144.57089233398438
16346,-37.71079635620117,144.5708770751953
16347,-37.71109390258789,144.57330322265625
16371,-37.713836669921875,144.59072875976562
16373,-37.71394729614258,144.59066772460938
16377,-37.664554595947266,144.59295654296875
16381,-37.66444396972656,144.59292602539062
16394,-37.66431427001953,144.5929718017578
16395,-37.66361999511719,144.5926971435547
16396,-37.66350173950195,144.59268188476562
16397,-37.66464614868164,144.59214782714844
16398,-37.664520263671875,144.59283447265625
16399,-37.68367767333984,144.54905700683594
16400,-37.683719635009766,144.54901123046875
16404,-37.68391036987305,144.5490264892578
16405,-37.6839599609375,144.5490264892578
16406,-37.68510818481445,144.5487823486328
16407,-37.68498611450195,144.54879760742188
16408,-37.68490219116211,144.54881286621094
16409,-37.68482971191406,144.54884338378906
16411,-37.68473052978515,144.5488739013672
16413,-37.68463134765625,144.54884338378906
16416,-37.68446731567383,144.54888916015625
16418,-37.68439102172851,144.54893493652344
16419,-37.684322357177734,144.54896545410156
16421,-37.68742752075195,144.5516815185547
16422,-37.687408447265625,144.55162048339844
16423,-37.6873779296875,144.55154418945312
16424,-37.68732452392578,144.5514373779297
16425,-37.687255859375,144.55133056640625
16427,-37.686283111572266,144.55369567871094
16428,-37.686279296875,144.5536346435547
16429,-37.68629455566406,144.55340576171875
16432,-37.68632888793945,144.55296325683594
16433,-37.686317443847656,144.55307006835938
16435,-37.69254302978515,144.59738159179688
16443,-37.70899963378906,144.54574584960938
16445,-37.71109390258789,144.55946350097656
16446,-37.7111930847168,144.55963134765625
16447,-37.71122741699219,144.55966186523438
16493,-37.71305084228515,144.60330200195312
16501,-37.663177490234375,144.5912628173828
16502,-37.66299819946289,144.59130859375
16503,-37.66272735595703,144.5913543701172
16504,-37.663936614990234,144.59112548828125
16505,-37.66380310058594,144.59115600585938
16506,-37.66353988647461,144.59120178222656
16507,-37.66361618041992,144.59523010253906
16508,-37.663482666015625,144.59466552734375
16509,-37.66341018676758,144.5944061279297
16510,-37.67130279541016,144.5929412841797
16511,-37.67121887207031,144.59300231933594
16514,-37.67100524902344,144.59304809570312
16518,-37.69662857055664,144.55300903320312
16519,-37.696590423583984,144.55303955078125
16522,-37.69654846191406,144.55201721191406
16524,-37.69648361206055,144.55203247070312
16525,-37.69644927978515,144.5520477294922
16533,-37.67809295654297,144.54771423339844
16535,-37.67793273925781,144.54774475097656
16536,-37.67673110961914,144.54811096191406
16537,-37.676544189453125,144.54815673828125
16540,-37.676265716552734,144.5481414794922
16541,-37.67618179321289,144.5481414794922
16542,-37.67610931396485,144.54811096191406
16543,-37.67753219604492,144.54782104492188
16545,-37.677146911621094,144.54794311523438
16546,-37.67695999145508,144.5480194091797
16548,-37.67820739746094,144.54527282714844
16550,-37.67840194702149,144.54525756835938
16555,-37.676979064941406,144.54249572753906
16556,-37.67708969116211,144.54248046875
16558,-37.67747497558594,144.5424041748047
16559,-37.67738342285156,144.54241943359375
16560,-37.67729568481445,144.5424346923828
16573,-37.6832389831543,144.58001708984375
16579,-37.68302536010742,144.58351135253906
16580,-37.68301010131836,144.5835723876953
16581,-37.682952880859375,144.584228515625
16583,-37.68292999267578,144.5843048095703
16584,-37.68291473388672,144.5843505859375
16585,-37.68288803100586,144.58462524414062
16586,-37.682891845703125,144.58468627929688
16587,-37.68290328979492,144.58474731445312
16588,-37.68290710449219,144.58480834960938
16589,-37.682891845703125,144.5850067138672
16590,-37.6828727722168,144.58529663085938
16596,-37.68318176269531,144.5810089111328
16598,-37.68312072753906,144.58135986328125
16607,-37.6833610534668,144.58349609375
16608,-37.683380126953125,144.5834197998047
16612,-37.68321990966797,144.58502197265625
16613,-37.683250427246094,144.5848388671875
16614,-37.683258056640625,144.5846710205078
16615,-37.68327713012695,144.58460998535156
16616,-37.683292388916016,144.58453369140625
16617,-37.68330764770508,144.58436584472656
16619,-37.68328857421875,144.58424377441406
16620,-37.68333435058594,144.58363342285156
16623,-37.671295166015625,144.5570068359375
16624,-37.67121505737305,144.5570526123047
16627,-37.67100143432617,144.5570831298828
16628,-37.66390228271485,144.53707885742188
16629,-37.66396713256836,144.5370635986328
16630,-37.664554595947266,144.53695678710938
16633,-37.65741729736328,144.56793212890625
16634,-37.6573486328125,144.5679473876953
16635,-37.65713882446289,144.56797790527344
16640,-37.65665435791016,144.5676727294922
16641,-37.656639099121094,144.56753540039062
16649,-37.71489334106445,144.5829315185547
16678,-37.6728630065918,144.5980682373047
16683,-37.67300796508789,144.59799194335938
16684,-37.66237258911133,144.5709686279297
16685,-37.66239929199219,144.57098388671875
16686,-37.66267776489258,144.5712890625
16687,-37.662696838378906,144.57131958007812
16691,-37.66264343261719,144.5714569091797
16692,-37.66250991821289,144.57154846191406
16697,-37.66233825683594,144.5714874267578
16699,-37.685997009277344,144.5675048828125
16703,-37.68596267700195,144.567138671875
16704,-37.68561935424805,144.56719970703125
16705,-37.68551254272461,144.56723022460938
16754,-37.718318939208984,144.59263610839844
16783,-37.71969223022461,144.59449768066406
16785,-37.68215560913086,144.5811767578125
16786,-37.682167053222656,144.58084106445312
16787,-37.68183135986328,144.58538818359375
16788,-37.68190002441406,144.58444213867188
16789,-37.68195724487305,144.58358764648438
16791,-37.684539794921875,144.59585571289062
16817,-37.675411224365234,144.59104919433594
16819,-37.6673469543457,144.54615783691406
16822,-37.667293548583984,144.54629516601562
16825,-37.71085357666016,144.6275177001953
16826,-37.71134567260742,144.62847900390625
16827,-37.7115478515625,144.6288604736328
16828,-37.711761474609375,144.6292266845703
16835,-37.71162033081055,144.6295623779297
16836,-37.7115592956543,144.629638671875
16837,-37.71149826049805,144.62973022460938
16843,-37.71138381958008,144.6303253173828
16844,-37.711395263671875,144.63043212890625
16849,-37.71137237548828,144.6306610107422
16850,-37.71082305908203,144.63111877441406
16888,-37.68389892578125,144.56838989257812
16893,-37.68417739868164,144.60757446289062
16922,-37.726654052734375,144.5697479248047
16926,-37.72640609741211,144.57070922851562
16927,-37.72611999511719,144.57244873046875
16932,-37.726810455322266,144.5691680908203
16933,-37.72700500488281,144.5684051513672
16935,-37.726200103759766,144.5724639892578
16936,-37.72651290893555,144.570556640625
16942,-37.69321060180664,144.56640625
16955,-37.6893196105957,144.56854248046875
17002,-37.683738708496094,144.57533264160156
17007,-37.68873977661133,144.60548400878906
17030,-37.68852615356445,144.6013641357422
17037,-37.68865203857422,144.6053466796875
17040,-37.6874885559082,144.60569763183594
17041,-37.68743896484375,144.605712890625
17047,-37.67564392089844,144.59207153320312
17056,-37.68263626098633,144.6106414794922
17057,-37.68259048461914,144.6109619140625
17058,-37.68256378173828,144.6112823486328
17059,-37.68254470825195,144.61163330078125
17060,-37.682525634765625,144.61227416992188
17070,-37.686309814453125,144.60609436035156
17076,-37.718772888183594,144.53558349609375
17080,-37.719520568847656,144.534912109375
17081,-37.71980285644531,144.5352020263672
17096,-37.724796295166016,144.5360870361328
17119,-37.724796295166016,144.5382843017578
17121,-37.725303649902344,144.5392303466797
17130,-37.72677230834961,144.54029846191406
17136,-37.72621154785156,144.538330078125
17139,-37.72523880004883,144.53704833984375
17143,-37.725006103515625,144.53636169433594
17144,-37.72518157958984,144.53628540039062
17146,-37.72502136230469,144.5349884033203
17150,-37.7249870300293,144.5342254638672
17154,-37.725311279296875,144.5339813232422
17156,-37.718605041503906,144.5354461669922
17193,-37.71656036376953,144.53379821777344
17198,-37.71851348876953,144.568359375
17199,-37.7182502746582,144.566162109375
17200,-37.7179069519043,144.56854248046875
17201,-37.71795272827149,144.56890869140625
17202,-37.71795654296875,144.56895446777344
17203,-37.717315673828125,144.56907653808594
17204,-37.71731185913086,144.56903076171875
17205,-37.71699523925781,144.56639099121094
17206,-37.71635818481445,144.56900024414062
17208,-37.71623611450195,144.569580078125
17209,-37.71613311767578,144.57005310058594
17212,-37.71556091308594,144.56837463378906
17213,-37.71495819091797,144.56849670410156
17214,-37.71427917480469,144.56861877441406
17215,-37.71438217163086,144.56948852539062
17216,-37.71429443359375,144.56875610351562
17217,-37.715065002441406,144.5694122314453
17218,-37.7151985168457,144.570556640625
17219,-37.715206146240234,144.5706024169922
17223,-37.71595764160156,144.56956481933594
17225,-37.715816497802734,144.569580078125
17230,-37.71574783325195,144.5693359375
17231,-37.71573257446289,144.5692138671875
17236,-37.71617126464844,144.56546020507812
17237,-37.716156005859375,144.5655517578125
17239,-37.71598052978515,144.56578063964844
17240,-37.71605682373047,144.56581115722656
17246,-37.715572357177734,144.5658721923828
17247,-37.71527862548828,144.56591796875
17248,-37.71615219116211,144.56529235839844
17251,-37.71657943725586,144.56568908691406
17254,-37.71710968017578,144.5702362060547
17255,-37.717247009277344,144.57020568847656
17257,-37.716060638427734,144.56573486328125
17260,-37.71622085571289,144.5655517578125
17264,-37.7155876159668,144.56964111328125
17265,-37.71564865112305,144.56851196289062
17266,-37.7155647277832,144.56777954101562
17269,-37.71556854248047,144.56747436523438
17272,-37.715599060058594,144.5673065185547
17274,-37.71564102172851,144.5671844482422
17276,-37.71568298339844,144.56707763671875
17278,-37.7156982421875,144.5669403076172
17279,-37.715694427490234,144.56687927246094
17280,-37.7156867980957,144.56680297851562
17281,-37.71567153930664,144.56668090820312
17284,-37.714542388916016,144.57083129882812
17285,-37.71455383300781,144.57093811035156
17286,-37.715911865234375,144.57046508789062
17287,-37.714595794677734,144.5707244873047
17290,-37.71451950073242,144.57064819335938
17294,-37.716339111328125,144.5703887939453
17295,-37.71627426147461,144.57037353515625
17302,-37.71598052978515,144.5704803466797
17310,-37.71620178222656,144.5704803466797
17312,-37.71616744995117,144.57083129882812
17313,-37.71635055541992,144.5723419189453
17314,-37.71637344360352,144.57252502441406
17317,-37.71597671508789,144.5704345703125
17344,-37.716434478759766,144.569091796875
17348,-37.716766357421875,144.56918334960938
17349,-37.71681213378906,144.5691680908203
17350,-37.71690368652344,144.56915283203125
17351,-37.71857070922851,144.56883239746094
17352,-37.7186279296875,144.56883239746094
17358,-37.71897506713867,144.5686798095703
17359,-37.71907806396485,144.56866455078125
17361,-37.719139099121094,144.5686492919922
17365,-37.71913528442383,144.5682830810547
17366,-37.71856689453125,144.56881713867188
17367,-37.71763610839844,144.5662841796875
17368,-37.71855926513672,144.56610107421875
17369,-37.717315673828125,144.56634521484375
17370,-37.714969635009766,144.56861877441406
17371,-37.7162971496582,144.5673370361328
17372,-37.71589279174805,144.56741333007812
17373,-37.71583557128906,144.56741333007812
17374,-37.71577072143555,144.56741333007812
17375,-37.71570587158203,144.56739807128906
17378,-37.71520233154297,144.56764221191406
17379,-37.715431213378906,144.56759643554688
17382,-37.71633529663086,144.56578063964844
17384,-37.71528625488281,144.56675720214844
17385,-37.715599060058594,144.5666961669922
17386,-37.71696853637695,144.5702667236328
17387,-37.717002868652344,144.57025146484375
17390,-37.7170295715332,144.57015991210938
17391,-37.72445297241211,144.56922912597656
17392,-37.723838806152344,144.56935119628906
17394,-37.72371673583984,144.5693817138672
17396,-37.72364807128906,144.56942749023438
17399,-37.7234992980957,144.56954956054688
17400,-37.72346115112305,144.56956481933594
17401,-37.723419189453125,144.56959533691406
17409,-37.72084426879883,144.57012939453125
17410,-37.721534729003906,144.5699920654297
17418,-37.72291946411133,144.55999755859375
17420,-37.72298431396485,144.56007385253906
17421,-37.72306442260742,144.5607452392578
17423,-37.71799850463867,144.5554656982422
17424,-37.71809387207031,144.55545043945312
17425,-37.71871566772461,144.55532836914062
17426,-37.71877670288086,144.55531311035156
17427,-37.71933364868164,144.55520629882812
17432,-37.719356536865234,144.5543975830078
17433,-37.71932601928711,144.5543212890625
17434,-37.71929168701172,144.55421447753906
17435,-37.719268798828125,144.55413818359375
17436,-37.71925354003906,144.55406188964844
17437,-37.71913528442383,144.55308532714844
17438,-37.7191276550293,144.55299377441406
17440,-37.71875,144.5530548095703
17441,-37.71879959106445,144.55307006835938
17442,-37.71974182128906,144.55288696289062
17443,-37.71980285644531,144.55287170410156
17444,-37.71977996826172,144.5526580810547
17446,-37.72035598754883,144.55255126953125
17448,-37.720489501953125,144.55255126953125
17453,-37.720611572265625,144.55209350585938
17463,-37.72063064575195,144.55288696289062
17464,-37.72058868408203,144.552978515625
17465,-37.72043228149414,144.5532989501953
17466,-37.72023391723633,144.5537109375
17470,-37.720027923583984,144.553955078125
17471,-37.71964645385742,144.5542449951172
17472,-37.7195930480957,144.55429077148438
17477,-37.719383239746094,144.55471801757812
17478,-37.7193717956543,144.55482482910156
17480,-37.7193717956543,144.55499267578125
17481,-37.71947479248047,144.55569458007812
17482,-37.7194938659668,144.55577087402344
17483,-37.719696044921875,144.5565643310547
17484,-37.71970748901367,144.556640625
17485,-37.71982192993164,144.5575408935547
17486,-37.71988296508789,144.55804443359375
17488,-37.719913482666016,144.55816650390625
17490,-37.719966888427734,144.55831909179688
17491,-37.72035217285156,144.55918884277344
17494,-37.72052764892578,144.5593719482422
17497,-37.72064208984375,144.55941772460938
17498,-37.72069549560547,144.55943298339844
17500,-37.72079849243164,144.5594482421875
17501,-37.72084426879883,144.5594482421875
17503,-37.72095489501953,144.55943298339844
17504,-37.72103118896485,144.5594024658203
17505,-37.7210693359375,144.55938720703125
17507,-37.72119903564453,144.55931091308594
17508,-37.72126770019531,144.5592803955078
17509,-37.72134017944336,144.55926513671875
17510,-37.72176361083984,144.55918884277344
17511,-37.7217903137207,144.55917358398438
17515,-37.721885681152344,144.5594024658203
17516,-37.72203063964844,144.5596160888672
17521,-37.72229766845703,144.55978393554688
17522,-37.71999740600586,144.5537109375
17526,-37.71989059448242,144.55349731445312
17528,-37.71986389160156,144.55335998535156
17529,-37.719764709472656,144.55255126953125
17530,-37.71971130371094,144.55226135253906
17531,-37.71846008300781,144.55322265625
17532,-37.71870803833008,144.5552520751953
17533,-37.708133697509766,144.56060791015625
17535,-37.70825958251953,144.5604705810547
17538,-37.70927047729492,144.55909729003906
17539,-37.709251403808594,144.5591278076172
17540,-37.70908737182617,144.55934143066406
17541,-37.71025466918945,144.5578155517578
17542,-37.71013259887695,144.55796813964844
17543,-37.70939254760742,144.5589599609375
17546,-37.70942687988281,144.5591278076172
17547,-37.70985794067383,144.55931091308594
17548,-37.71009063720703,144.559326171875
17552,-37.71196746826172,144.55552673339844
17553,-37.7108039855957,144.5570831298828
17554,-37.710750579833984,144.55714416503906
17555,-37.71124267578125,144.55772399902344
17556,-37.71065902709961,144.55703735351562
17558,-37.710548400878906,144.55691528320312
17561,-37.71047592163086,144.55694580078125
17562,-37.71007537841797,144.55747985839844
17566,-37.710079193115234,144.55760192871094
17567,-37.71038055419922,144.55795288085938
17568,-37.71073913574219,144.55838012695312
17569,-37.7135124206543,144.55645751953125
17571,-37.71349334716797,144.5563201904297
17573,-37.71444320678711,144.56088256835938
17574,-37.71442031860352,144.56072998046875
17575,-37.71515274047851,144.5599365234375
17576,-37.71524810791016,144.5607147216797
17580,-37.71519088745117,144.56080627441406
17581,-37.71455383300781,144.56092834472656
17583,-37.714473724365234,144.56100463867188
17589,-37.71445846557617,144.5615234375
17590,-37.71419906616211,144.5615692138672
17593,-37.715816497802734,144.556884765625
17594,-37.715789794921875,144.55667114257812
17597,-37.71595001220703,144.5580291748047
17598,-37.71597671508789,144.5582275390625
17599,-37.715858459472656,144.5579376220703
17602,-37.71591567993164,144.55783081054688
17603,-37.7158317565918,144.55711364746094
17606,-37.71575164794922,144.55703735351562
17607,-37.71431350708008,144.55731201171875
17608,-37.716033935546875,144.558837890625
17609,-37.71401596069336,144.557373046875
17610,-37.713958740234375,144.557373046875
17611,-37.71470642089844,144.5582733154297
17612,-37.71479797363281,144.55902099609375
17613,-37.71614456176758,144.55975341796875
17614,-37.71641159057617,144.56199645996094
17615,-37.71384048461914,144.556396484375
17616,-37.7138557434082,144.55653381347656
17617,-37.71398162841797,144.5575714111328
17618,-37.71406173706055,144.55824279785156
17620,-37.71314239501953,144.55679321289062
17623,-37.71334457397461,144.55648803710938
17633,-37.71415710449219,144.55633544921875
17634,-37.71369934082031,144.55642700195312
17644,-37.71320343017578,144.55661010742188
17660,-37.71336364746094,144.55860900878906
17664,-37.71360778808594,144.5617218017578
17667,-37.71360397338867,144.56166076660156
17669,-37.698299407958984,144.54421997070312
17670,-37.699100494384766,144.5440673828125
17671,-37.69881820678711,144.5449981689453
17674,-37.69913101196289,144.54501342773438
17682,-37.698951721191406,144.5431365966797
17683,-37.69892120361328,144.5431365966797
17684,-37.69818878173828,144.54327392578125
17686,-37.71222686767578,144.5451202392578
17687,-37.71221923828125,144.54501342773438
17689,-37.71280288696289,144.54498291015625
17690,-37.71278762817383,144.5448760986328
17693,-37.71285629272461,144.54547119140625
17695,-37.71281433105469,144.54513549804688
17698,-37.71274185180664,144.54507446289062
17699,-37.712276458740234,144.545166015625
17702,-37.71221923828125,144.5452423095703
17703,-37.71219253540039,144.54588317871094
17704,-37.712196350097656,144.54592895507812
17707,-37.713382720947266,144.54498291015625
17709,-37.7127571105957,144.54571533203125
17710,-37.71189498901367,144.5463104248047
17711,-37.65567779541016,144.58079528808594
17712,-37.65571594238281,144.58111572265625
17713,-37.655731201171875,144.58123779296875
17714,-37.65582275390625,144.5819854736328
17715,-37.65583419799805,144.58209228515625
17716,-37.65593338012695,144.58290100097656
17718,-37.655765533447266,144.5821075439453
17719,-37.654083251953125,144.58242797851562
17720,-37.654022216796875,144.5824432373047
17724,-37.6563720703125,144.58065795898438
17725,-37.656455993652344,144.5813446044922
17726,-37.6566276550293,144.582763671875
17731,-37.65654373168945,144.58287048339844
17732,-37.655860900878906,144.5830078125
17733,-37.654998779296875,144.58316040039062
17734,-37.65399932861328,144.58335876464844
17736,-37.653785705566406,144.58338928222656
17737,-37.653114318847656,144.58352661132812
17741,-37.65380859375,144.58160400390625
17742,-37.65565872192383,144.5812530517578
17743,-37.65387725830078,144.58326721191406
17744,-37.653682708740234,144.58277893066406
17748,-37.65357971191406,144.5823211669922
17750,-37.65357208251953,144.58216857910156
17752,-37.65359115600586,144.5819549560547
17755,-37.65363693237305,144.58172607421875
17757,-37.65369415283203,144.58143615722656
17759,-37.65367126464844,144.5811767578125
17760,-37.65254211425781,144.5718231201172
17761,-37.652286529541016,144.5697479248047
17762,-37.65165328979492,144.5698699951172
17763,-37.65121841430664,144.5699462890625
17767,-37.651145935058594,144.5698699951172
17768,-37.65108871459961,144.56947326660156
17769,-37.65090560913086,144.5681915283203
17770,-37.65222930908203,144.56924438476562
17771,-37.65159606933594,144.56936645507812
17772,-37.65249252319336,144.57142639160156
17773,-37.651458740234375,144.57162475585938
17774,-37.65143203735352,144.57164001464844
17776,-37.65140151977539,144.57168579101562
17777,-37.65140151977539,144.5717315673828
17782,-37.651817321777344,144.57244873046875
17783,-37.652587890625,144.57229614257812
17784,-37.65122604370117,144.57078552246094
17785,-37.65238571166992,144.570556640625
17786,-37.65143966674805,144.56809997558594
17787,-37.652557373046875,144.57199096679688
17788,-37.65207290649414,144.56797790527344
17789,-37.65019607543945,144.56393432617188
17790,-37.64936828613281,144.5574951171875
17791,-37.655311584472656,144.5655059814453
17792,-37.655086517333984,144.56553649902344
17793,-37.65496444702149,144.5655517578125
17797,-37.66557312011719,144.53500366210938
17798,-37.66863250732422,144.53440856933594
17805,-37.661643981933594,144.53575134277344
17806,-37.66166687011719,144.53575134277344
17807,-37.66341400146485,144.53541564941406
17808,-37.66343307495117,144.535400390625
17811,-37.66350555419922,144.53524780273438
17815,-37.66395568847656,144.53530883789062
17816,-37.66398239135742,144.53530883789062
17817,-37.66476058959961,144.53515625
17825,-37.66395950317383,144.53759765625
17827,-37.72038650512695,144.5772705078125
17828,-37.72040557861328,144.57749938964844
17829,-37.72212600708008,144.5778350830078
17832,-37.72188186645508,144.57757568359375
17836,-37.72176742553711,144.57791137695312
17839,-37.72195816040039,144.5780487060547
17842,-37.72176361083984,144.5778350830078
17847,-37.72196960449219,144.57830810546875
17848,-37.722564697265625,144.57778930664062
17849,-37.72320938110352,144.5777130126953
17850,-37.7238883972168,144.57763671875
17868,-37.72525787353515,144.57522583007812
17872,-37.72503280639648,144.57496643066406
17876,-37.7248420715332,144.57530212402344
17877,-37.72491455078125,144.57530212402344
17881,-37.7251091003418,144.57542419433594
17890,-37.72491455078125,144.57525634765625
17909,-37.72529602050781,144.57736206054688
17910,-37.72522735595703,144.57669067382812
17911,-37.72515106201172,144.57598876953125
17912,-37.72496795654297,144.5743865966797
17913,-37.72490692138672,144.57386779785156
17914,-37.72479248046875,144.5729217529297
17916,-37.72390365600586,144.57444763183594
17920,-37.72398376464844,144.57546997070312
17922,-37.72045135498047,144.57716369628906
17923,-37.72180938720703,144.57691955566406
17924,-37.723636627197266,144.5734405517578
17925,-37.72407150268555,144.5733642578125
17926,-37.724117279052734,144.5733642578125
17929,-37.724151611328125,144.57455444335938
17930,-37.72392272949219,144.57460021972656
17932,-37.726749420166016,144.57498168945312
17933,-37.726776123046875,144.5750274658203
17935,-37.72682571411133,144.57518005371094
17936,-37.726844787597656,144.57525634765625
17937,-37.726924896240234,144.57562255859375
17938,-37.72723007202149,144.57699584960938
17943,-37.72654342651367,144.5771026611328
17944,-37.72640609741211,144.57647705078125
17945,-37.72625350952149,144.57579040527344
17946,-37.726104736328125,144.57513427734375
17950,-37.72721862792969,144.57369995117188
17951,-37.72679138183594,144.57472229003906
17955,-37.72662353515625,144.5749053955078
17956,-37.72597122192383,144.5750732421875
17957,-37.72568893432617,144.5751495361328
17958,-37.72459411621094,144.57754516601562
17959,-37.72467803955078,144.57752990722656
17960,-37.72355651855469,144.57472229003906
17961,-37.72346115112305,144.57473754882812
17962,-37.72318649291992,144.5747833251953
17963,-37.72288513183594,144.5748291015625
17964,-37.72282409667969,144.57484436035156
17966,-37.72325134277344,144.57350158691406
17967,-37.722755432128906,144.57359313964844
17968,-37.72268295288086,144.57359313964844
17969,-37.721656799316406,144.5755615234375
17972,-37.723514556884766,144.57522583007812
17973,-37.72361373901367,144.57521057128906
17974,-37.72325897216797,144.57815551757812
17975,-37.72261428833008,144.57823181152344
17976,-37.724609375,144.5776824951172
17977,-37.72435760498047,144.57553100585938
17978,-37.72434997558594,144.5753936767578
17979,-37.72532272338867,144.57667541503906
17980,-37.726314544677734,144.57650756835938
17983,-37.726165771484375,144.57583618164062
17984,-37.725242614746094,144.5759735107422
17985,-37.72489547729492,144.5743865966797
17986,-37.72431945800781,144.57449340820312
17987,-37.72429275512695,144.57449340820312
17990,-37.724239349365234,144.57443237304688
17991,-37.72408676147461,144.57310485839844
17992,-37.72407913208008,144.57302856445312
17996,-37.72414016723633,144.57293701171875
17997,-37.72467041015625,144.57284545898438
17998,-37.72490310668945,144.57281494140625
18002,-37.72523498535156,144.5727996826172
18004,-37.72544860839844,144.57281494140625
18005,-37.72557067871094,144.5728302001953
18006,-37.72569274902344,144.57286071777344
18007,-37.72581100463867,144.57289123535156
18008,-37.72593307495117,144.57293701171875
18009,-37.726051330566406,144.57298278808594
18010,-37.72616195678711,144.57302856445312
18012,-37.72637939453125,144.57315063476562
18016,-37.72653579711914,144.5733184814453
18017,-37.72652816772461,144.57334899902344
18018,-37.726322174072266,144.5738525390625
18019,-37.72631072998047,144.57386779785156
18023,-37.72602081298828,144.57369995117188
18024,-37.7259635925293,144.57366943359375
18025,-37.72498321533203,144.5738525390625
18026,-37.72027969360352,144.57627868652344
18027,-37.72170639038086,144.57601928710938
18028,-37.720890045166016,144.5752410888672
18029,-37.72084426879883,144.57484436035156
18030,-37.720176696777344,144.57537841796875
18031,-37.721248626708984,144.57518005371094
18032,-37.722206115722656,144.57504272460938
18033,-37.72224807739258,144.57542419433594
18034,-37.72010803222656,144.5747528076172
18035,-37.72021484375,144.57568359375
18036,-37.72037124633789,144.57708740234375
18038,-37.72160339355469,144.5751190185547
18039,-37.72157287597656,144.57484436035156
18040,-37.722877502441406,144.5753173828125
18041,-37.7226448059082,144.57327270507812
18046,-37.72232437133789,144.5732421875
18048,-37.72336959838867,144.5730743408203
18049,-37.723426818847656,144.57357788085938
18050,-37.72367858886719,144.5758056640625
18051,-37.727439880371094,144.57516479492188
18053,-37.727500915527344,144.5752410888672
18055,-37.72758483886719,144.57542419433594
18056,-37.72763442993164,144.5755615234375
18057,-37.72768020629883,144.57568359375
18058,-37.727725982666016,144.5758514404297
18059,-37.7277717590332,144.57606506347656
18060,-37.72795104980469,144.57687377929688
18063,-37.72541046142578,144.57742309570312
18064,-37.72864532470703,144.576904296875
18070,-37.72865295410156,144.5765838623047
18071,-37.72835922241211,144.575439453125
18072,-37.72832107543945,144.57530212402344
18073,-37.7282829284668,144.57518005371094
18074,-37.72822952270508,144.5750274658203
18076,-37.72816467285156,144.57485961914062
18079,-37.7280387878418,144.57461547851562
18080,-37.727989196777344,144.5745391845703
18085,-37.7277946472168,144.5743408203125
18086,-37.7277717590332,144.57437133789062
18087,-37.72748947143555,144.57504272460938
18090,-37.727352142333984,144.57528686523438
18091,-37.72700881958008,144.57559204101562
18092,-37.7231559753418,144.56964111328125
18094,-37.722938537597656,144.56939697265625
18102,-37.7227897644043,144.56973266601562
18104,-37.72315979003906,144.56971740722656
18107,-37.72297286987305,144.56948852539062
18112,-37.72301483154297,144.5701904296875
18115,-37.72322082519531,144.57192993164062
18124,-37.72328567504883,144.57174682617188
18125,-37.72322082519531,144.57125854492188
18126,-37.72320556640625,144.57113647460938
18127,-37.72306442260742,144.56996154785156
18131,-37.72247314453125,144.56549072265625
18132,-37.722530364990234,144.5659942626953
18133,-37.72254943847656,144.56613159179688
18134,-37.72258758544922,144.5664520263672
18135,-37.722660064697266,144.5670623779297
18136,-37.72563171386719,144.56809997558594
18137,-37.72551727294922,144.5680694580078
18139,-37.72540664672851,144.56838989257812
18141,-37.72542572021485,144.56829833984375
18143,-37.7251091003418,144.5681915283203
18149,-37.72533416748047,144.56797790527344
18151,-37.725341796875,144.5678253173828
18159,-37.72517013549805,144.56814575195312
18161,-37.72537612915039,144.56796264648438
18166,-37.72674560546875,144.57015991210938
18172,-37.72624969482422,144.57003784179688
18173,-37.725685119628906,144.5701446533203
18174,-37.725616455078125,144.57015991210938
18176,-37.72673034667969,144.5702362060547
18177,-37.72444534301758,144.5647735595703
18186,-37.72428131103515,144.5650634765625
18187,-37.72429275512695,144.56497192382812
18190,-37.72489929199219,144.56468200683594
18197,-37.72466278076172,144.56826782226562
18198,-37.724647521972656,144.56814575195312
18200,-37.7242431640625,144.56497192382812
18237,-37.72532653808594,144.5682373046875
18240,-37.7197265625,144.5693817138672
18241,-37.719688415527344,144.56906127929688
18242,-37.7241096496582,144.56753540039062
18243,-37.72399139404297,144.5675506591797
18246,-37.723873138427734,144.56719970703125
18251,-37.72447204589844,144.56993103027344
18252,-37.724456787109375,144.5697784423828
18253,-37.72445297241211,144.5697479248047
18254,-37.72566986083984,144.57058715820312
18255,-37.725616455078125,144.5706024169922
18256,-37.724632263183594,144.57078552246094
18259,-37.72456359863281,144.5707550048828
18260,-37.724552154541016,144.57070922851562
18261,-37.724517822265625,144.57040405273438
18262,-37.724483489990234,144.5701141357422
18265,-37.72454071044922,144.57000732421875
18266,-37.725528717041016,144.56982421875
18267,-37.7255744934082,144.56980895996094
18269,-37.72460174560547,144.57101440429688
18270,-37.72480392456055,144.57223510742188
18271,-37.72476577758789,144.57223510742188
18272,-37.72385025024414,144.5723876953125
18276,-37.72377014160156,144.5723114013672
18277,-37.72370910644531,144.57179260253906
18278,-37.72370910644531,144.57176208496094
18280,-37.72373580932617,144.5717010498047
18283,-37.72396087646485,144.5716552734375
18284,-37.72535705566406,144.57139587402344
18285,-37.72539138793945,144.57139587402344
18286,-37.72542190551758,144.57139587402344
18288,-37.725563049316406,144.57142639160156
18289,-37.72541046142578,144.5721893310547
18292,-37.72531509399414,144.5722198486328
18294,-37.72821807861328,144.57379150390625
18297,-37.72840118408203,144.57394409179688
18298,-37.72548294067383,144.5690460205078
18299,-37.725440979003906,144.5690460205078
18300,-37.724945068359375,144.5645294189453
18301,-37.72504806518555,144.5653839111328
18302,-37.725154876708984,144.5662841796875
18303,-37.72526168823242,144.56716918945312
18304,-37.72480010986328,144.5682373046875
18305,-37.72453689575195,144.56829833984375
18306,-37.72971725463867,144.56874084472656
18307,-37.72980499267578,144.5687713623047
18308,-37.73038864135742,144.56890869140625
18309,-37.72689437866211,144.5702667236328
18310,-37.72734069824219,144.57046508789062
18311,-37.72780227661133,144.5706787109375
18312,-37.7288703918457,144.57095336914062
18313,-37.728912353515625,144.5709686279297
18314,-37.72921371459961,144.5691375732422
18315,-37.729190826416016,144.5692596435547
18316,-37.72905731201172,144.57008361816406
18317,-37.728858947753906,144.5712890625
18322,-37.72758865356445,144.57302856445312
18324,-37.72761154174805,144.5729522705078
18325,-37.72781753540039,144.57168579101562
18326,-37.72783279418945,144.5716094970703
18327,-37.7290153503418,144.570068359375
18328,-37.7280387878418,144.56980895996094
18329,-37.72800064086914,144.56980895996094
18330,-37.726898193359375,144.5692901611328
18333,-37.7291145324707,144.57156372070312
18336,-37.72882461547851,144.5715789794922
18338,-37.72849655151367,144.57176208496094
18340,-37.728424072265625,144.57176208496094
18341,-37.72720718383789,144.57144165039062
18342,-37.727149963378906,144.57142639160156
18343,-37.72771453857422,144.56761169433594
18344,-37.72779846191406,144.567626953125
18345,-37.72792434692383,144.5676727294922
18346,-37.728546142578125,144.5679473876953
18347,-37.729759216308594,144.56826782226562
18348,-37.729793548583984,144.56826782226562
18349,-37.729942321777344,144.56736755371094
18350,-37.72990417480469,144.56735229492188
18351,-37.72925567626953,144.5671844482422
18352,-37.72875213623047,144.5670623779297
18353,-37.7285270690918,144.56695556640625
18354,-37.72807693481445,144.56674194335938
18355,-37.72795104980469,144.56671142578125
18356,-37.72786331176758,144.5666961669922
18357,-37.725399017333984,144.5662384033203
18358,-37.725830078125,144.56614685058594
18359,-37.72587585449219,144.56614685058594
18361,-37.72595977783203,144.56614685058594
18362,-37.72713088989258,144.5664520263672
18363,-37.72699737548828,144.5672607421875
18364,-37.726131439208984,144.56703186035156
18366,-37.72603988647461,144.56703186035156
18367,-37.72600555419922,144.56703186035156
18368,-37.72550582885742,144.56712341308594
18371,-37.72722244262695,144.56591796875
18372,-37.72687530517578,144.56802368164062
18378,-37.72103500366211,144.57168579101562
18381,-37.72163772583008,144.56935119628906
18382,-37.721580505371094,144.56910705566406
18383,-37.72123336791992,144.5662384033203
18384,-37.721221923828125,144.56614685058594
18386,-37.72631072998047,144.56993103027344
18387,-37.726097106933594,144.56814575195312
18388,-37.726078033447266,144.5679931640625
18389,-37.7264518737793,144.57000732421875
18393,-37.72323226928711,144.5686798095703
18394,-37.72321701049805,144.56854248046875
18395,-37.723880767822266,144.56756591796875
18396,-37.72385025024414,144.5675811767578
18397,-37.72333908081055,144.5676727294922
18398,-37.72282409667969,144.56777954101562
18399,-37.722747802734375,144.5677947998047
18400,-37.721683502197266,144.56614685058594
18403,-37.72239685058594,144.56600952148438
18406,-37.722450256347656,144.5664825439453
18407,-37.72196578979492,144.5665740966797
18408,-37.72190475463867,144.56658935546875
18409,-37.72096633911133,144.56922912597656
18410,-37.7203483581543,144.5693359375
18411,-37.7200927734375,144.56939697265625
18414,-37.721866607666016,144.56626892089844
18415,-37.72224426269531,144.5692596435547
18416,-37.72030258178711,144.56893920898438
18417,-37.72014236450195,144.56979370117188
18418,-37.72330093383789,144.5673370361328
18419,-37.72333526611328,144.56764221191406
18420,-37.7229118347168,144.56918334960938
18422,-37.722774505615234,144.5692138671875
18423,-37.722312927246094,144.56930541992188
18426,-37.722164154052734,144.5693359375
18427,-37.721710205078125,144.5694122314453
18428,-37.721649169921875,144.56942749023438
18429,-37.720924377441406,144.5688934326172
18430,-37.725494384765625,144.56912231445312
18431,-37.72560119628906,144.5700225830078
18432,-37.72565078735352,144.5704345703125
18433,-37.72567367553711,144.5706329345703
18434,-37.72566986083984,144.57077026367188
18435,-37.72544860839844,144.57211303710938
18436,-37.72597885131836,144.5652313232422
18439,-37.725860595703125,144.5652313232422
18440,-37.725807189941406,144.5652313232422
18441,-37.725284576416016,144.56533813476562
18443,-37.728477478027344,144.57188415527344
18444,-37.72846984863281,144.57196044921875
18445,-37.72846221923828,144.57203674316406
18446,-37.72822952270508,144.57345581054688
18452,-37.728023529052734,144.5736541748047
18454,-37.72784423828125,144.573486328125
18456,-37.72772979736328,144.57339477539062
18458,-37.727630615234375,144.5733184814453
18459,-37.72698593139648,144.57286071777344
18462,-37.72694396972656,144.57275390625
18463,-37.726951599121094,144.57266235351562
18464,-37.72726058959961,144.57073974609375
18466,-37.72791290283203,144.5660858154297
18470,-37.72795486450195,144.56614685058594
18471,-37.72761154174805,144.5682373046875
18475,-37.72966766357422,144.5690460205078
18480,-37.73443603515625,144.5733184814453
18482,-37.73154067993164,144.57586669921875
18484,-37.73136138916016,144.57577514648438
18486,-37.73150634765625,144.5756072998047
18493,-37.729942321777344,144.61325073242188
18494,-37.73028945922851,144.6132049560547
18495,-37.73039627075195,144.61436462402344
18496,-37.730464935302734,144.61509704589844
18497,-37.73053359985352,144.61581420898438
18499,-37.73057556152344,144.61585998535156
18501,-37.73067092895508,144.61587524414062
18502,-37.73179626464844,144.6156463623047
18503,-37.73173141479492,144.6149139404297
18504,-37.731666564941406,144.6141815185547
18505,-37.73201751708984,144.6141357421875
18506,-37.7319450378418,144.61334228515625
18507,-37.73158645629883,144.61338806152344
18508,-37.730323791503906,144.6135711669922
18509,-37.73150634765625,144.61253356933594
18510,-37.730831146240234,144.61264038085938
18511,-37.730247497558594,144.61273193359375
18513,-37.72127532958984,144.6104736328125
18515,-37.735103607177734,144.60186767578125
18516,-37.73550033569336,144.60177612304688
18517,-37.73553085327149,144.6017608642578
18520,-37.73557662963867,144.60165405273438
18524,-37.72954559326172,144.5911865234375
18528,-37.729610443115234,144.59176635742188
18529,-37.72957992553711,144.59178161621094
18530,-37.7284049987793,144.5921173095703
18534,-37.72918701171875,144.58956909179688
18535,-37.72930145263672,144.5901336669922
18536,-37.729305267333984,144.59017944335938
18538,-37.729270935058594,144.5902557373047
18539,-37.72923278808594,144.59027099609375
18540,-37.72748565673828,144.59075927734375
18541,-37.72739791870117,144.59080505371094
18542,-37.72687530517578,144.58901977539062
18544,-37.72672653198242,144.5890655517578
18545,-37.72467803955078,144.5947723388672
18546,-37.725223541259766,144.5943603515625
18547,-37.72536849975586,144.59425354003906
18548,-37.72541809082031,144.5941925048828
18549,-37.7255744934082,144.59402465820312
18550,-37.72575759887695,144.59381103515625
18551,-37.72603988647461,144.59349060058594
18552,-37.7261848449707,144.59332275390625
18553,-37.72624969482422,144.59326171875
18554,-37.72635269165039,144.59315490722656
18556,-37.72651672363281,144.593017578125
18557,-37.72657775878906,144.5929718017578
18558,-37.72672653198242,144.59288024902344
18559,-37.72678756713867,144.5928497314453
18565,-37.72914505004883,144.5893096923828
18566,-37.72908401489258,144.58892822265625
18567,-37.72930908203125,144.59742736816406
18568,-37.72913360595703,144.59588623046875
18569,-37.72896957397461,144.5949249267578
18570,-37.72830581665039,144.5950927734375
18571,-37.728370666503906,144.595458984375
18572,-37.728477478027344,144.59619140625
18573,-37.72862243652344,144.59744262695312
18575,-37.72868347167969,144.5975341796875
18576,-37.72874450683594,144.59751892089844
18577,-37.72989654541016,144.59732055664062
18581,-37.72794723510742,144.59776306152344
18582,-37.72776412963867,144.59622192382812
18583,-37.72775650024414,144.595947265625
18584,-37.727664947509766,144.59542846679688
18586,-37.72791290283203,144.59521484375
18587,-37.72964096069336,144.59474182128906
18588,-37.72779083251953,144.59341430664062
18589,-37.72779846191406,144.59347534179688
18590,-37.72785949707031,144.5938262939453
18591,-37.72794342041016,144.5943145751953
18592,-37.72949981689453,144.59388732910156
18593,-37.72785186767578,144.59434509277344
18597,-37.727783203125,144.594482421875
18598,-37.72937774658203,144.59329223632812
18599,-37.7298698425293,144.59310913085938
18603,-37.73008728027344,144.59359741210938
18604,-37.730125427246094,144.5937957763672
18605,-37.73017120361328,144.59405517578125
18606,-37.73038101196289,144.59536743164062
18607,-37.73044967651367,144.5958251953125
18608,-37.730560302734375,144.59681701660156
18610,-37.73054122924805,144.59710693359375
18613,-37.73037338256836,144.5972442626953
18614,-37.7301139831543,144.59727478027344
18620,-37.729347229003906,144.59310913085938
18621,-37.729766845703125,144.5955047607422
18622,-37.72997283935547,144.5971221923828
18626,-37.72749328613281,144.5926055908203
18627,-37.727577209472656,144.59255981445312
18628,-37.72843933105469,144.59231567382812
18629,-37.7282829284668,144.5914306640625
18630,-37.72859191894531,144.5931854248047
18632,-37.72706985473633,144.59185791015625
18633,-37.727561950683594,144.5917205810547
18634,-37.72760772705078,144.59170532226562
18635,-37.727725982666016,144.59164428710938
18637,-37.72788619995117,144.591552734375
18639,-37.72798538208008,144.5915069580078
18640,-37.72805404663086,144.59149169921875
18641,-37.72942733764648,144.5911102294922
18642,-37.729469299316406,144.59109497070312
18643,-37.72820663452149,144.5890655517578
18644,-37.728275299072266,144.58963012695312
18646,-37.7272834777832,144.59031677246094
18647,-37.727577209472656,144.59158325195312
18650,-37.72712707519531,144.59255981445312
18651,-37.72658157348633,144.59019470214844
18654,-37.72661590576172,144.59007263183594
18656,-37.72669219970703,144.5900421142578
18657,-37.7270393371582,144.5899200439453
18658,-37.72713470458984,144.58987426757812
18659,-37.72730255126953,144.58982849121094
18660,-37.7274284362793,144.5897979736328
18661,-37.72907638549805,144.58946228027344
18663,-37.726165771484375,144.5897216796875
18667,-37.726566314697266,144.59315490722656
18668,-37.727413177490234,144.5946807861328
18673,-37.72730255126953,144.59490966796875
18674,-37.727054595947266,144.5951385498047
18676,-37.72700119018555,144.59515380859375
18678,-37.72693634033203,144.59510803222656
18679,-37.726078033447266,144.59356689453125
18680,-37.72616195678711,144.5950927734375
18681,-37.72561264038086,144.59408569335938
18683,-37.726566314697266,144.59194946289062
18684,-37.72645950317383,144.59201049804688
18685,-37.726348876953125,144.59207153320312
18686,-37.72624588012695,144.59213256835938
18687,-37.72614669799805,144.5922088623047
18688,-37.726036071777344,144.59228515625
18689,-37.72592544555664,144.59239196777344
18690,-37.725830078125,144.5924835205078
18691,-37.72573471069336,144.59259033203125
18692,-37.72562789916992,144.59271240234375
18693,-37.725399017333984,144.5929718017578
18694,-37.72532272338867,144.59303283691406
18695,-37.72454833984375,144.59165954589844
18696,-37.7246208190918,144.59176635742188
18697,-37.724952697753906,144.5923614501953
18698,-37.72647476196289,144.591064453125
18699,-37.72637176513672,144.5911102294922
18701,-37.72612762451172,144.5912322998047
18702,-37.7259521484375,144.59132385253906
18703,-37.72582244873047,144.59140014648438
18705,-37.72564697265625,144.59153747558594
18706,-37.72557067871094,144.59161376953125
18707,-37.72550964355469,144.5916748046875
18708,-37.72543716430664,144.59176635742188
18709,-37.72538757324219,144.59182739257812
18710,-37.72502517700195,144.59230041503906
18711,-37.72450256347656,144.59034729003906
18712,-37.724586486816406,144.59046936035156
18713,-37.72502136230469,144.59104919433594
18714,-37.72410583496094,144.59219360351562
18715,-37.72419738769531,144.59210205078125
18716,-37.724945068359375,144.59112548828125
18717,-37.725093841552734,144.59095764160156
18719,-37.72526550292969,144.59080505371094
18720,-37.725337982177734,144.5907440185547
18721,-37.72544479370117,144.59066772460938
18722,-37.72555160522461,144.59060668945312
18723,-37.72577667236328,144.59046936035156
18724,-37.72591400146485,144.59039306640625
18725,-37.726036071777344,144.59033203125
18726,-37.72615814208984,144.59027099609375
18730,-37.7263069152832,144.59034729003906
18731,-37.72358322143555,144.59153747558594
18732,-37.72366714477539,144.5916290283203
18733,-37.72402572631836,144.59207153320312
18735,-37.724090576171875,144.59217834472656
18736,-37.72464370727539,144.59317016601562
18737,-37.72472381591797,144.59332275390625
18738,-37.728973388671875,144.5930633544922
18739,-37.72908782958984,144.593017578125
18741,-37.729278564453125,144.5928192138672
18742,-37.72933197021485,144.5927734375
18743,-37.72943115234375,144.5927276611328
18744,-37.72957229614258,144.5926971435547
18745,-37.72967147827149,144.59268188476562
18746,-37.72982406616211,144.5926513671875
18749,-37.723026275634766,144.59193420410156
18752,-37.72332000732422,144.59228515625
18754,-37.72291946411133,144.59228515625
18758,-37.723026275634766,144.59176635742188
18764,-37.72613906860352,144.58926391601562
18765,-37.725887298583984,144.58938598632812
18766,-37.7258415222168,144.5894012451172
18770,-37.723907470703125,144.5874786376953
18771,-37.72420883178711,144.58726501464844
18772,-37.72452926635742,144.5871124267578
18773,-37.7248420715332,144.5869140625
18774,-37.72501754760742,144.58677673339844
18776,-37.72579574584961,144.5859375
18777,-37.72404479980469,144.58843994140625
18778,-37.724178314208984,144.58872985839844
18779,-37.72382354736328,144.58807373046875
18780,-37.72584915161133,144.58729553222656
18781,-37.725860595703125,144.58755493164062
18782,-37.725860595703125,144.5880126953125
18785,-37.71937561035156,144.59561157226562
18786,-37.71943283081055,144.5960693359375
18787,-37.71953582763672,144.59634399414062
18789,-37.71834564208984,144.59219360351562
18800,-37.71805191040039,144.59230041503906
18802,-37.719234466552734,144.59429931640625
18803,-37.71925735473633,144.59439086914062
18806,-37.71949768066406,144.5948486328125
18817,-37.71757888793945,144.5900421142578
18819,-37.71782684326172,144.59024047851562
18820,-37.7178955078125,144.59112548828125
18821,-37.7180061340332,144.59165954589844
18822,-37.7177848815918,144.5897674560547
18824,-37.717002868652344,144.59011840820312
18825,-37.7144889831543,144.5946502685547
18832,-37.71347427368164,144.5950164794922
18833,-37.71345520019531,144.5948486328125
18834,-37.71335220336914,144.5939483642578
18835,-37.71318817138672,144.59397888183594
18836,-37.71554183959961,144.5935516357422
18841,-37.71562576293945,144.5936279296875
18842,-37.7157096862793,144.59434509277344
18846,-37.71564865112305,144.59445190429688
18893,-37.708229064941406,144.58197021484375
18894,-37.70824432373047,144.58212280273438
18895,-37.709266662597656,144.58917236328125
18896,-37.70940017700195,144.5891571044922
18897,-37.7093620300293,144.590087890625
18898,-37.709590911865234,144.5900421142578
18900,-37.71129608154297,144.5869598388672
18901,-37.71117401123047,144.58697509765625
18903,-37.71147155761719,144.5879364013672
18904,-37.71150588989258,144.58816528320312
18910,-37.71205520629883,144.59017944335938
18916,-37.712215423583984,144.58990478515625
18918,-37.712276458740234,144.59066772460938
18921,-37.71365737915039,144.59043884277344
18927,-37.71351623535156,144.59071350097656
18930,-37.71417236328125,144.5906219482422
18932,-37.71369934082031,144.59046936035156
18939,-37.709529876708984,144.5857391357422
18943,-37.70939254760742,144.5852813720703
18947,-37.709495544433594,144.58578491210938
18949,-37.70968246459961,144.58551025390625
18957,-37.71205139160156,144.58590698242188
18962,-37.71206283569336,144.58584594726562
18966,-37.712196350097656,144.586181640625
18968,-37.71242141723633,144.58599853515625
18977,-37.71488952636719,144.585693359375
18985,-37.71482849121094,144.5855255126953
18986,-37.7148551940918,144.58560180664062
18990,-37.7112922668457,144.58892822265625
18991,-37.711368560791016,144.58958435058594
18997,-37.71925354003906,144.6265411376953
18998,-37.71956253051758,144.62632751464844
18999,-37.71931076049805,144.62551879882812
19000,-37.71906661987305,144.6247100830078
19001,-37.719017028808594,144.6245574951172
19002,-37.71867752075195,144.62351989746094
19003,-37.718650817871094,144.62344360351562
19004,-37.718448638916016,144.62281799316406
19005,-37.718238830566406,144.62217712402344
19006,-37.71820831298828,144.62210083007812
19007,-37.71797180175781,144.62136840820312
19008,-37.717926025390625,144.62123107910156
19009,-37.71771240234375,144.62057495117188
19010,-37.71733474731445,144.61941528320312
19015,-37.717185974121094,144.61923217773438
19016,-37.716739654541016,144.61932373046875
19017,-37.71671676635742,144.61932373046875
19018,-37.71619415283203,144.61949157714844
19023,-37.716068267822266,144.61964416503906
19024,-37.71632766723633,144.62115478515625
19028,-37.7164421081543,144.62123107910156
19029,-37.71675109863281,144.62107849121094
19030,-37.71699905395508,144.62094116210938
19031,-37.71757888793945,144.62408447265625
19034,-37.71726608276367,144.62400817871094
19038,-37.7172737121582,144.6243438720703
19040,-37.717491149902344,144.62445068359375
19041,-37.717472076416016,144.6243438720703
19048,-37.71733093261719,144.6240692138672
19049,-37.718055725097656,144.62384033203125
19052,-37.72106170654297,144.62548828125
19054,-37.719364166259766,144.623291015625
19055,-37.71979904174805,144.6232147216797
19056,-37.72013854980469,144.62315368652344
19057,-37.71966171264648,144.62191772460938
19058,-37.719276428222656,144.62197875976562
19059,-37.71922302246094,144.6219940185547
19060,-37.71915054321289,144.62203979492188
19062,-37.72074890136719,144.62261962890625
19063,-37.71921157836914,144.6188201904297
19064,-37.719200134277344,144.6187744140625
19068,-37.718936920166016,144.61880493164062
19069,-37.71836471557617,144.61898803710938
19070,-37.71807098388672,144.61903381347656
19075,-37.717918395996094,144.6191864013672
19076,-37.71885299682617,144.62203979492188
19077,-37.71570587158203,144.625244140625
19078,-37.71585464477539,144.62571716308594
19079,-37.71599578857422,144.6261749267578
19080,-37.71707534790039,144.62564086914062
19081,-37.715721130371094,144.62632751464844
19082,-37.7169303894043,144.62518310546875
19083,-37.71542739868164,144.62539672851562
19084,-37.71668243408203,144.624755859375
19086,-37.71685028076172,144.62464904785156
19087,-37.717037200927734,144.62449645996094
19101,-37.711368560791016,144.62155151367188
19102,-37.716312408447266,144.62905883789062
19103,-37.7160758972168,144.62808227539062
19104,-37.71828079223633,144.62826538085938
19105,-37.718135833740234,144.62770080566406
19106,-37.71803283691406,144.62728881835938
19107,-37.71759414672851,144.6285400390625
19108,-37.71734619140625,144.6275634765625
19109,-37.716941833496094,144.62879943847656
19110,-37.71669387817383,144.62782287597656
19111,-37.71575164794922,144.62928771972656
19112,-37.71551132202149,144.62831115722656
19113,-37.71894836425781,144.62570190429688
19114,-37.7180290222168,144.62615966796875
19115,-37.71770095825195,144.62632751464844
19116,-37.717342376708984,144.62649536132812
19117,-37.71598815917969,144.62718200683594
19118,-37.7177734375,144.62535095214844
19119,-37.717918395996094,144.6258087158203
19120,-37.717010498046875,144.6218719482422
19121,-37.7169075012207,144.62191772460938
19124,-37.716800689697266,144.62203979492188
19126,-37.71669006347656,144.6225128173828
19127,-37.71668243408203,144.6226043701172
19128,-37.7166862487793,144.62277221679688
19131,-37.71675491333008,144.62301635742188
19132,-37.717041015625,144.6235809326172
19133,-37.71842575073242,144.62501525878906
19134,-37.71697616577149,144.62083435058594
19135,-37.7171516418457,144.6234893798828
19136,-37.71723175048828,144.62615966796875
19137,-37.71433639526367,144.6232147216797
19138,-37.7150764465332,144.6226043701172
19139,-37.715110778808594,144.62258911132812
19141,-37.7151985168457,144.62254333496094
19144,-37.715328216552734,144.62252807617188
19145,-37.71538162231445,144.62254333496094
19148,-37.71429443359375,144.6208038330078
19151,-37.714378356933594,144.6207733154297
19152,-37.715606689453125,144.6205596923828
19154,-37.71455764770508,144.6219024658203
19155,-37.714141845703125,144.62107849121094
19156,-37.71403884887695,144.62086486816406
19157,-37.714012145996094,144.62078857421875
19158,-37.7139892578125,144.62069702148438
19159,-37.71391296386719,144.62001037597656
19163,-37.71399688720703,144.619873046875
19164,-37.7154426574707,144.61961364746094
19168,-37.71555709838867,144.61972045898438
19169,-37.71576690673828,144.62095642089844
19171,-37.715782165527344,144.62110900878906
19173,-37.71578598022461,144.62130737304688
19178,-37.715721130371094,144.6218719482422
19179,-37.713924407958984,144.62240600585938
19180,-37.714637756347656,144.621826171875
19181,-37.71467971801758,144.62179565429688
19182,-37.71472930908203,144.62176513671875
19184,-37.71486282348633,144.62168884277344
19185,-37.714935302734375,144.6216583251953
19186,-37.714996337890625,144.6216278076172
19187,-37.71506118774414,144.62161254882812
19188,-37.715145111083984,144.62159729003906
19189,-37.7152099609375,144.62158203125
19190,-37.715274810791016,144.62158203125
19191,-37.71535873413086,144.62158203125
19192,-37.715423583984375,144.62159729003906
19193,-37.71549224853515,144.62159729003906
19194,-37.71272659301758,144.62144470214844
19195,-37.71221160888672,144.6218719482422
19196,-37.71173477172851,144.62225341796875
19198,-37.711463928222656,144.6204071044922
19199,-37.71149063110352,144.62046813964844
19200,-37.711936950683594,144.621337890625
19201,-37.712440490722656,144.6208953857422
19202,-37.71213150024414,144.6202850341797
19206,-37.71201705932617,144.62022399902344
19207,-37.71092224121094,144.62042236328125
19210,-37.71085739135742,144.6205291748047
19211,-37.71086883544922,144.62057495117188
19212,-37.711463928222656,144.62171936035156
19215,-37.710235595703125,144.62432861328125
19219,-37.71156692504883,144.6232452392578
19221,-37.711769104003906,144.62307739257812
19222,-37.71187210083008,144.6230010986328
19227,-37.71234130859375,144.62277221679688
19228,-37.71308898925781,144.6221466064453
19230,-37.71319580078125,144.62205505371094
19231,-37.716251373291016,144.6280059814453
19232,-37.71621322631836,144.6278839111328
19233,-37.715877532958984,144.6268310546875
19234,-37.71489715576172,144.6285858154297
19235,-37.71514892578125,144.62844848632812
19237,-37.71795272827149,144.6273193359375
19238,-37.718284606933594,144.62718200683594
19239,-37.71860885620117,144.6270294189453
19240,-37.7191047668457,144.62680053710938
19241,-37.719276428222656,144.62689208984375
19242,-37.719356536865234,144.62713623046875
19243,-37.71956253051758,144.62774658203125
19244,-37.72216796875,144.6403350830078
19245,-37.723270416259766,144.64012145996094
19246,-37.72332763671875,144.64010620117188
19247,-37.7233772277832,144.6400909423828
19249,-37.72207260131836,144.6395721435547
19250,-37.72304153442383,144.63937377929688
19251,-37.72307586669922,144.63937377929688
19252,-37.72311019897461,144.6393585205078
19254,-37.72198867797851,144.6387939453125
19255,-37.72272872924805,144.63864135742188
19256,-37.7227668762207,144.63864135742188
19257,-37.722808837890625,144.63861083984375
19259,-37.72190475463867,144.6380157470703
19260,-37.722564697265625,144.63787841796875
19263,-37.72266387939453,144.63784790039062
19265,-37.72374725341797,144.6405029296875
19266,-37.723655700683594,144.64012145996094
19268,-37.72344207763672,144.6394805908203
19269,-37.72329330444336,144.6390838623047
19270,-37.72319412231445,144.6387939453125
19271,-37.72261047363281,144.63702392578125
19272,-37.72241973876953,144.6364288330078
19274,-37.72153854370117,144.63729858398438
19275,-37.72239303588867,144.6371307373047
19277,-37.72246170043945,144.63710021972656
19278,-37.72249603271485,144.6370849609375
19279,-37.72159194946289,144.63771057128906
19280,-37.7214469909668,144.63653564453125
19282,-37.7210807800293,144.6363983154297
19283,-37.72134780883789,144.63641357421875
19284,-37.7215576171875,144.63641357421875
19285,-37.721622467041016,144.63641357421875
19286,-37.722049713134766,144.6363983154297
19287,-37.72229766845703,144.6363525390625
19288,-37.71754837036133,144.6337432861328
19292,-37.71728515625,144.63397216796875
19295,-37.717506408691406,144.6341094970703
19296,-37.71750259399414,144.634033203125
19304,-37.71726989746094,144.63394165039062
19307,-37.718544006347656,144.63619995117188
19308,-37.718528747558594,144.63607788085938
19328,-37.72096633911133,144.6316375732422
19330,-37.72121810913086,144.6315155029297
19335,-37.721405029296875,144.6318359375
19336,-37.72157287597656,144.63235473632812
19337,-37.7220344543457,144.63375854492188
19338,-37.722442626953125,144.635009765625
19344,-37.721805572509766,144.63534545898438
19345,-37.7210807800293,144.63555908203125
19348,-37.72098159790039,144.6355438232422
19349,-37.72095489501953,144.63548278808594
19351,-37.72135925292969,144.63473510742188
19352,-37.72132110595703,144.6346435546875
19353,-37.71815872192383,144.63088989257812
19354,-37.71821975708008,144.63125610351562
19355,-37.718231201171875,144.63134765625
19356,-37.71832656860352,144.6319580078125
19357,-37.71834564208984,144.63206481933594
19358,-37.71836471557617,144.63218688964844
19359,-37.71841049194336,144.63233947753906
19360,-37.71847915649414,144.63250732421875
19367,-37.71403884887695,144.63037109375
19368,-37.71406173706055,144.6303253173828
19369,-37.71379470825195,144.63021850585938
19375,-37.71403884887695,144.6306915283203
19379,-37.713382720947266,144.62940979003906
19383,-37.71401596069336,144.6303253173828
19385,-37.71503829956055,144.62953186035156
19391,-37.7139778137207,144.63063049316406
19417,-37.68523406982422,144.5602264404297
19431,-37.68536376953125,144.56312561035156
19432,-37.685359954833984,144.5631866455078
19434,-37.68534851074219,144.5633087158203
19435,-37.685325622558594,144.5636444091797
19436,-37.6853141784668,144.56382751464844
19437,-37.685302734375,144.5640106201172
19439,-37.68521881103515,144.5653076171875
19447,-37.68550491333008,144.55967712402344
19479,-37.67555236816406,144.5531768798828
19480,-37.675636291503906,144.55377197265625
19482,-37.67752456665039,144.56829833984375
19489,-37.677520751953125,144.57008361816406
19519,-37.678497314453125,144.54989624023438
19525,-37.66636657714844,144.54344177246094
19527,-37.66695022583008,144.54164123535156
19538,-37.68204116821289,144.56748962402344
19545,-37.68123245239258,144.56710815429688
19557,-37.68867111206055,144.556884765625
19558,-37.688629150390625,144.55682373046875
19560,-37.68831253051758,144.55638122558594
19562,-37.684356689453125,144.58226013183594
19563,-37.684329986572266,144.58253479003906
19565,-37.684593200683594,144.58267211914062
19567,-37.68381118774414,144.58346557617188
19572,-37.68757247924805,144.58804321289062
19574,-37.68756484985352,144.58836364746094
19583,-37.68512344360352,144.59243774414062
19585,-37.68265914916992,144.59707641601562
19622,-37.682918548583984,144.58242797851562
19624,-37.68212890625,144.58145141601562
19625,-37.68229675292969,144.57943725585938
19628,-37.68315505981445,144.5794219970703
19633,-37.68326187133789,144.5781707763672
19638,-37.6828498840332,144.57737731933594
19648,-37.68328857421875,144.57716369628906
19659,-37.68399429321289,144.5772247314453
19660,-37.683982849121094,144.57666015625
19662,-37.6844596862793,144.57647705078125
19664,-37.68413543701172,144.57586669921875
19665,-37.68448638916016,144.575927734375
19666,-37.68410873413086,144.5762481689453
19668,-37.68555450439453,144.55715942382812
19679,-37.687255859375,144.55850219726562
19689,-37.70268630981445,144.54608154296875
19691,-37.70298385620117,144.54576110839844
19694,-37.69728088378906,144.54969787597656
19695,-37.697208404541016,144.55014038085938
19696,-37.69116973876953,144.55796813964844
19697,-37.69049072265625,144.55746459960938
19698,-37.66478729248047,144.5547332763672
19699,-37.66470718383789,144.55471801757812
19700,-37.664608001708984,144.55477905273438
19705,-37.675384521484375,144.54981994628906
19707,-37.66437149047851,144.5717315673828
19713,-37.66384506225586,144.57093811035156
19716,-37.66398620605469,144.5713653564453
19721,-37.66390609741211,144.56959533691406
19722,-37.66383743286133,144.5695343017578
19725,-37.67433547973633,144.55140686035156
19733,-37.66681289672851,144.54115295410156
19737,-37.657615661621094,144.56552124023438
19738,-37.65782165527344,144.56576538085938
19755,-37.6724967956543,144.58447265625
19761,-37.673683166503906,144.58447265625
19764,-37.6742057800293,144.58486938476562
19765,-37.67831802368164,144.610595703125
19766,-37.67851257324219,144.61117553710938
19769,-37.678653717041016,144.61180114746094
19770,-37.67867660522461,144.6121368408203
19771,-37.67869186401367,144.6123809814453
19772,-37.67875671386719,144.6135711669922
19773,-37.67879104614258,144.6136932373047
19775,-37.67890930175781,144.6138916015625
19777,-37.67909240722656,144.61398315429688
19778,-37.6801872253418,144.61412048339844
19779,-37.68072509765625,144.6141815185547
19780,-37.68105697631836,144.6142120361328
19782,-37.68159103393555,144.61415100097656
19784,-37.6817512512207,144.61398315429688
19785,-37.68178176879883,144.6138458251953
19792,-37.67985534667969,144.58741760253906
19793,-37.68047332763672,144.58726501464844
19796,-37.681190490722656,144.5782928466797
19797,-37.681427001953125,144.5783233642578
19798,-37.68164825439453,144.57833862304688
19799,-37.68196868896485,144.57838439941406
19800,-37.68210983276367,144.5784149169922
19801,-37.68320846557617,144.58721923828125
19802,-37.68360137939453,144.58726501464844
19805,-37.68404769897461,144.58705139160156
19807,-37.68428421020508,144.5869903564453
19816,-37.68426513671875,144.56980895996094
19819,-37.6582145690918,144.5733184814453
19831,-37.689666748046875,144.5768280029297
19832,-37.689544677734375,144.57687377929688
19833,-37.6893424987793,144.57693481445312
19834,-37.689327239990234,144.576904296875
19835,-37.68899917602539,144.5769805908203
19838,-37.68894958496094,144.57652282714844
19839,-37.689064025878906,144.5765380859375
19840,-37.689266204833984,144.57647705078125
19841,-37.68935012817383,144.57643127441406
19842,-37.6894645690918,144.57643127441406
19843,-37.68951416015625,144.5764617919922
19844,-37.6895866394043,144.57640075683594
19845,-37.6898078918457,144.575439453125
19846,-37.68962478637695,144.57546997070312
19848,-37.68922424316406,144.57546997070312
19849,-37.68912506103515,144.57554626464844
19850,-37.688968658447266,144.57559204101562
19851,-37.68877410888672,144.5756378173828
19852,-37.688629150390625,144.57571411132812
19869,-37.72371292114258,144.56954956054688
19870,-37.72385025024414,144.57070922851562
19871,-37.72395324707031,144.57156372070312
19872,-37.72018051147461,144.57009887695312
19879,-37.72168731689453,144.5697784423828
19880,-37.72229766845703,144.56967163085938
19882,-37.72290802001953,144.5691375732422
19883,-37.716461181640625,144.6318359375
19884,-37.71664810180664,144.63168334960938
19885,-37.716739654541016,144.6316375732422
19886,-37.7168083190918,144.6324920654297
19887,-37.7170295715332,144.63230895996094
19888,-37.71708297729492,144.6322784423828
19889,-37.71713638305664,144.6322479248047
19890,-37.708858489990234,144.5634307861328
19906,-37.70793914794922,144.56512451171875
19990,-37.69441223144531,144.57957458496094
19991,-37.694435119628906,144.57980346679688
19992,-37.69449615478515,144.57986450195312
19993,-37.6946907043457,144.58163452148438
20009,-37.71016311645508,144.5734100341797
20027,-37.700645446777344,144.55941772460938
20037,-37.6649284362793,144.55609130859375
20038,-37.664772033691406,144.55609130859375
20058,-37.67477798461914,144.55184936523438
20059,-37.71449279785156,144.5743408203125
20062,-37.71554183959961,144.57394409179688
20064,-37.71571731567383,144.57461547851562
20069,-37.7160530090332,144.5725860595703
20080,-37.7149772644043,144.57339477539062
20086,-37.71439743041992,144.573486328125
20094,-37.7149658203125,144.5735626220703
20095,-37.71491241455078,144.5750274658203
20096,-37.71550750732422,144.5749053955078
20097,-37.715538024902344,144.57489013671875
20098,-37.7155647277832,144.5748748779297
20100,-37.71556091308594,144.5747833251953
20101,-37.71552276611328,144.57449340820312
20103,-37.71544647216797,144.57443237304688
20104,-37.715126037597656,144.5745086669922
20105,-37.71485137939453,144.57455444335938
20106,-37.71480941772461,144.57456970214844
20107,-37.71474838256836,144.5745391845703
20108,-37.714691162109375,144.57449340820312
20111,-37.71451187133789,144.57449340820312
20115,-37.712623596191406,144.600830078125
20164,-37.71393585205078,144.60060119628906
20167,-37.71665954589844,144.59994506835938
20201,-37.71805191040039,144.5722198486328
20202,-37.71836853027344,144.57217407226562
20203,-37.71868133544922,144.5721435546875
20204,-37.71887969970703,144.5721435546875
20205,-37.71907806396485,144.57217407226562
20206,-37.719459533691406,144.57225036621094
20208,-37.71969223022461,144.57232666015625
20211,-37.71474838256836,144.62400817871094
20212,-37.71405792236328,144.62266540527344
20213,-37.71825408935547,144.62705993652344
20221,-37.7084846496582,144.6209259033203
20222,-37.708518981933594,144.62107849121094
20223,-37.70855712890625,144.62124633789062
20224,-37.70859909057617,144.62142944335938
20226,-37.7086296081543,144.6216278076172
20242,-37.708740234375,144.62022399902344
20251,-37.7188720703125,144.61822509765625
20253,-37.71310043334961,144.62063598632812
20259,-37.71330642700195,144.6212158203125
20263,-37.71323013305664,144.62078857421875
20264,-37.713191986083984,144.6204071044922
20265,-37.71315002441406,144.61997985839844
20268,-37.722843170166016,144.56861877441406
20269,-37.72286605834961,144.56878662109375
20270,-37.725223541259766,144.5722198486328
20271,-37.72494888305664,144.5722198486328
20272,-37.72490310668945,144.5722198486328
20288,-37.68794250488281,144.60662841796875
20291,-37.686885833740234,144.60647583007812
20296,-37.707786560058594,144.62074279785156
20297,-37.708377838134766,144.62066650390625
20318,-37.73619842529297,144.63525390625
20340,-37.736534118652344,144.63624572753906
20348,-37.73931884765625,144.63710021972656
20386,-37.7393798828125,144.6398468017578
20403,-37.67383575439453,144.62710571289062
20429,-37.6715202331543,144.54583740234375
20430,-37.67134475708008,144.54586791992188
20435,-37.687068939208984,144.5426025390625
20436,-37.68645477294922,144.54127502441406
20438,-37.71784973144531,144.6092529296875
20440,-37.717308044433594,144.60934448242188
20441,-37.719112396240234,144.60902404785156
20442,-37.71919250488281,144.60975646972656
20443,-37.71989822387695,144.61061096191406
20444,-37.71992492675781,144.6108856201172
20445,-37.72407150268555,144.579345703125
20446,-37.724098205566406,144.57957458496094
20451,-37.723480224609375,144.5732421875
20452,-37.7234992980957,144.5730743408203
20459,-37.72312545776367,144.57289123535156
20517,-37.72268295288086,144.57252502441406
20524,-37.72093963623047,144.5662841796875
20529,-37.68457794189453,144.58287048339844
20532,-37.68471145629883,144.5811004638672
20537,-37.68440628051758,144.58096313476562
20540,-37.68407440185547,144.58157348632812
20543,-37.6843147277832,144.5832061767578
20546,-37.68448257446289,144.5837860107422
20559,-37.714019775390625,144.601806640625
20560,-37.714111328125,144.60177612304688
20566,-37.71392059326172,144.6008758544922
20580,-37.71954727172851,144.62417602539062
20582,-37.71364974975586,144.6218719482422
20583,-37.71358108520508,144.62173461914062
20586,-37.71554183959961,144.62313842773438
20588,-37.71550369262695,144.62327575683594
20590,-37.7154426574707,144.62339782714844
20593,-37.71532440185547,144.62353515625
20594,-37.7126350402832,144.6212615966797
20595,-37.7120246887207,144.62281799316406
20597,-37.70039749145508,144.5516357421875
20602,-37.70042419433594,144.55104064941406
20603,-37.72532653808594,144.56716918945312
20604,-37.725223541259766,144.56626892089844
20605,-37.72511672973633,144.56536865234375
20606,-37.71637725830078,144.56651306152344
20607,-37.69157409667969,144.60638427734375
20621,-37.68976974487305,144.6083221435547
20643,-37.68783950805664,144.60699462890625
20644,-37.68819046020508,144.6088104248047
20645,-37.688228607177734,144.60899353027344
20662,-37.69169616699219,144.60772705078125
20664,-37.69095993041992,144.6079559326172
20665,-37.68826675415039,144.60877990722656
20739,-37.65547180175781,144.55612182617188
20743,-37.65180587768555,144.5551300048828
20753,-37.654052734375,144.55484008789062
20760,-37.654090881347656,144.55531311035156
20764,-37.65380859375,144.55682373046875
20772,-37.71646499633789,144.59642028808594
20773,-37.71641540527344,144.59646606445312
20774,-37.716461181640625,144.59689331054688
20775,-37.71649932861328,144.59693908691406
20776,-37.71668243408203,144.59690856933594
20777,-37.71654510498047,144.59730529785156
20778,-37.71662139892578,144.59799194335938
20779,-37.716644287109375,144.5982208251953
20780,-37.716697692871094,144.5979766845703
20781,-37.716983795166016,144.59791564941406
20789,-37.68105697631836,144.603515625
20803,-37.68593215942383,144.56201171875
20804,-37.68596649169922,144.56195068359375
20805,-37.68597030639648,144.5618896484375
20806,-37.68597412109375,144.56170654296875
20807,-37.685977935791016,144.56166076660156
20808,-37.691619873046875,144.54356384277344
20809,-37.695499420166016,144.54664611816406
20813,-37.68610763549805,144.59872436523438
20824,-37.68599319458008,144.59959411621094
20835,-37.68593978881836,144.59909057617188
20839,-37.68647766113281,144.59921264648438
20854,-37.6845703125,144.57781982421875
20860,-37.70326232910156,144.60165405273438
20869,-37.70253372192383,144.60025024414062
20899,-37.674522399902344,144.54856872558594
20902,-37.68301010131836,144.60252380371094
20912,-37.68196105957031,144.5830841064453
20953,-37.68445587158203,144.58065795898438
20961,-37.68392181396485,144.5806884765625
21001,-37.67062759399414,144.5816650390625
21023,-37.68633270263672,144.58999633789062
21050,-37.68619537353515,144.5904083251953
21051,-37.68617630004883,144.5901336669922
21066,-37.68798065185547,144.59304809570312
21091,-37.692195892333984,144.59690856933594
21095,-37.692623138427734,144.59771728515625
21096,-37.69257354736328,144.597900390625
21098,-37.69229888916016,144.59796142578125
21101,-37.69229888916016,144.5978240966797
21102,-37.692256927490234,144.59829711914062
21103,-37.692195892333984,144.59866333007812
21104,-37.69213104248047,144.59906005859375
21105,-37.69207382202149,144.59939575195312
21108,-37.68962097167969,144.59425354003906
21109,-37.68968963623047,144.59423828125
21110,-37.68993377685547,144.5947265625
21111,-37.68942642211914,144.59483337402344
21112,-37.68833923339844,144.60165405273438
21113,-37.68827819824219,144.60174560546875
21114,-37.688262939453125,144.601806640625
21115,-37.688289642333984,144.60186767578125
21146,-37.67466735839844,144.57952880859375
21172,-37.716156005859375,144.5749053955078
21173,-37.7161750793457,144.57493591308594
21174,-37.71620178222656,144.574951171875
21176,-37.71625518798828,144.57492065429688
21177,-37.71625900268555,144.57489013671875
21178,-37.71622467041016,144.57467651367188
21182,-37.71493911743164,144.57521057128906
21183,-37.71753692626953,144.60887145996094
21185,-37.71687316894531,144.6030731201172
21196,-37.66461944580078,144.5711669921875
21198,-37.664581298828125,144.5709228515625
21200,-37.66425704956055,144.5702362060547
21204,-37.68909454345703,144.6016845703125
21205,-37.68891906738281,144.60145568847656
21207,-37.67124557495117,144.56109619140625
21249,-37.71793746948242,144.62721252441406
21250,-37.718719482421875,144.62747192382812
21251,-37.7188606262207,144.62803649902344
21252,-37.720252990722656,144.62405395507812
21254,-37.720191955566406,144.62359619140625
21256,-37.67304229736328,144.57176208496094
21257,-37.67306900024414,144.572021484375
21261,-37.673187255859375,144.57203674316406
21262,-37.673194885253906,144.57192993164062
21264,-37.68603515625,144.57835388183594
21267,-37.65028762817383,144.568115234375
21268,-37.72270965576172,144.57916259765625
21269,-37.72280502319336,144.58001708984375
21270,-37.72345352172851,144.5799102783203
21271,-37.72244644165039,144.580078125
21272,-37.72317886352539,144.5799560546875
21274,-37.724117279052734,144.58006286621094
21278,-37.72382736206055,144.58058166503906
21279,-37.723262786865234,144.5806884765625
21280,-37.72386932373047,144.58128356933594
21281,-37.72383117675781,144.5814208984375
21282,-37.72350311279297,144.58155822753906
21283,-37.718257904052734,144.57901000976562
21284,-37.7175178527832,144.57907104492188
21285,-37.71785736083984,144.57904052734375
21286,-37.718536376953125,144.57899475097656
21287,-37.71892547607422,144.57896423339844
21288,-37.71788024902344,144.5795135498047
21289,-37.717899322509766,144.57986450195312
21290,-37.71793746948242,144.58070373535156
21291,-37.7186279296875,144.5809326171875
21292,-37.71832275390625,144.58079528808594
21293,-37.71903610229492,144.5808868408203
21294,-37.71928405761719,144.58087158203125
21295,-37.719459533691406,144.5808563232422
21296,-37.72010803222656,144.5807342529297
21297,-37.72475051879883,144.57888793945312
21301,-37.72446823120117,144.5792694091797
21302,-37.722023010253906,144.5733642578125
21304,-37.721046447753906,144.5731658935547
21305,-37.72063446044922,144.57298278808594
21306,-37.71997833251953,144.57266235351562
21307,-37.71990585327149,144.5727081298828
21308,-37.71989059448242,144.5727996826172
21309,-37.720069885253906,144.57444763183594
21310,-37.71623229980469,144.57919311523438
21311,-37.716270446777344,144.57998657226562
21312,-37.71526718139648,144.58023071289062
21313,-37.715797424316406,144.58013916015625
21314,-37.71603775024414,144.5800323486328
21315,-37.716575622558594,144.5800018310547
21317,-37.71688461303711,144.58016967773438
21318,-37.71702194213867,144.5804443359375
21319,-37.71720504760742,144.58062744140625
21320,-37.71733093261719,144.5806884765625
21321,-37.71746063232422,144.5807342529297
21322,-37.717674255371094,144.5807342529297
21323,-37.718116760253906,144.5807342529297
21324,-37.71689987182617,144.57998657226562
21325,-37.71702575683594,144.57994079589844
21326,-37.71992111206055,144.57887268066406
21327,-37.72001647949219,144.57972717285156
21328,-37.72004318237305,144.57997131347656
21329,-37.7202033996582,144.58154296875
21330,-37.71868896484375,144.58114624023438
21331,-37.71880340576172,144.5814208984375
21333,-37.719085693359375,144.58168029785156
21334,-37.719276428222656,144.5817108154297
21335,-37.72050857543945,144.5814971923828
21336,-37.719207763671875,144.5789337158203
21337,-37.722373962402344,144.5819854736328
21338,-37.72218322753906,144.5801239013672
21339,-37.72210693359375,144.57948303222656
21340,-37.7216911315918,144.57955932617188
21341,-37.72201156616211,144.57872009277344
21342,-37.722076416015625,144.57925415039062
21343,-37.722869873046875,144.5807647705078
21344,-37.72283554077149,144.58045959472656
21345,-37.72226333618164,144.5638427734375
21346,-37.72206115722656,144.56210327148438
21349,-37.72243118286133,144.56515502929688
21350,-37.723026275634766,144.56504821777344
21351,-37.72078323364258,144.5742950439453
21352,-37.71939849853515,144.5665740966797
21353,-37.71924591064453,144.5652618408203
21354,-37.72000503540039,144.56646728515625
21355,-37.72061538696289,144.56634521484375
21356,-37.72360610961914,144.56492614746094
21357,-37.72355270385742,144.5644989013672
21358,-37.72343826293945,144.5635528564453
21359,-37.72297668457031,144.56460571289062
21360,-37.72286605834961,144.56373596191406
21361,-37.72267532348633,144.56198120117188
21362,-37.72280502319336,144.5619659423828
21363,-37.714149475097656,144.56613159179688
21389,-37.71390914916992,144.5658721923828
21391,-37.71407699584961,144.5660858154297
21392,-37.714073181152344,144.5662078857422
21394,-37.713905334472656,144.5663604736328
21395,-37.71398162841797,144.5664520263672
21400,-37.71400833129883,144.5666961669922
21401,-37.71404647827149,144.56700134277344
21402,-37.71413040161133,144.56765747070312
21403,-37.71413040161133,144.56785583496094
21404,-37.714149475097656,144.56802368164062
21405,-37.713844299316406,144.5653533935547
21406,-37.716102600097656,144.56492614746094
21407,-37.7137565612793,144.56459045410156
21408,-37.71601104736328,144.56417846679688
21409,-37.71628952026367,144.5641326904297
21410,-37.71599197387695,144.5640411376953
21411,-37.71516799926758,144.57928466796875
21412,-37.72161865234375,144.57876586914062
21413,-37.72140121459961,144.57337951660156
21415,-37.720176696777344,144.57884216308594
21416,-37.7230110168457,144.5819091796875
21420,-37.694454193115234,144.5912628173828
21421,-37.694576263427734,144.59432983398438
21422,-37.692771911621094,144.59303283691406
21423,-37.69279861450195,144.59312438964844
21424,-37.692813873291016,144.59437561035156
21431,-37.73445892333984,144.6246795654297
21447,-37.727516174316406,144.5929718017578
21449,-37.72755432128906,144.5930938720703
21451,-37.72758483886719,144.59324645996094
21455,-37.727684020996094,144.5934295654297
21457,-37.72833251953125,144.59326171875
21458,-37.72196578979492,144.61068725585938
21459,-37.72269058227539,144.61056518554688
21460,-37.72340393066406,144.61044311523438
21461,-37.723995208740234,144.6103515625
21462,-37.72345352172851,144.6108856201172
21463,-37.72263717651367,144.61012268066406
21466,-37.7149658203125,144.61026000976562
21467,-37.71543502807617,144.6116943359375
21468,-37.71763610839844,144.6097412109375
21469,-37.72324752807617,144.62416076660156
21470,-37.72329330444336,144.6245574951172
21471,-37.72332382202149,144.6248321533203
21472,-37.71636199951172,144.6231689453125
21473,-37.71611022949219,144.62338256835938
21476,-37.726322174072266,144.5891876220703
21477,-37.72625732421875,144.58865356445312
21478,-37.72626876831055,144.5885009765625
21479,-37.72632598876953,144.58815002441406
21480,-37.72604751586914,144.58592224121094
21482,-37.728641510009766,144.584228515625
21483,-37.72845458984375,144.5844268798828
21484,-37.72837829589844,144.58448791503906
21485,-37.72828674316406,144.58453369140625
21486,-37.72724151611328,144.58482360839844
21487,-37.72699737548828,144.58489990234375
21488,-37.72665023803711,144.58511352539062
21489,-37.72629928588867,144.5853729248047
21491,-37.72734069824219,144.58572387695312
21492,-37.72743606567383,144.58651733398438
21493,-37.727596282958984,144.58792114257812
21494,-37.72699737548828,144.58802795410156
21495,-37.726829528808594,144.5866241455078
21496,-37.72811508178711,144.58551025390625
21497,-37.72883605957031,144.5853271484375
21498,-37.72891616821289,144.58538818359375
21499,-37.72890090942383,144.58729553222656
21502,-37.7288932800293,144.58767700195312
21503,-37.72825241088867,144.58779907226562
21504,-37.72698593139648,144.5889892578125
21505,-37.72771453857422,144.58885192871094
21506,-37.727760314941406,144.58883666992188
21507,-37.72800827026367,144.5887908935547
21508,-37.711814880371094,144.5934600830078
21509,-37.71171951293945,144.59349060058594
21510,-37.71165084838867,144.5919952392578
21512,-37.71158218383789,144.59193420410156
21513,-37.71092987060547,144.59205627441406
21514,-37.710636138916016,144.59210205078125
21516,-37.71168518066406,144.59190368652344
21517,-37.71174621582031,144.59188842773438
21518,-37.7119026184082,144.59185791015625
21519,-37.72433853149414,144.61029052734375
21520,-37.724609375,144.61024475097656
21521,-37.72468185424805,144.6102294921875
21522,-37.72481155395508,144.61019897460938
21525,-37.725284576416016,144.6100616455078
21526,-37.72559356689453,144.61000061035156
21527,-37.7259521484375,144.6099395751953
21528,-37.72636795043945,144.60986328125
21529,-37.72672653198242,144.60980224609375
21530,-37.72468185424805,144.61082458496094
21532,-37.72465515136719,144.6110076904297
21535,-37.72450256347656,144.6114501953125
21536,-37.72454071044922,144.61180114746094
21537,-37.724578857421875,144.61219787597656
21538,-37.72547149658203,144.61163330078125
21539,-37.72577667236328,144.61158752441406
21540,-37.72614288330078,144.6115264892578
21541,-37.72654724121094,144.61143493652344
21542,-37.72697830200195,144.61135864257812
21544,-37.72439193725586,144.61117553710938
21545,-37.724143981933594,144.6112060546875
21546,-37.72150421142578,144.60653686523438
21547,-37.722145080566406,144.60641479492188
21548,-37.72276306152344,144.60630798339844
21549,-37.7233772277832,144.606201171875
21550,-37.72405242919922,144.6060791015625
21551,-37.72397232055664,144.60536193847656
21552,-37.724151611328125,144.60696411132812
21553,-37.723297119140625,144.60548400878906
21554,-37.72268295288086,144.6055908203125
21555,-37.722068786621094,144.60569763183594
21578,-37.72603988647461,144.61073303222656
21579,-37.72652816772461,144.6106414794922
21580,-37.7271728515625,144.61053466796875
21581,-37.665016174316406,144.5615234375
21582,-37.665008544921875,144.56161499023438
21583,-37.66502380371094,144.561767578125
21584,-37.6645622253418,144.56346130371094
21585,-37.66465759277344,144.56344604492188
21616,-37.712642669677734,144.55633544921875
21617,-37.71261978149414,144.5562286376953
21620,-37.712547302246094,144.55601501464844
21624,-37.7124137878418,144.5557861328125
21625,-37.71237564086914,144.5557403564453
21629,-37.68949890136719,144.546142578125
21630,-37.69009017944336,144.54603576660156
21631,-37.69051742553711,144.5459442138672
21637,-37.68999481201172,144.54678344726562
21638,-37.689674377441406,144.54637145996094
21639,-37.68925476074219,144.54583740234375
21640,-37.68900680541992,144.54505920410156
21641,-37.688758850097656,144.54428100585938
21642,-37.6901969909668,144.54400634765625
21644,-37.69038391113281,144.5447998046875
21645,-37.69047164916992,144.54559326171875
21646,-37.69004821777344,144.54568481445312
21652,-37.7014045715332,144.53964233398438
21653,-37.70155715942383,144.5403289794922
21654,-37.70159912109375,144.54043579101562
21655,-37.701690673828125,144.54043579101562
21656,-37.70264434814453,144.5400848388672
21659,-37.70122528076172,144.5397186279297
21660,-37.700347900390625,144.53732299804688
21661,-37.7001953125,144.53741455078125
21662,-37.70012664794922,144.53746032714844
21663,-37.69951248168945,144.53787231445312
21664,-37.69889831542969,144.5382843017578
21665,-37.698883056640625,144.5383758544922
21666,-37.69902801513672,144.5395965576172
21667,-37.699119567871094,144.53964233398438
21668,-37.69940185546875,144.5395965576172
21669,-37.69953918457031,144.5395965576172
21670,-37.69990921020508,144.5396728515625
21671,-37.700687408447266,144.5398712158203
21672,-37.70077896118164,144.5398712158203
21682,-37.6991081237793,144.54043579101562
21683,-37.700950622558594,144.54086303710938
21684,-37.70052337646485,144.5388946533203
21685,-37.70061874389648,144.53897094726562
21686,-37.70065689086914,144.53897094726562
21687,-37.7008056640625,144.53900146484375
21688,-37.70244598388672,144.53924560546875
21689,-37.723533630371094,144.6256866455078
21690,-37.725040435791016,144.6254425048828
21691,-37.72333526611328,144.62493896484375
21692,-37.724952697753906,144.62466430664062
21693,-37.72319030761719,144.62457275390625
21695,-37.7248649597168,144.62388610839844
21696,-37.7348747253418,144.64199829101562
21697,-37.73478698730469,144.6419219970703
21698,-37.73468399047851,144.64181518554688
21701,-37.73414611816406,144.64125061035156
21702,-37.73447036743164,144.64137268066406
21703,-37.73453521728515,144.64122009277344
21705,-37.734580993652344,144.6410369873047
21706,-37.734588623046875,144.6409454345703
21707,-37.73454666137695,144.6404571533203
21708,-37.734527587890625,144.64022827148438
21709,-37.735069274902344,144.64125061035156
21710,-37.735496520996094,144.6411895751953
21715,-37.735565185546875,144.6409454345703
21716,-37.73537063598633,144.640380859375
21718,-37.73527908325195,144.64035034179688
21719,-37.73579025268555,144.64175415039062
21720,-37.72334671020508,144.6250457763672
21721,-37.7236442565918,144.62615966796875
21722,-37.72261428833008,144.62466430664062
21723,-37.722503662109375,144.62474060058594
21724,-37.72208404541016,144.62501525878906
21725,-37.72193145751953,144.62510681152344
21727,-37.7210693359375,144.6211700439453
21728,-37.72121810913086,144.6211395263672
21729,-37.72220230102539,144.6209716796875
21730,-37.7208251953125,144.62037658691406
21731,-37.72061538696289,144.61846923828125
21732,-37.72066116333008,144.6183624267578
21733,-37.72080993652344,144.61830139160156
21734,-37.72122573852539,144.6182098388672
21735,-37.72175216674805,144.61810302734375
21736,-37.72186279296875,144.61814880371094
21737,-37.72191619873047,144.61834716796875
21738,-37.722110748291016,144.6201629638672
21739,-37.7214469909668,144.62026977539062
21740,-37.72169876098633,144.60214233398438
21741,-37.7216911315918,144.60202026367188
21742,-37.72140121459961,144.5994415283203
21743,-37.72208023071289,144.59933471679688
21744,-37.72269821166992,144.59922790527344
21745,-37.72299575805664,144.5991668701172
21746,-37.72237014770508,144.60189819335938
21747,-37.72235870361328,144.601806640625
21748,-37.72285842895508,144.60064697265625
21749,-37.725341796875,144.598388671875
21759,-37.72540283203125,144.59820556640625
21762,-37.72482681274414,144.63453674316406
21763,-37.72468948364258,144.6341094970703
21764,-37.72445297241211,144.6335906982422
21765,-37.724395751953125,144.6331024169922
21766,-37.724361419677734,144.63278198242188
21767,-37.724308013916016,144.63226318359375
21768,-37.72426223754883,144.6318817138672
21769,-37.724212646484375,144.63140869140625
21770,-37.72417068481445,144.6309814453125
21771,-37.724143981933594,144.63075256347656
21772,-37.72401428222656,144.63438415527344
21773,-37.72407531738281,144.63491821289062
21774,-37.72404098510742,144.63504028320312
21776,-37.72321701049805,144.6351318359375
21778,-37.72282028198242,144.63424682617188
21779,-37.72257232666016,144.6334991455078
21780,-37.72229766845703,144.63265991210938
21781,-37.7220344543457,144.63186645507812
21783,-37.723487854003906,144.631103515625
21784,-37.72347259521485,144.631103515625
21785,-37.72285079956055,144.63143920898438
21786,-37.72351837158203,144.63201904296875
21787,-37.72370147705078,144.63290405273438
21788,-37.723873138427734,144.63369750976562
21789,-37.72344207763672,144.63392639160156
21791,-37.72372817993164,144.63442993164062
21792,-37.72430419921875,144.6343231201172
21793,-37.7243537902832,144.63430786132812
21797,-37.72103118896485,144.62257385253906
21798,-37.72137069702149,144.62252807617188
21799,-37.72172164916992,144.62246704101562
21800,-37.72235870361328,144.6223907470703
21801,-37.72129440307617,144.62184143066406
21802,-37.7222785949707,144.6216583251953
21803,-37.721961975097656,144.62469482421875
21804,-37.7213134765625,144.6250762939453
21805,-37.72295379638672,144.61790466308594
21806,-37.72470474243164,144.6201171875
21807,-37.725120544433594,144.62005615234375
21808,-37.72565841674805,144.61996459960938
21809,-37.72618865966797,144.619873046875
21810,-37.72649002075195,144.62255859375
21811,-37.7264289855957,144.6219940185547
21812,-37.72634506225586,144.62127685546875
21813,-37.72627258300781,144.62062072753906
21814,-37.72623443603515,144.62026977539062
21815,-37.726016998291016,144.6182403564453
21816,-37.72478866577149,144.62088012695312
21817,-37.724857330322266,144.6215362548828
21818,-37.72493743896485,144.6222686767578
21819,-37.72499465942383,144.622802734375
21820,-37.72587966918945,144.6183319091797
21821,-37.72563934326172,144.6183624267578
21822,-37.72550964355469,144.61846923828125
21823,-37.725494384765625,144.61849975585938
21824,-37.72551345825195,144.61866760253906
21825,-37.72624588012695,144.61810302734375
21826,-37.72620391845703,144.6177215576172
21827,-37.725826263427734,144.61776733398438
21828,-37.72465133666992,144.6192626953125
21829,-37.72502517700195,144.6191864013672
21830,-37.72469329833984,144.61761474609375
21831,-37.72478485107422,144.6184539794922
21832,-37.72494888305664,144.61842346191406
21833,-37.72498321533203,144.61875915527344
21834,-37.726531982421875,144.62020874023438
21836,-37.72502136230469,144.60995483398438
21837,-37.72499084472656,144.60968017578125
21838,-37.7270393371582,144.6092987060547
21840,-37.727256774902344,144.61131286621094
21842,-37.72779846191406,144.60960388183594
21843,-37.7278938293457,144.61045837402344
21844,-37.72799301147461,144.61131286621094
21845,-37.72804260253906,144.6117401123047
21846,-37.72906494140625,144.61026000976562
21848,-37.726314544677734,144.60943603515625
21850,-37.721317291259766,144.59945678710938
21851,-37.72086334228515,144.5995330810547
21852,-37.73003005981445,144.6104736328125
21853,-37.73064804077149,144.61077880859375
21854,-37.731353759765625,144.6108856201172
21855,-37.73136901855469,144.6110382080078
21856,-37.731727600097656,144.61099243164062
21857,-37.7276725769043,144.59596252441406
21858,-37.72710418701172,144.5960693359375
21859,-37.727294921875,144.59779357910156
21860,-37.72699737548828,144.59783935546875
21861,-37.72747802734375,144.59776306152344
21862,-37.727787017822266,144.59771728515625
21864,-37.73028945922851,144.6006622314453
21865,-37.72932815551758,144.60081481933594
21866,-37.72861862182617,144.60098266601562
21867,-37.72835922241211,144.6010284423828
21868,-37.72854232788086,144.6001739501953
21869,-37.72861099243164,144.59996032714844
21870,-37.72845458984375,144.59829711914062
21871,-37.728485107421875,144.59817504882812
21872,-37.72916030883789,144.59805297851562
21873,-37.72967147827149,144.59796142578125
21874,-37.72978210449219,144.59800720214844
21875,-37.72987365722656,144.59901428222656
21876,-37.72926330566406,144.59910583496094
21877,-37.73012924194336,144.59898376464844
21878,-37.73015975952149,144.5993194580078
21879,-37.73019790649414,144.59971618652344
21880,-37.73024368286133,144.60020446777344
21881,-37.72933197021485,144.59983825683594
21882,-37.73088073730469,144.60009765625
21883,-37.73079681396485,144.59922790527344
21884,-37.72817611694336,144.58876037597656
21885,-37.727638244628906,144.58828735351562
21886,-37.727664947509766,144.58840942382812
21887,-37.72898864746094,144.5883331298828
21888,-37.70294570922851,144.61744689941406
21889,-37.702171325683594,144.61549377441406
21891,-37.70059585571289,144.61648559570312
21892,-37.71860885620117,144.5660858154297
21893,-37.71883392333984,144.56605529785156
21895,-37.737693786621094,144.5720672607422
21896,-37.73833465576172,144.57223510742188
21897,-37.738399505615234,144.5718231201172
21899,-37.73661804199219,144.57374572753906
21900,-37.736175537109375,144.5764617919922
21903,-37.7398681640625,144.5763397216797
21904,-37.715694427490234,144.55604553222656
21905,-37.7150764465332,144.55616760253906
21906,-37.71554946899414,144.5548553466797
21907,-37.714935302734375,144.55499267578125
21908,-37.71498489379883,144.5553741455078
21909,-37.71342086791992,144.5556640625
21911,-37.71207809448242,144.55532836914062
21912,-37.71283721923828,144.5542755126953
21914,-37.65269470214844,144.57315063476562
21915,-37.65277862548828,144.57394409179688
21916,-37.65274429321289,144.5740203857422
21918,-37.651737213134766,144.57412719726562
21920,-37.65167617797851,144.57334899902344
21937,-37.6601676940918,144.5729522705078
21938,-37.660621643066406,144.5728759765625
21945,-37.67093276977539,144.5708465576172
21970,-37.68717193603515,144.56771850585938
21977,-37.69457244873047,144.56634521484375
21979,-37.698577880859375,144.5655517578125
21987,-37.69379806518555,144.56642150878906
21988,-37.6938362121582,144.56640625
22000,-37.71915435791016,144.56158447265625
22001,-37.72076797485352,144.56129455566406
22002,-37.7216682434082,144.5611114501953
22003,-37.721824645996094,144.56112670898438
22009,-37.655391693115234,144.5737762451172
22012,-37.65248107910156,144.5743865966797
22013,-37.7135009765625,144.61978149414062
22016,-37.714481353759766,144.6195068359375
22017,-37.71470260620117,144.61940002441406
22021,-37.69443130493164,144.5767059326172
22022,-37.722145080566406,144.62046813964844
22023,-37.720916748046875,144.62118530273438
22024,-37.726959228515625,144.59608459472656
22026,-37.72532272338867,144.59820556640625
22027,-37.72507095336914,144.5959930419922
22029,-37.721923828125,144.60205078125
22030,-37.72200012207031,144.60275268554688
22032,-37.72222137451172,144.60275268554688
22033,-37.72235870361328,144.6027374267578
22034,-37.72331237792969,144.60255432128906
22036,-37.7212028503418,144.60232543945312
22037,-37.72273254394531,144.60183715820312
22040,-37.72112655639648,144.60247802734375
22044,-37.72110748291016,144.60227966308594
22054,-37.72096633911133,144.60247802734375
22059,-37.721065521240234,144.60275268554688
22060,-37.72096252441406,144.60179138183594
22061,-37.7214241027832,144.60581970214844
22062,-37.72722625732422,144.6096954345703
22063,-37.72899627685547,144.609375
22064,-37.724273681640625,144.6097412109375
22065,-37.729679107666016,144.6105194091797
22066,-37.73046112060547,144.61041259765625
22067,-37.71370697021485,144.56419372558594
22068,-37.7233772277832,144.56298828125
22074,-37.7370491027832,144.5718231201172
22078,-37.73693084716797,144.57208251953125
22080,-37.73701095581055,144.57203674316406
22081,-37.73704147338867,144.57199096679688
22087,-37.68840789794922,144.60995483398438
22088,-37.6885986328125,144.6109619140625
22090,-37.692237854003906,144.60975646972656
22091,-37.691650390625,144.6089630126953
22092,-37.693504333496094,144.611572265625
22093,-37.68888854980469,144.61251831054688
22094,-37.68962097167969,144.58645629882812
22097,-37.68930435180664,144.58651733398438
22098,-37.68928527832031,144.5874481201172
22099,-37.68878555297851,144.58750915527344
22100,-37.68874740600586,144.5874786376953
22101,-37.68873596191406,144.58743286132812
22102,-37.68876647949219,144.58641052246094
22103,-37.68973922729492,144.58737182617188
22104,-37.68972396850586,144.5872344970703
22105,-37.68854141235352,144.58592224121094
22108,-37.68907165527344,144.58584594726562
22109,-37.689186096191406,144.58578491210938
22110,-37.689300537109375,144.5857391357422
22121,-37.689395904541016,144.5855255126953
22122,-37.68938446044922,144.58546447753906
22123,-37.689353942871094,144.58541870117188
22124,-37.68931579589844,144.58541870117188
22125,-37.688819885253906,144.58555603027344
22127,-37.68876647949219,144.58567810058594
22130,-37.688838958740234,144.58612060546875
22131,-37.6889533996582,144.58612060546875
22132,-37.689090728759766,144.5861358642578
22133,-37.68928146362305,144.5861358642578
22137,-37.68949890136719,144.5858154296875
22138,-37.68941879272461,144.58615112304688
22139,-37.68946838378906,144.58616638183594
22141,-37.68875503540039,144.58547973632812
22142,-37.665283203125,144.58746337890625
22143,-37.66516876220703,144.58807373046875
22145,-37.66524124145508,144.58840942382812
22146,-37.66547775268555,144.5888214111328
22148,-37.66552734375,144.58892822265625
22149,-37.66559219360352,144.5894775390625
22150,-37.66566467285156,144.59010314941406
22151,-37.66783142089844,144.58889770507812
22152,-37.66728210449219,144.58901977539062
22153,-37.66714859008789,144.58908081054688
22154,-37.66692352294922,144.58920288085938
22155,-37.66676330566406,144.58924865722656
22157,-37.7359504699707,144.6053924560547
22158,-37.734806060791016,144.60556030273438
22159,-37.73459243774414,144.6055908203125
22160,-37.734161376953125,144.60565185546875
22161,-37.73394775390625,144.60568237304688
22162,-37.73371505737305,144.605712890625
22164,-37.72138595581055,144.60861206054688
22165,-37.72135543823242,144.60861206054688
22169,-37.72002410888672,144.60885620117188
22170,-37.7198600769043,144.60888671875
22171,-37.719627380371094,144.6089324951172
22172,-37.71925735473633,144.60899353027344
22173,-37.7190055847168,144.60903930664062
22174,-37.717960357666016,144.60923767089844
22175,-37.7178840637207,144.6092529296875
22176,-37.71706008911133,144.60939025878906
22177,-37.71680450439453,144.60943603515625
22178,-37.71558380126953,144.60964965820312
22179,-37.71520233154297,144.60972595214844
22180,-37.71500396728515,144.60975646972656
22181,-37.7149772644043,144.60975646972656
22183,-37.72829055786133,144.5887451171875
22184,-37.7287712097168,144.58865356445312
22187,-37.72644805908203,144.5891571044922
22188,-37.72642517089844,144.5891571044922
22190,-37.72547149658203,144.58958435058594
22191,-37.72502517700195,144.58985900878906
22192,-37.72480773925781,144.5900421142578
22193,-37.72465896606445,144.59017944335938
22194,-37.724586486816406,144.59024047851562
22196,-37.72425079345703,144.59068298339844
22197,-37.72372817993164,144.5913543701172
22198,-37.723514556884766,144.59161376953125
22199,-37.722225189208984,144.5928497314453
22200,-37.722042083740234,144.59300231933594
22201,-37.72182846069336,144.59317016601562
22202,-37.721458435058594,144.59341430664062
22204,-37.72108840942383,144.5936737060547
22205,-37.72085189819336,144.5938262939453
22206,-37.720645904541016,144.5939483642578
22207,-37.720558166503906,144.59400939941406
22209,-37.72024917602539,144.59417724609375
22211,-37.71989059448242,144.59437561035156
22212,-37.71860122680664,144.5949249267578
22213,-37.71833801269531,144.5950164794922
22214,-37.71818161010742,144.5950469970703
22215,-37.71794509887695,144.5950927734375
22216,-37.71787643432617,144.59510803222656
22217,-37.71754837036133,144.5951690673828
22218,-37.717281341552734,144.59521484375
22219,-37.71671295166016,144.59530639648438
22234,-37.71378707885742,144.59649658203125
22237,-37.7143440246582,144.59608459472656
22238,-37.71483612060547,144.5957489013672
22242,-37.714900970458984,144.59571838378906
22278,-37.713111877441406,144.59747314453125
22292,-37.713233947753906,144.6004638671875
22304,-37.715049743652344,144.5870819091797
22306,-37.714942932128906,144.58615112304688
22307,-37.714969635009766,144.57838439941406
22308,-37.71493148803711,144.57806396484375
22310,-37.71488571166992,144.57765197753906
22311,-37.71486282348633,144.57754516601562
22312,-37.71483612060547,144.5773468017578
22313,-37.7148323059082,144.57723999023438
22314,-37.71482467651367,144.5771942138672
22315,-37.7184944152832,144.56103515625
22316,-37.71846389770508,144.56069946289062
22317,-37.71846389770508,144.56068420410156
22318,-37.71844100952149,144.560302734375
22319,-37.718448638916016,144.5598907470703
22320,-37.718448638916016,144.55960083007812
22321,-37.71844482421875,144.5592803955078
22322,-37.71841812133789,144.55894470214844
22323,-37.71834182739258,144.55831909179688
22324,-37.71830368041992,144.55801391601562
22325,-37.718299865722656,144.55795288085938
22326,-37.71812057495117,144.55648803710938
22327,-37.71808242797851,144.55618286132812
22328,-37.718013763427734,144.5556182861328
22329,-37.71798324584961,144.55532836914062
22330,-37.71786880493164,144.55438232421875
22331,-37.71783828735352,144.55410766601562
22332,-37.7177619934082,144.55349731445312
22335,-37.7380256652832,144.57650756835938
22337,-37.73336410522461,144.57638549804688
22345,-37.73248672485352,144.57447814941406
22346,-37.73230743408203,144.5755615234375
22347,-37.73255157470703,144.57408142089844
22348,-37.732635498046875,144.57357788085938
22349,-37.732688903808594,144.57318115234375
22353,-37.73269271850586,144.572998046875
22354,-37.73268508911133,144.5730438232422
22356,-37.733028411865234,144.5717010498047
22367,-37.73292922973633,144.57179260253906
22368,-37.73300552368164,144.5713348388672
22370,-37.733055114746094,144.57107543945312
22373,-37.73307800292969,144.57093811035156
22382,-37.7327766418457,144.57057189941406
22383,-37.732154846191406,144.57041931152344
22384,-37.73202896118164,144.5703887939453
22385,-37.73111724853515,144.5699462890625
22387,-37.73087310791016,144.56980895996094
22388,-37.73041534423828,144.56956481933594
22391,-37.7299690246582,144.56927490234375
22393,-37.72905349731445,144.569091796875
22394,-37.72850799560547,144.56895446777344
22395,-37.72833251953125,144.56887817382812
22396,-37.72820281982422,144.56881713867188
22397,-37.727657318115234,144.5685577392578
22398,-37.727413177490234,144.56845092773438
22399,-37.727169036865234,144.56832885742188
22401,-37.72647476196289,144.56800842285156
22402,-37.72642517089844,144.5679931640625
22404,-37.72630310058594,144.56796264648438
22405,-37.72624206542969,144.56796264648438
22408,-37.725948333740234,144.56802368164062
22420,-37.72305679321289,144.56857299804688
22421,-37.72294998168945,144.56858825683594
22424,-37.71468734741211,144.5760040283203
22425,-37.714637756347656,144.57557678222656
22435,-37.72970199584961,144.5750274658203
22446,-37.72372055053711,144.5727996826172
22447,-37.7229118347168,144.57293701171875
22459,-37.705543518066406,144.5952911376953
22460,-37.70531463623047,144.59326171875
22461,-37.704811096191406,144.58885192871094
22462,-37.69548034667969,144.5764923095703
22463,-37.69526672363281,144.57652282714844
22464,-37.68891906738281,144.57774353027344
22472,-37.688812255859375,144.57794189453125
22473,-37.68758010864258,144.57798767089844
22474,-37.68827819824219,144.57786560058594
22475,-37.684669494628906,144.58026123046875
22478,-37.68492126464844,144.5784912109375
22488,-37.67460632324219,144.5835723876953
22489,-37.67455291748047,144.58311462402344
22490,-37.67451858520508,144.58279418945312
22491,-37.67449188232422,144.58261108398438
22492,-37.67430114746094,144.58103942871094
22495,-37.682159423828125,144.57777404785156
22496,-37.68206405639648,144.5777587890625
22497,-37.68135070800781,144.5776824951172
22500,-37.67375183105469,144.57777404785156
22501,-37.67379379272461,144.57789611816406
22502,-37.673831939697266,144.57803344726562
22504,-37.67308807373047,144.57240295410156
22505,-37.673885345458984,144.57762145996094
22506,-37.67374038696289,144.576416015625
22508,-37.67369842529297,144.5760955810547
22509,-37.67313766479492,144.5714111328125
22510,-37.65583801269531,144.57180786132812
22512,-37.65616607666016,144.5731964111328
22513,-37.656150817871094,144.57310485839844
22514,-37.65592575073242,144.57205200195312
22515,-37.656124114990234,144.57289123535156
22517,-37.65508270263672,144.56704711914062
22520,-37.65509414672851,144.5668487548828
22522,-37.65504837036133,144.56614685058594
22524,-37.655067443847656,144.56639099121094
22526,-37.655086517333984,144.56671142578125
22543,-37.722618103027344,144.5819549560547
22544,-37.70126724243164,144.53872680664062
22545,-37.70123291015625,144.53854370117188
22546,-37.69907760620117,144.5402374267578
22551,-37.685157775878906,144.59730529785156
22554,-37.684478759765625,144.59788513183594
22555,-37.684444427490234,144.59786987304688
22556,-37.68441390991211,144.5978240966797
22558,-37.68467330932617,144.59738159179688
22559,-37.68491744995117,144.59698486328125
22563,-37.68416213989258,144.5977020263672
22565,-37.6846923828125,144.59674072265625
22566,-37.68455123901367,144.59686279296875
22567,-37.663818359375,144.57730102539062
22589,-37.66345977783203,144.57855224609375
22594,-37.66365432739258,144.57901000976562
22603,-37.66412353515625,144.57713317871094
22606,-37.66495513916016,144.577392578125
22607,-37.66405487060547,144.57693481445312
22608,-37.66414260864258,144.57699584960938
22623,-37.664493560791016,144.57810974121094
22653,-37.69306564331055,144.57748413085938
22654,-37.66853332519531,144.59457397460938
22675,-37.70143127441406,144.54644775390625
22676,-37.70048522949219,144.546630859375
22678,-37.701438903808594,144.56219482421875
22679,-37.684329986572266,144.56893920898438
22680,-37.68764877319336,144.5683135986328
22681,-37.68758392333984,144.56781005859375
22682,-37.68874740600586,144.57742309570312
22683,-37.68877410888672,144.57762145996094
22684,-37.72109603881836,144.60304260253906
22685,-37.721073150634766,144.60284423828125
22687,-37.721675872802734,144.60806274414062
22689,-37.721771240234375,144.6089324951172
22691,-37.67293930053711,144.5865020751953
22693,-37.674346923828125,144.5855712890625
22698,-37.68430709838867,144.58624267578125
22700,-37.69353485107422,144.56048583984375
22701,-37.693695068359375,144.560791015625
22702,-37.69394302368164,144.56118774414062
22703,-37.69440841674805,144.5621337890625
22704,-37.694480895996094,144.5625762939453
22705,-37.65120697021485,144.5746307373047
22706,-37.71549224853515,144.5543975830078
22707,-37.71492004394531,144.55484008789062
22708,-37.71369171142578,144.55482482910156
22709,-37.71333312988281,144.5548858642578
22710,-37.713016510009766,144.5541534423828
22711,-37.71318054199219,144.5545196533203
22712,-37.71328353881836,144.55471801757812
22713,-37.72189712524414,144.58201599121094
22714,-37.72254943847656,144.62486267089844
22715,-37.72197723388672,144.62522888183594
22716,-37.7214469909668,144.6255645751953
22717,-37.70179748535156,144.61819458007812
22718,-37.72154235839844,144.57789611816406
22720,-37.70086669921875,144.54110717773438
22723,-37.70099258422851,144.53883361816406
22725,-37.701416015625,144.53866577148438
22758,-37.69972229003906,144.54205322265625
22782,-37.700557708740234,144.54281616210938
22834,-37.70180892944336,144.5438690185547
22838,-37.70064926147461,144.54660034179688
22868,-37.700965881347656,144.54656982421875
22878,-37.7011604309082,144.5465087890625
22879,-37.72196578979492,144.5611114501953
22880,-37.72206115722656,144.56105041503906
22881,-37.72314453125,144.56082153320312
22888,-37.71385192871094,144.6290283203125
22890,-37.71352767944336,144.62930297851562
22891,-37.71358871459961,144.62942504882812
22900,-37.72011184692383,144.6180419921875
22921,-37.7307243347168,144.59619140625
22928,-37.71071243286133,144.60104370117188
22942,-37.721824645996094,144.60862731933594
22943,-37.72184371948242,144.60858154296875
22944,-37.72185134887695,144.60853576660156
22945,-37.72184753417969,144.60848999023438
22946,-37.721832275390625,144.60845947265625
22961,-37.72159576416016,144.60861206054688
