node_id,lat,lon
0,-37.684410095214844,144.60494995117188
1,-37.68461608886719,144.60552978515625
2,-37.68476104736328,144.60586547851562
3,-37.69098663330078,144.57057189941406
4,-37.69099426269531,144.57034301757812
5,-37.691017150878906,144.57005310058594
6,-37.691043853759766,144.56985473632812
7,-37.691078186035156,144.5696258544922
8,-37.69112014770508,144.56942749023438
9,-37.6911735534668,144.56919860839844
10,-37.69122314453125,144.56903076171875
11,-37.6912841796875,144.56883239746094
12,-37.69136047363281,144.56861877441406
13,-37.69139862060547,144.5685272216797
14,-37.69144821166992,144.5684051513672
15,-37.6915283203125,144.5682373046875
16,-37.69163513183594,144.5680389404297
17,-37.69174575805664,144.5678253173828
18,-37.69186019897461,144.567626953125
19,-37.68940353393555,144.56106567382812
20,-37.689414978027344,144.56138610839844
21,-37.689422607421875,144.5616455078125
22,-37.6894416809082,144.56201171875
23,-37.68946838378906,144.56259155273438
24,-37.689483642578125,144.5629425048828
25,-37.68948745727539,144.56317138671875
26,-37.68948745727539,144.56341552734375
27,-37.689476013183594,144.5636749267578
28,-37.6894645690918,144.56385803222656
29,-37.69014358520508,144.5699462890625
30,-37.690242767333984,144.57020568847656
31,-37.690338134765625,144.570556640625
32,-37.69041061401367,144.5708770751953
33,-37.69047164916992,144.5711669921875
34,-37.6905403137207,144.5715789794922
35,-37.69060134887695,144.57196044921875
36,-37.69065475463867,144.57223510742188
37,-37.690765380859375,144.5727081298828
38,-37.68500900268555,144.55905151367188
39,-37.68505096435547,144.55905151367188
40,-37.68517303466797,144.55905151367188
41,-37.68521499633789,144.55905151367188
42,-37.685489654541016,144.55906677246094
43,-37.68096923828125,144.55039978027344
44,-37.680992126464844,144.5505828857422
45,-37.681060791015625,144.55116271972656
46,-37.681148529052734,144.5518798828125
47,-37.68115234375,144.55223083496094
48,-37.6811408996582,144.55235290527344
49,-37.681053161621094,144.5528564453125
50,-37.68084716796875,144.55337524414062
51,-37.68070602416992,144.5535888671875
52,-37.68049621582031,144.55386352539062
53,-37.68022155761719,144.5541229248047
54,-37.67988586425781,144.55441284179688
55,-37.679569244384766,144.5546875
56,-37.679405212402344,144.5547637939453
57,-37.67928695678711,144.55477905273438
58,-37.67916488647461,144.5547637939453
59,-37.678993225097656,144.55474853515625
60,-37.678829193115234,144.55465698242188
61,-37.67868423461914,144.5545196533203
62,-37.678497314453125,144.5542449951172
63,-37.678367614746094,144.5540008544922
64,-37.67807388305664,144.55352783203125
65,-37.67798614501953,144.55335998535156
66,-37.67788314819336,144.55313110351562
67,-37.677791595458984,144.55279541015625
68,-37.677650451660156,144.5518035888672
69,-37.677589416503906,144.55123901367188
70,-37.67757034301758,144.55105590820312
71,-37.68089294433594,144.55340576171875
72,-37.681243896484375,144.55368041992188
73,-37.677947998046875,144.5533905029297
74,-37.67731475830078,144.55393981933594
75,-37.67667770385742,144.5544891357422
76,-37.67662048339844,144.55455017089844
77,-37.674774169921875,144.55409240722656
78,-37.67485809326172,144.55406188964844
79,-37.675357818603516,144.55393981933594
80,-37.67563247680664,144.55386352539062
81,-37.67565155029297,144.55386352539062
82,-37.67580032348633,144.55384826660156
83,-37.675846099853516,144.55384826660156
84,-37.67610168457031,144.55389404296875
85,-37.67632293701172,144.5540771484375
86,-37.67646026611328,144.55429077148438
87,-37.67702865600586,144.55531311035156
88,-37.67710876464844,144.55548095703125
89,-37.677154541015625,144.5556640625
90,-37.67717361450195,144.5557861328125
91,-37.67717742919922,144.555908203125
92,-37.67717742919922,144.5560760498047
93,-37.677154541015625,144.55625915527344
94,-37.677085876464844,144.55657958984375
95,-37.67702102661133,144.55686950683594
96,-37.677005767822266,144.5569610595703
97,-37.67813491821289,144.56134033203125
98,-37.67820358276367,144.56126403808594
99,-37.678680419921875,144.56068420410156
100,-37.678955078125,144.56045532226562
101,-37.67917251586914,144.56036376953125
102,-37.67933654785156,144.5603485107422
103,-37.679527282714844,144.5603485107422
104,-37.6799201965332,144.5604705810547
105,-37.680606842041016,144.56080627441406
106,-37.680755615234375,144.5609130859375
107,-37.681026458740234,144.5612030029297
108,-37.68112564086914,144.56134033203125
109,-37.68119812011719,144.56149291992188
110,-37.68133544921875,144.56202697753906
111,-37.681400299072266,144.56239318847656
112,-37.68146896362305,144.56263732910156
113,-37.6815071105957,144.56275939941406
114,-37.7092399597168,144.57386779785156
115,-37.709224700927734,144.57373046875
116,-37.70915985107422,144.57318115234375
117,-37.70913314819336,144.57296752929688
118,-37.709014892578125,144.57199096679688
119,-37.7089958190918,144.5718231201172
120,-37.708919525146484,144.57119750976562
121,-37.708892822265625,144.57102966308594
122,-37.708797454833984,144.5701904296875
123,-37.708797454833984,144.57017517089844
124,-37.70878601074219,144.570068359375
125,-37.70877456665039,144.56997680664062
126,-37.708595275878906,144.56849670410156
127,-37.708526611328125,144.56793212890625
128,-37.708438873291016,144.56719970703125
129,-37.708404541015625,144.56692504882812
130,-37.708316802978516,144.56622314453125
131,-37.708038330078125,144.5638885498047
132,-37.70803451538086,144.5638427734375
133,-37.686710357666016,144.53347778320312
134,-37.686744689941406,144.53433227539062
135,-37.686771392822266,144.53480529785156
136,-37.68681335449219,144.53533935546875
137,-37.68731689453125,144.5402374267578
138,-37.68742752075195,144.54129028320312
139,-37.68828582763672,144.5499725341797
140,-37.68891906738281,144.55624389648438
141,-37.6950798034668,144.5974884033203
142,-37.6950569152832,144.59852600097656
143,-37.69503402709961,144.5991973876953
144,-37.69500732421875,144.59976196289062
145,-37.69496536254883,144.6001434326172
146,-37.69490432739258,144.6005096435547
147,-37.69142532348633,144.56690979003906
148,-37.69196701049805,144.5668182373047
149,-37.69209671020508,144.56678771972656
150,-37.65167236328125,144.5745391845703
151,-37.65168380737305,144.57469177246094
152,-37.65275192260742,144.58358764648438
153,-37.65333557128906,144.58847045898438
154,-37.65378952026367,144.59201049804688
155,-37.65382766723633,144.59230041503906
156,-37.654075622558594,144.59422302246094
157,-37.654083251953125,144.59432983398438
158,-37.65409851074219,144.59442138671875
159,-37.65492248535156,144.60165405273438
160,-37.686134338378906,144.57823181152344
161,-37.6859130859375,144.5782012939453
162,-37.68495559692383,144.57809448242188
163,-37.68485641479492,144.5780792236328
164,-37.67446517944336,144.55166625976562
165,-37.67449188232422,144.55189514160156
166,-37.67449951171875,144.55194091796875
167,-37.67450714111328,144.55201721191406
168,-37.67452621459961,144.5521697998047
169,-37.674713134765625,144.5536346435547
170,-37.67470932006836,144.58412170410156
171,-37.67472457885742,144.5840606689453
172,-37.67472457885742,144.58399963378906
173,-37.67471694946289,144.58396911621094
174,-37.674705505371094,144.5839385986328
175,-37.674686431884766,144.5839080810547
176,-37.67466735839844,144.58389282226562
177,-37.67463684082031,144.5838623046875
178,-37.674598693847656,144.5838623046875
179,-37.674560546875,144.5838623046875
180,-37.67452621459961,144.58387756347656
181,-37.67449188232422,144.5839080810547
182,-37.674468994140625,144.5839385986328
183,-37.6744499206543,144.583984375
184,-37.67444610595703,144.5840301513672
185,-37.6744499206543,144.58409118652344
186,-37.674468994140625,144.58413696289062
187,-37.674495697021484,144.58416748046875
188,-37.674530029296875,144.58419799804688
189,-37.6745719909668,144.58421325683594
190,-37.67461013793945,144.58421325683594
191,-37.674652099609375,144.58419799804688
192,-37.6746826171875,144.58416748046875
193,-37.665931701660156,144.59439086914062
194,-37.66596984863281,144.59445190429688
195,-37.66598129272461,144.594482421875
196,-37.6660041809082,144.59454345703125
197,-37.66608428955078,144.59487915039062
198,-37.66611862182617,144.59503173828125
199,-37.666133880615234,144.5951690673828
200,-37.66614532470703,144.59532165527344
201,-37.66618347167969,144.5957489013672
202,-37.66618347167969,144.5957489013672
203,-37.66623306274414,144.59620666503906
204,-37.6662712097168,144.5965576171875
205,-37.666481018066406,144.5982208251953
206,-37.666500091552734,144.59837341308594
207,-37.66658401489258,144.5990753173828
208,-37.66659164428711,144.59915161132812
209,-37.66667556762695,144.5994110107422
210,-37.66414260864258,144.5947723388672
211,-37.664207458496094,144.5956268310547
212,-37.66357421875,144.59609985351562
213,-37.66347122192383,144.59620666503906
214,-37.66340255737305,144.59640502929688
215,-37.66337966918945,144.5965576171875
216,-37.663394927978516,144.59671020507812
217,-37.6634407043457,144.5969696044922
218,-37.66355514526367,144.59744262695312
219,-37.66360855102539,144.59774780273438
220,-37.66371536254883,144.59864807128906
221,-37.66372299194336,144.59872436523438
222,-37.664344787597656,144.59559631347656
223,-37.666080474853516,144.59532165527344
224,-37.66625213623047,144.59530639648438
225,-37.697383880615234,144.60348510742188
226,-37.69736862182617,144.60340881347656
227,-37.697364807128906,144.6033935546875
228,-37.697349548339844,144.60333251953125
229,-37.697322845458984,144.603271484375
230,-37.69729232788086,144.6032257080078
231,-37.69715118408203,144.6030731201172
232,-37.69698715209961,144.60287475585938
233,-37.69220733642578,144.5480499267578
234,-37.69209671020508,144.5481414794922
235,-37.69206237792969,144.5481719970703
236,-37.69197463989258,144.54824829101562
237,-37.704891204833984,144.54824829101562
238,-37.70482635498047,144.5482635498047
239,-37.70362854003906,144.54844665527344
240,-37.70356750488281,144.5484619140625
241,-37.703060150146484,144.5485382080078
242,-37.70283508300781,144.5485382080078
243,-37.702606201171875,144.5484619140625
244,-37.702423095703125,144.54833984375
245,-37.70226287841797,144.54818725585938
246,-37.7021484375,144.548095703125
247,-37.702003479003906,144.5480499267578
248,-37.70185852050781,144.54808044433594
249,-37.70151901245117,144.5481414794922
250,-37.68399429321289,144.58352661132812
251,-37.68385314941406,144.58560180664062
252,-37.68385314941406,144.5856475830078
253,-37.683841705322266,144.5858154296875
254,-37.72272872924805,144.61753845214844
255,-37.72271728515625,144.6173095703125
256,-37.722476959228516,144.6151580810547
257,-37.7223014831543,144.6136016845703
258,-37.7220344543457,144.6112823486328
259,-37.739437103271484,144.63308715820312
260,-37.73891830444336,144.63316345214844
261,-37.7369384765625,144.63345336914062
262,-37.73622131347656,144.633544921875
263,-37.73601531982422,144.63357543945312
264,-37.73443603515625,144.6337890625
265,-37.73320770263672,144.6339874267578
266,-37.732723236083984,144.634033203125
267,-37.73234939575195,144.6340789794922
268,-37.73199462890625,144.6341094970703
269,-37.731773376464844,144.63414001464844
270,-37.73135757446289,144.63421630859375
271,-37.73099899291992,144.63429260253906
272,-37.72676086425781,144.63502502441406
273,-37.72491455078125,144.63531494140625
274,-37.723575592041016,144.63552856445312
275,-37.736778259277344,144.55027770996094
276,-37.73556900024414,144.55047607421875
277,-37.73054122924805,144.55136108398438
278,-37.705474853515625,144.6385498046875
279,-37.71327590942383,144.63722229003906
280,-37.71329879760742,144.63722229003906
281,-37.68241500854492,144.6168670654297
282,-37.68248748779297,144.6156768798828
283,-37.682525634765625,144.61492919921875
284,-37.685394287109375,144.6069793701172
285,-37.68547821044922,144.6068878173828
286,-37.68553924560547,144.60679626464844
287,-37.685646057128906,144.60665893554688
288,-37.68577194213867,144.60655212402344
289,-37.68589401245117,144.60646057128906
290,-37.68601608276367,144.60638427734375
291,-37.691795349121094,144.60470581054688
292,-37.69195556640625,144.60464477539062
293,-37.692142486572266,144.60458374023438
294,-37.69224548339844,144.60455322265625
295,-37.69272994995117,144.60450744628906
296,-37.692806243896484,144.60450744628906
297,-37.692867279052734,144.60450744628906
298,-37.69293212890625,144.60452270507812
299,-37.6929931640625,144.60452270507812
300,-37.69306564331055,144.60455322265625
301,-37.69312286376953,144.6045684814453
302,-37.693180084228516,144.60458374023438
303,-37.693233489990234,144.6046142578125
304,-37.69329833984375,144.60464477539062
305,-37.69336700439453,144.6046905517578
306,-37.69344711303711,144.604736328125
307,-37.69353485107422,144.6048126220703
308,-37.69368362426758,144.6049041748047
309,-37.690521240234375,144.6046600341797
310,-37.690399169921875,144.60470581054688
311,-37.69015121459961,144.6048583984375
312,-37.6899299621582,144.60494995117188
313,-37.68968200683594,144.6050567626953
314,-37.68954849243164,144.6051025390625
315,-37.68489074707031,144.6065216064453
316,-37.6846809387207,144.60678100585938
317,-37.68457794189453,144.6068878173828
318,-37.68410110473633,144.60745239257812
319,-37.68484878540039,144.60662841796875
320,-37.68484115600586,144.60675048828125
321,-37.68485641479492,144.60687255859375
322,-37.68490219116211,144.6069793701172
323,-37.684974670410156,144.6070556640625
324,-37.68505859375,144.60711669921875
325,-37.686771392822266,144.5990753173828
326,-37.6884765625,144.6014404296875
327,-37.689109802246094,144.60231018066406
328,-37.68937683105469,144.60269165039062
329,-37.689395904541016,144.60272216796875
330,-37.68989181518555,144.60342407226562
331,-37.6864013671875,144.59841918945312
332,-37.68635177612305,144.5983428955078
333,-37.68587112426758,144.59767150878906
334,-37.69355010986328,144.60360717773438
335,-37.693359375,144.60385131835938
336,-37.69329071044922,144.60394287109375
337,-37.693233489990234,144.60401916503906
338,-37.693172454833984,144.60406494140625
339,-37.693115234375,144.6041259765625
340,-37.69305419921875,144.60415649414062
341,-37.6929931640625,144.60418701171875
342,-37.69298553466797,144.6042022705078
343,-37.69292449951172,144.60423278808594
344,-37.69285583496094,144.60426330566406
345,-37.69275665283203,144.60427856445312
346,-37.69248580932617,144.6043701171875
347,-37.69335174560547,144.6043243408203
348,-37.69334030151367,144.60440063476562
349,-37.69334030151367,144.60446166992188
350,-37.69334411621094,144.60450744628906
351,-37.693355560302734,144.6045684814453
352,-37.69337463378906,144.60459899902344
353,-37.69340515136719,144.60462951660156
354,-37.69355773925781,144.60476684570312
355,-37.69597244262695,144.60377502441406
356,-37.69623565673828,144.60377502441406
357,-37.6963996887207,144.60374450683594
358,-37.69719696044922,144.6036376953125
359,-37.6973991394043,144.6035919189453
360,-37.69622802734375,144.6037139892578
361,-37.68242645263672,144.5501251220703
362,-37.682464599609375,144.55030822753906
363,-37.68251419067383,144.55050659179688
364,-37.68255615234375,144.55059814453125
365,-37.6826286315918,144.55068969726562
366,-37.68274688720703,144.55076599121094
367,-37.68285369873047,144.55079650878906
368,-37.6829833984375,144.55079650878906
369,-37.6830940246582,144.55078125
370,-37.683650970458984,144.55067443847656
371,-37.68382263183594,144.55067443847656
372,-37.68399429321289,144.55075073242188
373,-37.684165954589844,144.5508575439453
374,-37.68426513671875,144.5509490966797
375,-37.684391021728516,144.5511932373047
376,-37.68446731567383,144.55142211914062
377,-37.68449783325195,144.55160522460938
378,-37.68450164794922,144.55181884765625
379,-37.6844367980957,144.55287170410156
380,-37.68436813354492,144.5539093017578
381,-37.68436050415039,144.5540771484375
382,-37.68440246582031,144.5542449951172
383,-37.6844596862793,144.55435180664062
384,-37.68452072143555,144.55442810058594
385,-37.684608459472656,144.5544891357422
386,-37.684722900390625,144.55455017089844
387,-37.685054779052734,144.55458068847656
388,-37.68119812011719,144.5523681640625
389,-37.68141174316406,144.55239868164062
390,-37.681549072265625,144.5524444580078
391,-37.681678771972656,144.55252075195312
392,-37.68177795410156,144.55262756347656
393,-37.681854248046875,144.55274963378906
394,-37.68190383911133,144.55287170410156
395,-37.68193054199219,144.55300903320312
396,-37.68193435668945,144.55337524414062
397,-37.67772674560547,144.55178833007812
398,-37.67893981933594,144.5515594482422
399,-37.680992126464844,144.55117797851562
400,-37.67971420288086,144.55142211914062
401,-37.68065643310547,144.55352783203125
402,-37.68052673339844,144.55337524414062
403,-37.68042755126953,144.55323791503906
404,-37.68037414550781,144.5530548095703
405,-37.68030548095703,144.5523223876953
406,-37.67984390258789,144.55433654785156
407,-37.679649353027344,144.55398559570312
408,-37.67948532104492,144.5527801513672
409,-37.67898178100586,144.55479431152344
410,-37.678916931152344,144.5550537109375
411,-37.678794860839844,144.5553436279297
412,-37.67855453491211,144.55418395996094
413,-37.67870330810547,144.5540313720703
414,-37.67879104614258,144.5538330078125
415,-37.67879104614258,144.55364990234375
416,-37.67866897583008,144.55267333984375
417,-37.677345275878906,144.5540008544922
418,-37.67781448364258,144.5550537109375
419,-37.67792892456055,144.5553436279297
420,-37.678001403808594,144.55557250976562
421,-37.67805099487305,144.55599975585938
422,-37.68027877807617,144.55792236328125
423,-37.68020248413086,144.5579376220703
424,-37.67954635620117,144.5580596923828
425,-37.67881393432617,144.55819702148438
426,-37.678524017333984,144.55831909179688
427,-37.678138732910156,144.55850219726562
428,-37.67792892456055,144.55865478515625
429,-37.67774200439453,144.55873107910156
430,-37.677486419677734,144.55880737304688
431,-37.67741775512695,144.55882263183594
432,-37.67679214477539,144.5601043701172
433,-37.67677688598633,144.5602264404297
434,-37.676727294921875,144.56065368652344
435,-37.676719665527344,144.5608367919922
436,-37.676734924316406,144.5609893798828
437,-37.67679214477539,144.56121826171875
438,-37.677799224853516,144.56088256835938
439,-37.677738189697266,144.5609588623047
440,-37.677520751953125,144.56121826171875
441,-37.67746353149414,144.56146240234375
442,-37.67749786376953,144.5618133544922
443,-37.67795181274414,144.56253051757812
444,-37.67811965942383,144.5628204345703
445,-37.678314208984375,144.5630340576172
446,-37.67850875854492,144.56312561035156
447,-37.6787223815918,144.5631866455078
448,-37.67885971069336,144.5631866455078
449,-37.67898178100586,144.56314086914062
450,-37.67909240722656,144.5630645751953
451,-37.6791877746582,144.56292724609375
452,-37.679325103759766,144.56259155273438
453,-37.67935562133789,144.56251525878906
454,-37.67743682861328,144.5618438720703
455,-37.67729568481445,144.56192016601562
456,-37.67710876464844,144.5620574951172
457,-37.67695617675781,144.56214904785156
458,-37.677894592285156,144.5625762939453
459,-37.677127838134766,144.5631561279297
460,-37.67847442626953,144.56320190429688
461,-37.678306579589844,144.56350708007812
462,-37.678157806396484,144.56361389160156
463,-37.67795944213867,144.5636749267578
464,-37.67774200439453,144.56373596191406
465,-37.6724739074707,144.5543670654297
466,-37.67251968383789,144.55433654785156
467,-37.67306137084961,144.5541229248047
468,-37.67320251464844,144.5541229248047
469,-37.6733283996582,144.55413818359375
470,-37.67351531982422,144.55419921875
471,-37.673736572265625,144.55433654785156
472,-37.673885345458984,144.55447387695312
473,-37.67399597167969,144.5546417236328
474,-37.674076080322266,144.55482482910156
475,-37.674137115478516,144.55502319335938
476,-37.67424774169922,144.5554656982422
477,-37.67430114746094,144.55569458007812
478,-37.67434310913086,144.55593872070312
479,-37.67436218261719,144.5562744140625
480,-37.674354553222656,144.55653381347656
481,-37.674346923828125,144.5567626953125
482,-37.674339294433594,144.55686950683594
483,-37.672569274902344,144.55638122558594
484,-37.672630310058594,144.55638122558594
485,-37.67299270629883,144.55645751953125
486,-37.67338180541992,144.5565643310547
487,-37.67352294921875,144.55662536621094
488,-37.67377853393555,144.55674743652344
489,-37.67399215698242,144.5568084716797
490,-37.674068450927734,144.5568389892578
491,-37.67420196533203,144.55685424804688
492,-37.67475128173828,144.55686950683594
493,-37.6750602722168,144.55682373046875
494,-37.67533874511719,144.5567626953125
495,-37.67542266845703,144.55673217773438
496,-37.67406463623047,144.556884765625
497,-37.67404556274414,144.55714416503906
498,-37.67405319213867,144.55743408203125
499,-37.67409133911133,144.55780029296875
500,-37.67410659790039,144.5581512451172
501,-37.67410659790039,144.55860900878906
502,-37.674068450927734,144.55889892578125
503,-37.67401123046875,144.55917358398438
504,-37.67396545410156,144.5594940185547
505,-37.67392349243164,144.55995178222656
506,-37.673927307128906,144.5602569580078
507,-37.673946380615234,144.560546875
508,-37.67397689819336,144.5608673095703
509,-37.67412567138672,144.56166076660156
510,-37.67414474487305,144.561767578125
511,-37.67213821411133,144.55853271484375
512,-37.67219543457031,144.5585479736328
513,-37.67266082763672,144.55859375
514,-37.6728630065918,144.55862426757812
515,-37.673057556152344,144.55870056152344
516,-37.6732292175293,144.55882263183594
517,-37.673397064208984,144.55897521972656
518,-37.67363357543945,144.55908203125
519,-37.6739387512207,144.5591583251953
520,-37.67078399658203,144.55238342285156
521,-37.67082595825195,144.5524139404297
522,-37.670875549316406,144.55245971679688
523,-37.67097091674805,144.55255126953125
524,-37.67100143432617,144.5525665283203
525,-37.67103576660156,144.55258178710938
526,-37.67108154296875,144.55258178710938
527,-37.671321868896484,144.5525360107422
528,-37.672088623046875,144.55238342285156
529,-37.6737060546875,144.5520782470703
530,-37.676544189453125,144.5636749267578
531,-37.67646789550781,144.56370544433594
532,-37.67625427246094,144.56381225585938
533,-37.675960540771484,144.5639190673828
534,-37.67583465576172,144.56394958496094
535,-37.67576217651367,144.56396484375
536,-37.67536544799805,144.56398010253906
537,-37.67509078979492,144.56398010253906
538,-37.67482376098633,144.56398010253906
539,-37.67439270019531,144.5640869140625
540,-37.67409133911133,144.56423950195312
541,-37.674007415771484,144.56430053710938
542,-37.67380905151367,144.56443786621094
543,-37.6735954284668,144.56459045410156
544,-37.67323684692383,144.56500244140625
545,-37.673179626464844,144.56509399414062
546,-37.67304992675781,144.56532287597656
547,-37.6729736328125,144.5655059814453
548,-37.672935485839844,144.565673828125
549,-37.672908782958984,144.5659637451172
550,-37.672908782958984,144.56614685058594
551,-37.672996520996094,144.56655883789062
552,-37.673187255859375,144.56690979003906
553,-37.67330551147461,144.56703186035156
554,-37.673545837402344,144.5671844482422
555,-37.673831939697266,144.56736755371094
556,-37.67420196533203,144.5675048828125
557,-37.67446517944336,144.56753540039062
558,-37.67476272583008,144.56752014160156
559,-37.6753044128418,144.56736755371094
560,-37.675479888916016,144.5673065185547
561,-37.67560958862305,144.5672607421875
562,-37.67617416381836,144.56703186035156
563,-37.6764030456543,144.56695556640625
564,-37.67686080932617,144.5667724609375
565,-37.677101135253906,144.56668090820312
566,-37.67741394042969,144.5666046142578
567,-37.677467346191406,144.56658935546875
568,-37.67732238769531,144.56564331054688
569,-37.677398681640625,144.56561279296875
570,-37.677833557128906,144.56541442871094
571,-37.67798614501953,144.5653839111328
572,-37.678062438964844,144.5653533935547
573,-37.678314208984375,144.56529235839844
574,-37.678436279296875,144.56524658203125
575,-37.678565979003906,144.5651397705078
576,-37.678802490234375,144.56488037109375
577,-37.678916931152344,144.56484985351562
578,-37.67906188964844,144.5648956298828
579,-37.67922592163086,144.5649871826172
580,-37.67938232421875,144.56512451171875
581,-37.679508209228516,144.56532287597656
582,-37.67953109741211,144.56549072265625
583,-37.67950439453125,144.56582641601562
584,-37.6795654296875,144.5663604736328
585,-37.67960739135742,144.5667266845703
586,-37.679664611816406,144.5672149658203
587,-37.67971420288086,144.5675506591797
588,-37.67969512939453,144.56765747070312
589,-37.67965316772461,144.5677490234375
590,-37.67958450317383,144.56781005859375
591,-37.679527282714844,144.5678253173828
592,-37.67853927612305,144.56802368164062
593,-37.67780303955078,144.56814575195312
594,-37.677711486816406,144.56817626953125
595,-37.673091888427734,144.5618133544922
596,-37.67308044433594,144.56187438964844
597,-37.67298126220703,144.56240844726562
598,-37.67296600341797,144.5627899169922
599,-37.672996520996094,144.56317138671875
600,-37.67306900024414,144.56353759765625
601,-37.67318344116211,144.5638427734375
602,-37.67338180541992,144.5642547607422
603,-37.673545837402344,144.56451416015625
604,-37.67482376098633,144.56405639648438
605,-37.674808502197266,144.5645751953125
606,-37.67483901977539,144.5648956298828
607,-37.67489242553711,144.5653533935547
608,-37.67496871948242,144.56568908691406
609,-37.67509078979492,144.56605529785156
610,-37.6751823425293,144.56625366210938
611,-37.675254821777344,144.56646728515625
612,-37.675350189208984,144.56680297851562
613,-37.675453186035156,144.56719970703125
614,-37.68987274169922,144.56719970703125
615,-37.690643310546875,144.56703186035156
616,-37.68437194824219,144.5683135986328
617,-37.68444061279297,144.56829833984375
618,-37.684791564941406,144.5682373046875
619,-37.6849479675293,144.56820678710938
620,-37.688720703125,144.57778930664062
621,-37.68868637084961,144.5778045654297
622,-37.68851089477539,144.5778350830078
623,-37.693355560302734,144.60421752929688
624,-37.69275665283203,144.6043243408203
625,-37.65775680541992,144.59552001953125
626,-37.65771484375,144.5955810546875
627,-37.657535552978516,144.59593200683594
628,-37.65736389160156,144.59637451171875
629,-37.657257080078125,144.5967559814453
630,-37.65723419189453,144.59689331054688
631,-37.657203674316406,144.5974884033203
632,-37.65724563598633,144.5982666015625
633,-37.65946960449219,144.59205627441406
634,-37.65952682495117,144.59213256835938
635,-37.659820556640625,144.59249877929688
636,-37.65985870361328,144.59259033203125
637,-37.659950256347656,144.59335327148438
638,-37.660133361816406,144.5948486328125
639,-37.660301208496094,144.5961456298828
640,-37.66032791137695,144.596435546875
641,-37.66033172607422,144.59652709960938
642,-37.660282135009766,144.59652709960938
643,-37.659908294677734,144.59658813476562
644,-37.65966796875,144.59666442871094
645,-37.659446716308594,144.59677124023438
646,-37.65922164916992,144.59693908691406
647,-37.65904235839844,144.5970916748047
648,-37.658992767333984,144.59713745117188
649,-37.660343170166016,144.5966033935547
650,-37.66043472290039,144.59725952148438
651,-37.66044998168945,144.59735107421875
652,-37.66035842895508,144.59613037109375
653,-37.66102600097656,144.59600830078125
654,-37.661094665527344,144.5959930419922
655,-37.66112518310547,144.5962371826172
656,-37.66073989868164,144.59286499023438
657,-37.660770416259766,144.5928497314453
658,-37.66147232055664,144.5927276611328
659,-37.66166687011719,144.59268188476562
660,-37.66195297241211,144.59266662597656
661,-37.662269592285156,144.59268188476562
662,-37.662635803222656,144.5926971435547
663,-37.66304397583008,144.59268188476562
664,-37.663368225097656,144.59268188476562
665,-37.66226577758789,144.5925750732422
666,-37.66224670410156,144.59217834472656
667,-37.662235260009766,144.59202575683594
668,-37.66220474243164,144.59170532226562
669,-37.66219711303711,144.5915985107422
670,-37.662635803222656,144.59280395507812
671,-37.66263961791992,144.59359741210938
672,-37.662662506103516,144.5944366455078
673,-37.66273498535156,144.5947723388672
674,-37.66288757324219,144.59518432617188
675,-37.66291809082031,144.59535217285156
676,-37.66290283203125,144.59552001953125
677,-37.662845611572266,144.59567260742188
678,-37.66252899169922,144.5959930419922
679,-37.66204071044922,144.59645080566406
680,-37.6619873046875,144.5966339111328
681,-37.66197967529297,144.5968475341797
682,-37.66218185424805,144.5983428955078
683,-37.66226577758789,144.5985565185547
684,-37.662410736083984,144.5987548828125
685,-37.66254425048828,144.59884643554688
686,-37.66279602050781,144.59890747070312
687,-37.664466857910156,144.59860229492188
688,-37.664695739746094,144.5985107421875
689,-37.664794921875,144.59841918945312
690,-37.66487121582031,144.5982666015625
691,-37.66496658325195,144.5978546142578
692,-37.66511154174805,144.5973663330078
693,-37.66523361206055,144.59701538085938
694,-37.66543197631836,144.59678649902344
695,-37.66556167602539,144.59669494628906
696,-37.665672302246094,144.59666442871094
697,-37.6660270690918,144.59658813476562
698,-37.66618347167969,144.5965576171875
699,-37.6663818359375,144.59652709960938
700,-37.6696662902832,144.59884643554688
701,-37.66963195800781,144.5985870361328
702,-37.66962432861328,144.59852600097656
703,-37.6695671081543,144.5980987548828
704,-37.6695556640625,144.59793090820312
705,-37.669578552246094,144.59774780273438
706,-37.6696891784668,144.5974884033203
707,-37.66987228393555,144.59735107421875
708,-37.670074462890625,144.59722900390625
709,-37.6707649230957,144.5968780517578
710,-37.67097091674805,144.5966796875
711,-37.671199798583984,144.59645080566406
712,-37.67134475708008,144.59616088867188
713,-37.671424865722656,144.595947265625
714,-37.671443939208984,144.59588623046875
715,-37.671669006347656,144.59515380859375
716,-37.671791076660156,144.5949249267578
717,-37.67194747924805,144.59471130371094
718,-37.67222213745117,144.59445190429688
719,-37.672462463378906,144.5942840576172
720,-37.67264175415039,144.5941925048828
721,-37.672889709472656,144.59414672851562
722,-37.67305374145508,144.59413146972656
723,-37.66408157348633,144.5947723388672
724,-37.66370391845703,144.59474182128906
725,-37.66351318359375,144.59478759765625
726,-37.660099029541016,144.59750366210938
727,-37.66029739379883,144.5973663330078
728,-37.660552978515625,144.59732055664062
729,-37.66118240356445,144.5972137451172
730,-37.661231994628906,144.59719848632812
731,-37.66120529174805,144.59695434570312
732,-37.66130065917969,144.59786987304688
733,-37.66130447387695,144.59808349609375
734,-37.6612663269043,144.59828186035156
735,-37.6611328125,144.59848022460938
736,-37.66109848022461,144.59854125976562
737,-37.656463623046875,144.598388671875
738,-37.656532287597656,144.598388671875
739,-37.65720748901367,144.5982666015625
740,-37.65736770629883,144.59825134277344
741,-37.657527923583984,144.59823608398438
742,-37.65754699707031,144.59835815429688
743,-37.657596588134766,144.59877014160156
744,-37.65760803222656,144.59889221191406
745,-37.657630920410156,144.59906005859375
746,-37.656551361083984,144.59910583496094
747,-37.65645217895508,144.59912109375
748,-37.65532302856445,144.599365234375
749,-37.6551513671875,144.59800720214844
750,-37.65629196166992,144.5978546142578
751,-37.656394958496094,144.59783935546875
752,-37.65468978881836,144.59422302246094
753,-37.6546745300293,144.59410095214844
754,-37.65456008911133,144.5930633544922
755,-37.65445327758789,144.59214782714844
756,-37.65443801879883,144.59202575683594
757,-37.65398406982422,144.59210205078125
758,-37.65496826171875,144.59193420410156
759,-37.65570831298828,144.591796875
760,-37.656394958496094,144.5916748046875
761,-37.65644454956055,144.5916748046875
762,-37.6552848815918,144.58822631835938
763,-37.6552734375,144.58811950683594
764,-37.668121337890625,144.58924865722656
765,-37.66806411743164,144.5891571044922
766,-37.667972564697266,144.5889434814453
767,-37.66795349121094,144.5888671875
768,-37.667903900146484,144.5886688232422
769,-37.66777038574219,144.58741760253906
770,-37.6675910949707,144.5861053466797
771,-37.66757583618164,144.5860137939453
772,-37.66754150390625,144.5858154296875
773,-37.66749954223633,144.58566284179688
774,-37.66741943359375,144.58554077148438
775,-37.66721725463867,144.58551025390625
776,-37.66649627685547,144.5856475830078
777,-37.66633224487305,144.585693359375
778,-37.666160583496094,144.58580017089844
779,-37.666046142578125,144.58596801757812
780,-37.665992736816406,144.5861358642578
781,-37.665679931640625,144.5870819091797
782,-37.66559600830078,144.5872344970703
783,-37.66548156738281,144.5873260498047
784,-37.66530227661133,144.58734130859375
785,-37.6651611328125,144.58737182617188
786,-37.664241790771484,144.58740234375
787,-37.66410827636719,144.58738708496094
788,-37.66399002075195,144.58731079101562
789,-37.66388702392578,144.58714294433594
790,-37.66340637207031,144.58624267578125
791,-37.66331100463867,144.5861358642578
792,-37.66320037841797,144.5860595703125
793,-37.66298294067383,144.58596801757812
794,-37.661903381347656,144.5856475830078
795,-37.661739349365234,144.58566284179688
796,-37.66141891479492,144.58578491210938
797,-37.668121337890625,144.58937072753906
798,-37.66808319091797,144.58944702148438
799,-37.66803741455078,144.5895538330078
800,-37.66801452636719,144.5897674560547
801,-37.66805648803711,144.59024047851562
802,-37.66808319091797,144.59051513671875
803,-37.66826248168945,144.59178161621094
804,-37.66840362548828,144.5930633544922
805,-37.668521881103516,144.593994140625
806,-37.6685905456543,144.59454345703125
807,-37.66843795776367,144.59402465820312
808,-37.66814422607422,144.59408569335938
809,-37.66830825805664,144.5930633544922
810,-37.668128967285156,144.5930633544922
811,-37.66792678833008,144.59291076660156
812,-37.667335510253906,144.59228515625
813,-37.66727066040039,144.59210205078125
814,-37.66728973388672,144.59190368652344
815,-37.667449951171875,144.5916748046875
816,-37.667701721191406,144.59327697753906
817,-37.66801071166992,144.5905303955078
818,-37.66675567626953,144.59078979492188
819,-37.66655349731445,144.5909423828125
820,-37.666473388671875,144.5911102294922
821,-37.66645050048828,144.5911865234375
822,-37.666568756103516,144.5913543701172
823,-37.66669845581055,144.5914764404297
824,-37.67923355102539,144.5888671875
825,-37.678653717041016,144.58984375
826,-37.67857360839844,144.58998107910156
827,-37.67818832397461,144.59063720703125
828,-37.67769241333008,144.59149169921875
829,-37.67674255371094,144.59312438964844
830,-37.67636489868164,144.59376525878906
831,-37.676300048828125,144.59384155273438
832,-37.67621612548828,144.59388732910156
833,-37.67586898803711,144.59393310546875
834,-37.68222427368164,144.57809448242188
835,-37.68219757080078,144.57843017578125
836,-37.68212127685547,144.57940673828125
837,-37.68205642700195,144.58023071289062
838,-37.682044982910156,144.5803680419922
839,-37.682010650634766,144.58082580566406
840,-37.681983947753906,144.5811767578125
841,-37.68190002441406,144.58226013183594
842,-37.681888580322266,144.5823974609375
843,-37.681880950927734,144.58248901367188
844,-37.681888580322266,144.58277893066406
845,-37.681888580322266,144.5828094482422
846,-37.67521286010742,144.5885467529297
847,-37.67528533935547,144.58851623535156
848,-37.67605209350586,144.58837890625
849,-37.67625427246094,144.59034729003906
850,-37.6762580871582,144.59011840820312
851,-37.676063537597656,144.58848571777344
852,-37.67525100708008,144.57810974121094
853,-37.675262451171875,144.5782470703125
854,-37.67527770996094,144.57843017578125
855,-37.67527389526367,144.5788116455078
856,-37.67532730102539,144.5792236328125
857,-37.675357818603516,144.57936096191406
858,-37.675506591796875,144.58013916015625
859,-37.6755485534668,144.58062744140625
860,-37.67627716064453,144.5804901123047
861,-37.67621994018555,144.58050537109375
862,-37.67563247680664,144.5806121826172
863,-37.67527389526367,144.58067321777344
864,-37.6750602722168,144.58067321777344
865,-37.67494583129883,144.58070373535156
866,-37.674869537353516,144.58071899414062
867,-37.674686431884766,144.5807647705078
868,-37.67436599731445,144.5808563232422
869,-37.674278259277344,144.58087158203125
870,-37.68122100830078,144.5724639892578
871,-37.681182861328125,144.5731201171875
872,-37.681148529052734,144.5734405517578
873,-37.68106460571289,144.57444763183594
874,-37.68099594116211,144.5754852294922
875,-37.680908203125,144.57662963867188
876,-37.68083953857422,144.57754516601562
877,-37.68083572387695,144.57762145996094
878,-37.681236267089844,144.5731201171875
879,-37.682010650634766,144.57322692871094
880,-37.682743072509766,144.5733184814453
881,-37.68280029296875,144.57333374023438
882,-37.68267822265625,144.57485961914062
883,-37.6827507019043,144.57485961914062
884,-37.683448791503906,144.574951171875
885,-37.683502197265625,144.574951171875
886,-37.68376541137695,144.57498168945312
887,-37.688194274902344,144.57278442382812
888,-37.6880989074707,144.57281494140625
889,-37.687416076660156,144.57293701171875
890,-37.68708038330078,144.572998046875
891,-37.68665313720703,144.5730743408203
892,-37.68626403808594,144.5730743408203
893,-37.685142517089844,144.5729522705078
894,-37.685035705566406,144.57293701171875
895,-37.6866455078125,144.57301330566406
896,-37.686546325683594,144.57220458984375
897,-37.686492919921875,144.57180786132812
898,-37.68648147583008,144.5717010498047
899,-37.6850471496582,144.57275390625
900,-37.684993743896484,144.57273864746094
901,-37.68438720703125,144.5726776123047
902,-37.684329986572266,144.5726776123047
903,-37.68729782104492,144.57481384277344
904,-37.68724822998047,144.57481384277344
905,-37.685081481933594,144.5745391845703
906,-37.68425369262695,144.57444763183594
907,-37.68418884277344,144.57443237304688
908,-37.68409729003906,144.57557678222656
909,-37.68425750732422,144.57354736328125
910,-37.68440246582031,144.5714111328125
911,-37.68436813354492,144.5712890625
912,-37.68769836425781,144.5686798095703
913,-37.68761444091797,144.56869506835938
914,-37.68610382080078,144.56898498535156
915,-37.685340881347656,144.56910705566406
916,-37.68525695800781,144.5703582763672
917,-37.68626403808594,144.5703582763672
918,-37.686763763427734,144.57034301757812
919,-37.68781280517578,144.57034301757812
920,-37.68790817260742,144.57034301757812
921,-37.686256408691406,144.57029724121094
922,-37.68611145019531,144.56907653808594
923,-37.68514633178711,144.57167053222656
924,-37.68523406982422,144.57164001464844
925,-37.6873664855957,144.5716094970703
926,-37.68793869018555,144.5714874267578
927,-37.68804168701172,144.57147216796875
928,-37.68788528442383,144.57015991210938
929,-37.687957763671875,144.57012939453125
930,-37.688751220703125,144.56967163085938
931,-37.688804626464844,144.5696258544922
932,-37.68928909301758,144.5692901611328
933,-37.689414978027344,144.5691680908203
934,-37.68861770629883,144.56863403320312
935,-37.68860626220703,144.5684051513672
936,-37.688621520996094,144.5682373046875
937,-37.68150329589844,144.58816528320312
938,-37.6816291809082,144.58822631835938
939,-37.681819915771484,144.5883026123047
940,-37.68383026123047,144.58058166503906
941,-37.68381881713867,144.58067321777344
942,-37.683815002441406,144.5807342529297
943,-37.68379592895508,144.58090209960938
944,-37.68376541137695,144.58102416992188
945,-37.68368148803711,144.5818328857422
946,-37.683624267578125,144.5825653076172
947,-37.683475494384766,144.58253479003906
948,-37.68326950073242,144.58287048339844
949,-37.68333053588867,144.58279418945312
950,-37.6834602355957,144.5825653076172
951,-37.68353271484375,144.58181762695312
952,-37.683570861816406,144.581298828125
953,-37.683475494384766,144.5811004638672
954,-37.68345642089844,144.58106994628906
955,-37.683406829833984,144.5810089111328
956,-37.68309783935547,144.5610809326172
957,-37.68305587768555,144.56097412109375
958,-37.682884216308594,144.560546875
959,-37.68280792236328,144.56028747558594
960,-37.68276596069336,144.5599822998047
961,-37.68280029296875,144.55958557128906
962,-37.68284225463867,144.5594024658203
963,-37.68294143676758,144.55917358398438
964,-37.683074951171875,144.55894470214844
965,-37.68315124511719,144.55870056152344
966,-37.68319320678711,144.5585174560547
967,-37.6832160949707,144.55819702148438
968,-37.68316650390625,144.5579376220703
969,-37.68305969238281,144.5576629638672
970,-37.68287658691406,144.55740356445312
971,-37.682674407958984,144.55723571777344
972,-37.682411193847656,144.5570831298828
973,-37.68165588378906,144.556640625
974,-37.68143081665039,144.5565185546875
975,-37.68125534057617,144.5564422607422
976,-37.68109893798828,144.55645751953125
977,-37.68087387084961,144.55654907226562
978,-37.68062210083008,144.55679321289062
979,-37.680389404296875,144.5570068359375
980,-37.68030548095703,144.55718994140625
981,-37.680240631103516,144.55743408203125
982,-37.68023681640625,144.55764770507812
983,-37.680458068847656,144.5593719482422
984,-37.680599212646484,144.55963134765625
985,-37.68098068237305,144.5598602294922
986,-37.681419372558594,144.55999755859375
987,-37.681556701660156,144.55995178222656
988,-37.68169403076172,144.5598602294922
989,-37.68181610107422,144.55978393554688
990,-37.6819953918457,144.55975341796875
991,-37.68217468261719,144.55975341796875
992,-37.68232727050781,144.55984497070312
993,-37.68244552612305,144.5599365234375
994,-37.682579040527344,144.5599822998047
995,-37.68269348144531,144.5599822998047
996,-37.6848258972168,144.5784149169922
997,-37.684818267822266,144.57850646972656
998,-37.684757232666016,144.5792694091797
999,-37.68474578857422,144.57936096191406
1000,-37.68724060058594,144.55380249023438
1001,-37.68716812133789,144.5538330078125
1002,-37.68639373779297,144.5537872314453
1003,-37.686336517333984,144.55381774902344
1004,-37.6861572265625,144.5560302734375
1005,-37.68618392944336,144.55609130859375
1006,-37.68622589111328,144.55612182617188
1007,-37.686370849609375,144.55621337890625
1008,-37.68681716918945,144.55621337890625
1009,-37.686859130859375,144.55621337890625
1010,-37.68745803833008,144.55621337890625
1011,-37.687522888183594,144.55615234375
1012,-37.68750762939453,144.5547637939453
1013,-37.68750762939453,144.5548095703125
1014,-37.687522888183594,144.5560760498047
1015,-37.6869010925293,144.55479431152344
1016,-37.68689727783203,144.5548553466797
1017,-37.68682098388672,144.55613708496094
1018,-37.68732452392578,144.5547332763672
1019,-37.68732452392578,144.55467224121094
1020,-37.68732833862305,144.55433654785156
1021,-37.68729782104492,144.55409240722656
1022,-37.687103271484375,144.5529327392578
1023,-37.687774658203125,144.55259704589844
1024,-37.687416076660156,144.55282592773438
1025,-37.68644714355469,144.55284118652344
1026,-37.68640899658203,144.55284118652344
1027,-37.686370849609375,144.5528106689453
1028,-37.68635177612305,144.55276489257812
1029,-37.68634033203125,144.55271911621094
1030,-37.68634033203125,144.5526123046875
1031,-37.68637466430664,144.55203247070312
1032,-37.68551254272461,144.55136108398438
1033,-37.685707092285156,144.55105590820312
1034,-37.68575668334961,144.55020141601562
1035,-37.68534469604492,144.55419921875
1036,-37.685482025146484,144.55404663085938
1037,-37.68556213378906,144.55393981933594
1038,-37.68564224243164,144.55284118652344
1039,-37.68565368652344,144.5525665283203
1040,-37.685462951660156,144.55224609375
1041,-37.68452835083008,144.60586547851562
1042,-37.68450164794922,144.6059112548828
1043,-37.684200286865234,144.60641479492188
1044,-37.68376922607422,144.60707092285156
1045,-37.68354797363281,144.60719299316406
1046,-37.68359375,144.6074981689453
1047,-37.68362045288086,144.60769653320312
1048,-37.68367004394531,144.60801696777344
1049,-37.65886306762695,144.6009063720703
1050,-37.659095764160156,144.60267639160156
1051,-37.65914535522461,144.60330200195312
1052,-37.659122467041016,144.6035919189453
1053,-37.65901184082031,144.60382080078125
1054,-37.65886306762695,144.60398864746094
1055,-37.65870666503906,144.6040802001953
1056,-37.6585578918457,144.60409545898438
1057,-37.65739059448242,144.60400390625
1058,-37.659122467041016,144.60450744628906
1059,-37.6593017578125,144.60476684570312
1060,-37.659507751464844,144.60496520996094
1061,-37.676307678222656,144.5981903076172
1062,-37.676361083984375,144.59812927246094
1063,-37.67640686035156,144.5980682373047
1064,-37.67644119262695,144.59799194335938
1065,-37.67646026611328,144.59791564941406
1066,-37.67646408081055,144.59783935546875
1067,-37.676456451416016,144.59774780273438
1068,-37.67643356323242,144.59767150878906
1069,-37.67639923095703,144.59759521484375
1070,-37.68350601196289,144.60317993164062
1071,-37.683048248291016,144.60365295410156
1072,-37.68292236328125,144.60379028320312
1073,-37.68281555175781,144.6039581298828
1074,-37.6827278137207,144.60414123535156
1075,-37.68268585205078,144.6043701171875
1076,-37.68266677856445,144.60459899902344
1077,-37.68266296386719,144.60516357421875
1078,-37.68259811401367,144.60743713378906
1079,-37.68257522583008,144.6094970703125
1080,-37.681819915771484,144.60513305664062
1081,-37.68171310424805,144.6051025390625
1082,-37.68160629272461,144.6050567626953
1083,-37.681514739990234,144.60494995117188
1084,-37.68143081665039,144.6048126220703
1085,-37.68122863769531,144.60421752929688
1086,-37.68109893798828,144.60382080078125
1087,-37.681087493896484,144.603759765625
1088,-37.681907653808594,144.60743713378906
1089,-37.6812744140625,144.6073760986328
1090,-37.681114196777344,144.60740661621094
1091,-37.68099594116211,144.60751342773438
1092,-37.680728912353516,144.6079559326172
1093,-37.68034362792969,144.6085968017578
1094,-37.680240631103516,144.60885620117188
1095,-37.679927825927734,144.60935974121094
1096,-37.67963409423828,144.60995483398438
1097,-37.680171966552734,144.60992431640625
1098,-37.68027877807617,144.61038208007812
1099,-37.680328369140625,144.61085510253906
1100,-37.68037414550781,144.61134338378906
1101,-37.68040084838867,144.61178588867188
1102,-37.68106460571289,144.6032257080078
1103,-37.68071746826172,144.6031951904297
1104,-37.680633544921875,144.6031951904297
1105,-37.680538177490234,144.60321044921875
1106,-37.68044662475586,144.60328674316406
1107,-37.68040084838867,144.6033477783203
1108,-37.680328369140625,144.6034698486328
1109,-37.679988861083984,144.60403442382812
1110,-37.67978286743164,144.60440063476562
1111,-37.6796989440918,144.60462951660156
1112,-37.67965316772461,144.60491943359375
1113,-37.67948532104492,144.60614013671875
1114,-37.67946243286133,144.60621643066406
1115,-37.679420471191406,144.60630798339844
1116,-37.679359436035156,144.6063690185547
1117,-37.679290771484375,144.6063995361328
1118,-37.679141998291016,144.60643005371094
1119,-37.67784881591797,144.60665893554688
1120,-37.689456939697266,144.60264587402344
1121,-37.689476013183594,144.60263061523438
1122,-37.68952941894531,144.60256958007812
1123,-37.6895751953125,144.60252380371094
1124,-37.68974304199219,144.60235595703125
1125,-37.689937591552734,144.60223388671875
1126,-37.69038009643555,144.6021270751953
1127,-37.69093322753906,144.60205078125
1128,-37.69131851196289,144.60191345214844
1129,-37.69143295288086,144.60183715820312
1130,-37.69151306152344,144.6016387939453
1131,-37.691734313964844,144.60035705566406
1132,-37.69192886352539,144.59933471679688
1133,-37.69198989868164,144.59901428222656
1134,-37.69204330444336,144.59872436523438
1135,-37.69206237792969,144.59861755371094
1136,-37.692108154296875,144.5982666015625
1137,-37.69211959838867,144.5980682373047
1138,-37.69212341308594,144.5980224609375
1139,-37.69212341308594,144.5978240966797
1140,-37.692108154296875,144.59762573242188
1141,-37.69207763671875,144.59738159179688
1142,-37.68982696533203,144.5990447998047
1143,-37.69187545776367,144.5986785888672
1144,-37.69194793701172,144.59869384765625
1145,-37.69291305541992,144.60069274902344
1146,-37.69301986694336,144.60069274902344
1147,-37.693172454833984,144.60055541992188
1148,-37.69319534301758,144.6004638671875
1149,-37.69340133666992,144.59927368164062
1150,-37.69348907470703,144.5991668701172
1151,-37.69362258911133,144.59913635253906
1152,-37.694087982177734,144.59913635253906
1153,-37.68843078613281,144.5865936279297
1154,-37.6866569519043,144.5864715576172
1155,-37.68666458129883,144.58627319335938
1156,-37.686588287353516,144.58810424804688
1157,-37.68657302856445,144.58853149414062
1158,-37.686527252197266,144.5896453857422
1159,-37.68644332885742,144.59165954589844
1160,-37.68642807006836,144.591796875
1161,-37.686378479003906,144.5918731689453
1162,-37.68632507324219,144.5919189453125
1163,-37.686248779296875,144.59193420410156
1164,-37.68593978881836,144.59193420410156
1165,-37.6858024597168,144.59193420410156
1166,-37.6856689453125,144.59193420410156
1167,-37.685546875,144.5919952392578
1168,-37.68552780151367,144.59201049804688
1169,-37.68541717529297,144.59210205078125
1170,-37.685333251953125,144.5922088623047
1171,-37.685272216796875,144.5923309326172
1172,-37.68522262573242,144.59249877929688
1173,-37.685218811035156,144.592529296875
1174,-37.68520736694336,144.59266662597656
1175,-37.685211181640625,144.59286499023438
1176,-37.68531799316406,144.59375
1177,-37.68571090698242,144.59698486328125
1178,-37.68571090698242,144.59706115722656
1179,-37.68570327758789,144.5970916748047
1180,-37.6856803894043,144.59716796875
1181,-37.68564224243164,144.59722900390625
1182,-37.68559646606445,144.59727478027344
1183,-37.68539047241211,144.59373474121094
1184,-37.685611724853516,144.5937042236328
1185,-37.685726165771484,144.59365844726562
1186,-37.685855865478516,144.59356689453125
1187,-37.68596649169922,144.59352111816406
1188,-37.68632507324219,144.5934295654297
1189,-37.6864128112793,144.59344482421875
1190,-37.686492919921875,144.593505859375
1191,-37.686519622802734,144.5936279296875
1192,-37.68656539916992,144.59402465820312
1193,-37.6866340637207,144.59413146972656
1194,-37.68671798706055,144.59417724609375
1195,-37.68704605102539,144.5941162109375
1196,-37.68718338012695,144.59405517578125
1197,-37.68732833862305,144.5939178466797
1198,-37.687416076660156,144.59378051757812
1199,-37.68748474121094,144.5935821533203
1200,-37.6874885559082,144.5933837890625
1201,-37.68733596801758,144.59214782714844
1202,-37.687320709228516,144.59202575683594
1203,-37.686214447021484,144.58853149414062
1204,-37.68606185913086,144.58853149414062
1205,-37.68558120727539,144.58851623535156
1206,-37.68550109863281,144.5884552001953
1207,-37.68546676635742,144.58836364746094
1208,-37.685462951660156,144.5879669189453
1209,-37.68543243408203,144.58790588378906
1210,-37.688377380371094,144.58827209472656
1211,-37.688453674316406,144.58828735351562
1212,-37.68870162963867,144.5883026123047
1213,-37.688785552978516,144.58836364746094
1214,-37.68883514404297,144.58840942382812
1215,-37.68880844116211,144.58917236328125
1216,-37.68925476074219,144.58917236328125
1217,-37.68933868408203,144.58917236328125
1218,-37.689456939697266,144.5891571044922
1219,-37.689998626708984,144.5890350341797
1220,-37.690330505371094,144.5889892578125
1221,-37.69069290161133,144.5889434814453
1222,-37.691009521484375,144.58912658691406
1223,-37.691062927246094,144.58917236328125
1224,-37.689491271972656,144.58944702148438
1225,-37.689453125,144.59043884277344
1226,-37.689453125,144.59048461914062
1227,-37.690711975097656,144.59002685546875
1228,-37.6906623840332,144.58999633789062
1229,-37.69049072265625,144.58987426757812
1230,-37.69044876098633,144.58985900878906
1231,-37.690372467041016,144.5898895263672
1232,-37.69036102294922,144.58995056152344
1233,-37.690364837646484,144.59005737304688
1234,-37.69056701660156,144.5902099609375
1235,-37.690616607666016,144.59024047851562
1236,-37.69031524658203,144.5880126953125
1237,-37.69040298461914,144.58807373046875
1238,-37.690635681152344,144.58804321289062
1239,-37.690731048583984,144.58802795410156
1240,-37.69089126586914,144.5880584716797
1241,-37.69096755981445,144.58810424804688
1242,-37.691036224365234,144.588134765625
1243,-37.69114303588867,144.5882568359375
1244,-37.691226959228516,144.58840942382812
1245,-37.69124221801758,144.5885009765625
1246,-37.69124984741211,144.58860778808594
1247,-37.69124221801758,144.58877563476562
1248,-37.691184997558594,144.58892822265625
1249,-37.691162109375,144.5889892578125
1250,-37.69111633300781,144.58908081054688
1251,-37.6910400390625,144.58929443359375
1252,-37.69101333618164,144.58937072753906
1253,-37.69099044799805,144.5894317626953
1254,-37.69092559814453,144.5895538330078
1255,-37.690765380859375,144.58993530273438
1256,-37.69050979614258,144.5905303955078
1257,-37.690406799316406,144.590576171875
1258,-37.68996047973633,144.59054565429688
1259,-37.689544677734375,144.5905303955078
1260,-37.689353942871094,144.59051513671875
1261,-37.688846588134766,144.59048461914062
1262,-37.68877029418945,144.5904541015625
1263,-37.68875503540039,144.59036254882812
1264,-37.688751220703125,144.59033203125
1265,-37.688785552978516,144.5893096923828
1266,-37.68880081176758,144.58908081054688
1267,-37.68879699707031,144.58901977539062
1268,-37.688812255859375,144.58865356445312
1269,-37.688873291015625,144.58836364746094
1270,-37.688926696777344,144.58831787109375
1271,-37.68962478637695,144.5882110595703
1272,-37.689918518066406,144.5881805419922
1273,-37.69015884399414,144.58815002441406
1274,-37.69020462036133,144.588134765625
1275,-37.690242767333984,144.5880889892578
1276,-37.69023895263672,144.58717346191406
1277,-37.69087219238281,144.58706665039062
1278,-37.691505432128906,144.58697509765625
1279,-37.69182586669922,144.58692932128906
1280,-37.69194412231445,144.58688354492188
1281,-37.69204330444336,144.58676147460938
1282,-37.692054748535156,144.58670043945312
1283,-37.692325592041016,144.58522033691406
1284,-37.69193649291992,144.58419799804688
1285,-37.69186782836914,144.58419799804688
1286,-37.69178009033203,144.58419799804688
1287,-37.691490173339844,144.584228515625
1288,-37.69111633300781,144.58432006835938
1289,-37.69101333618164,144.58436584472656
1290,-37.690982818603516,144.58438110351562
1291,-37.69096755981445,144.5843963623047
1292,-37.69092559814453,144.58444213867188
1293,-37.690799713134766,144.58462524414062
1294,-37.69069290161133,144.5847625732422
1295,-37.69058609008789,144.58482360839844
1296,-37.69020462036133,144.58486938476562
1297,-37.69000244140625,144.58493041992188
1298,-37.689910888671875,144.58494567871094
1299,-37.6902961730957,144.58262634277344
1300,-37.69013214111328,144.58120727539062
1301,-37.69010925292969,144.58103942871094
1302,-37.68993377685547,144.57949829101562
1303,-37.689823150634766,144.57858276367188
1304,-37.690635681152344,144.57843017578125
1305,-37.69093322753906,144.5808868408203
1306,-37.6910400390625,144.581787109375
1307,-37.69087219238281,144.58090209960938
1308,-37.690185546875,144.58102416992188
1309,-37.690059661865234,144.5812225341797
1310,-37.689300537109375,144.5813751220703
1311,-37.68922805786133,144.58139038085938
1312,-37.68987274169922,144.5795135498047
1313,-37.68910217285156,144.57965087890625
1314,-37.689022064208984,144.5796661376953
1315,-37.689178466796875,144.5809783935547
1316,-37.6890869140625,144.58099365234375
1317,-37.68684005737305,144.58140563964844
1318,-37.68598556518555,144.581298828125
1319,-37.6859016418457,144.581298828125
1320,-37.69052505493164,144.57460021972656
1321,-37.690101623535156,144.57467651367188
1322,-37.68925857543945,144.57481384277344
1323,-37.688541412353516,144.574951171875
1324,-37.68845748901367,144.57496643066406
1325,-37.69035720825195,144.57286071777344
1326,-37.68906021118164,144.57308959960938
1327,-37.68925094604492,144.5747528076172
1328,-37.690006256103516,144.57382202148438
1329,-37.690093994140625,144.57460021972656
1330,-37.68918228149414,144.5720672607422
1331,-37.6890983581543,144.5713653564453
1332,-37.6890869140625,144.57125854492188
1333,-37.68974685668945,144.57113647460938
1334,-37.688114166259766,144.5714569091797
1335,-37.688594818115234,144.57611083984375
1336,-37.68851089477539,144.5761260986328
1337,-37.68748092651367,144.57632446289062
1338,-37.68659210205078,144.5764923095703
1339,-37.68637466430664,144.5765380859375
1340,-37.65671157836914,144.6004180908203
1341,-37.6566047668457,144.60043334960938
1342,-37.65546798706055,144.60064697265625
1343,-37.655635833740234,144.6015167236328
1344,-37.655731201171875,144.6024169921875
1345,-37.657222747802734,144.60215759277344
1346,-37.65711212158203,144.60122680664062
1347,-37.65583801269531,144.60935974121094
1348,-37.65739440917969,144.60906982421875
1349,-37.65768814086914,144.60906982421875
1350,-37.65800094604492,144.60914611816406
1351,-37.65823745727539,144.60923767089844
1352,-37.65843963623047,144.60943603515625
1353,-37.658573150634766,144.60958862304688
1354,-37.65875244140625,144.60987854003906
1355,-37.65884780883789,144.61000061035156
1356,-37.65898132324219,144.61009216308594
1357,-37.65924072265625,144.61012268066406
1358,-37.6597785949707,144.6102294921875
1359,-37.66017532348633,144.61024475097656
1360,-37.66059112548828,144.6102294921875
1361,-37.661476135253906,144.6099090576172
1362,-37.66165542602539,144.6097869873047
1363,-37.66179656982422,144.60963439941406
1364,-37.66190719604492,144.60943603515625
1365,-37.661964416503906,144.60919189453125
1366,-37.66195297241211,144.60789489746094
1367,-37.661903381347656,144.60658264160156
1368,-37.66182327270508,144.6061553955078
1369,-37.6613883972168,144.605224609375
1370,-37.66133499145508,144.60507202148438
1371,-37.66078567504883,144.6005096435547
1372,-37.66561508178711,144.6034393310547
1373,-37.66512680053711,144.60391235351562
1374,-37.66498565673828,144.60400390625
1375,-37.66482925415039,144.6040496826172
1376,-37.66432189941406,144.6038818359375
1377,-37.66410446166992,144.60366821289062
1378,-37.66397476196289,144.60337829589844
1379,-37.66388702392578,144.60301208496094
1380,-37.66356658935547,144.5999755859375
1381,-37.66480255126953,144.59974670410156
1382,-37.664825439453125,144.59991455078125
1383,-37.664852142333984,144.5999755859375
1384,-37.66490173339844,144.60000610351562
1385,-37.66495132446289,144.6000213623047
1386,-37.66731643676758,144.59954833984375
1387,-37.66737747192383,144.59951782226562
1388,-37.667415618896484,144.59947204589844
1389,-37.66743469238281,144.5994110107422
1390,-37.66745376586914,144.59930419921875
1391,-37.667457580566406,144.59925842285156
1392,-37.669864654541016,144.60519409179688
1393,-37.66973114013672,144.60400390625
1394,-37.66950607299805,144.60235595703125
1395,-37.66936111450195,144.60113525390625
1396,-37.66929244995117,144.60055541992188
1397,-37.6691780090332,144.59957885742188
1398,-37.67445755004883,144.60215759277344
1399,-37.674461364746094,144.60194396972656
1400,-37.6744270324707,144.601806640625
1401,-37.67436218261719,144.60171508789062
1402,-37.674232482910156,144.6015625
1403,-37.674072265625,144.60150146484375
1404,-37.67384719848633,144.60153198242188
1405,-37.67364501953125,144.60162353515625
1406,-37.673377990722656,144.6017608642578
1407,-37.67298126220703,144.6019287109375
1408,-37.67256546020508,144.60205078125
1409,-37.6718635559082,144.60205078125
1410,-37.671390533447266,144.60203552246094
1411,-37.67070007324219,144.60214233398438
1412,-37.66385269165039,144.6074981689453
1413,-37.66448974609375,144.6076202392578
1414,-37.66490173339844,144.60755920410156
1415,-37.6652717590332,144.60739135742188
1416,-37.6659049987793,144.60678100585938
1417,-37.66807174682617,144.6043701171875
1418,-37.669158935546875,144.60406494140625
1419,-37.65775680541992,144.59410095214844
1420,-37.65781784057617,144.5941619873047
1421,-37.65803527832031,144.59445190429688
1422,-37.65828323364258,144.59471130371094
1423,-37.6585807800293,144.5950164794922
1424,-37.65885925292969,144.59532165527344
1425,-37.65951919555664,144.5963134765625
1426,-37.65964126586914,144.5966033935547
1427,-37.668575286865234,144.5967559814453
1428,-37.66856384277344,144.59690856933594
1429,-37.668582916259766,144.59730529785156
1430,-37.66856002807617,144.597412109375
1431,-37.668373107910156,144.59776306152344
1432,-37.66828918457031,144.59783935546875
1433,-37.66819381713867,144.597900390625
1434,-37.668006896972656,144.59793090820312
1435,-37.6673698425293,144.59803771972656
1436,-37.6666374206543,144.5981903076172
1437,-37.666587829589844,144.59820556640625
1438,-37.65485382080078,144.5910186767578
1439,-37.65483856201172,144.5908660888672
1440,-37.654544830322266,144.58837890625
1441,-37.65453338623047,144.58827209472656
1442,-37.6538200378418,144.58839416503906
1443,-37.65602111816406,144.58798217773438
1444,-37.656768798828125,144.5878448486328
1445,-37.65750503540039,144.5876922607422
1446,-37.65781021118164,144.58763122558594
1447,-37.65791320800781,144.58763122558594
1448,-37.657981872558594,144.58766174316406
1449,-37.65804672241211,144.5876922607422
1450,-37.65849304199219,144.58822631835938
1451,-37.658546447753906,144.58828735351562
1452,-37.65860366821289,144.58831787109375
1453,-37.658653259277344,144.58831787109375
1454,-37.65898895263672,144.58827209472656
1455,-37.65907287597656,144.5882568359375
1456,-37.659114837646484,144.58827209472656
1457,-37.65913772583008,144.58828735351562
1458,-37.65916061401367,144.58834838867188
1459,-37.65917205810547,144.58843994140625
1460,-37.65937423706055,144.59019470214844
1461,-37.65938949584961,144.59036254882812
1462,-37.65968704223633,144.59036254882812
1463,-37.66011047363281,144.59043884277344
1464,-37.66017150878906,144.5904541015625
1465,-37.65639114379883,144.59288024902344
1466,-37.656410217285156,144.59280395507812
1467,-37.65651321411133,144.5924530029297
1468,-37.65651321411133,144.5922393798828
1469,-37.656036376953125,144.58810424804688
1470,-37.6582145690918,144.5917205810547
1471,-37.658172607421875,144.5916748046875
1472,-37.65803527832031,144.59149169921875
1473,-37.65800476074219,144.59144592285156
1474,-37.65797805786133,144.59140014648438
1475,-37.657958984375,144.5913543701172
1476,-37.65794372558594,144.59129333496094
1477,-37.657928466796875,144.5911865234375
1478,-37.65791702270508,144.59107971191406
1479,-37.65769958496094,144.58926391601562
1480,-37.65751647949219,144.58779907226562
1481,-37.658897399902344,144.5909423828125
1482,-37.65882110595703,144.59085083007812
1483,-37.65869140625,144.5906982421875
1484,-37.65864181518555,144.59059143066406
1485,-37.658382415771484,144.5885467529297
1486,-37.658416748046875,144.58836364746094
1487,-37.65842819213867,144.5883331298828
1488,-37.657875061035156,144.59132385253906
1489,-37.6575927734375,144.59144592285156
1490,-37.65743637084961,144.59149169921875
1491,-37.657379150390625,144.5915069580078
1492,-37.657310485839844,144.5915069580078
1493,-37.657264709472656,144.5915069580078
1494,-37.65790557861328,144.5920867919922
1495,-37.65794372558594,144.59214782714844
1496,-37.6585693359375,144.5929718017578
1497,-37.65864944458008,144.59307861328125
1498,-37.6602668762207,144.59002685546875
1499,-37.66001510620117,144.58798217773438
1500,-37.65995788574219,144.58750915527344
1501,-37.659942626953125,144.58738708496094
1502,-37.659915924072266,144.587158203125
1503,-37.65983581542969,144.5865020751953
1504,-37.659820556640625,144.58636474609375
1505,-37.65972900390625,144.58560180664062
1506,-37.65961837768555,144.58468627929688
1507,-37.659507751464844,144.58380126953125
1508,-37.65939712524414,144.5828857421875
1509,-37.659385681152344,144.58279418945312
1510,-37.65934371948242,144.58241271972656
1511,-37.6593132019043,144.58291625976562
1512,-37.6583366394043,144.58311462402344
1513,-37.658302307128906,144.58316040039062
1514,-37.65822982788086,144.5831298828125
1515,-37.65816879272461,144.5831298828125
1516,-37.65797805786133,144.58316040039062
1517,-37.658714294433594,144.58670043945312
1518,-37.65876770019531,144.58670043945312
1519,-37.65974807739258,144.58651733398438
1520,-37.65861129760742,144.58580017089844
1521,-37.65865707397461,144.58580017089844
1522,-37.659637451171875,144.5856170654297
1523,-37.65989685058594,144.5863494873047
1524,-37.66041946411133,144.58624267578125
1525,-37.66087341308594,144.58604431152344
1526,-37.66100311279297,144.5859832763672
1527,-37.67274475097656,144.5876922607422
1528,-37.6728401184082,144.58770751953125
1529,-37.6735725402832,144.5878143310547
1530,-37.67373275756836,144.58782958984375
1531,-37.67389678955078,144.58792114257812
1532,-37.67399978637695,144.5880126953125
1533,-37.67408752441406,144.58815002441406
1534,-37.6741943359375,144.5884246826172
1535,-37.674232482910156,144.58859252929688
1536,-37.674259185791016,144.5886993408203
1537,-37.67428207397461,144.5890350341797
1538,-37.674278259277344,144.58937072753906
1539,-37.674232482910156,144.58963012695312
1540,-37.674049377441406,144.5900115966797
1541,-37.67402267456055,144.59011840820312
1542,-37.6739616394043,144.5903778076172
1543,-37.673954010009766,144.59054565429688
1544,-37.67397689819336,144.5907440185547
1545,-37.67404556274414,144.59120178222656
1546,-37.674034118652344,144.59129333496094
1547,-37.67399597167969,144.59133911132812
1548,-37.673309326171875,144.5914764404297
1549,-37.67299270629883,144.5917205810547
1550,-37.67274856567383,144.59194946289062
1551,-37.67269515991211,144.59201049804688
1552,-37.672359466552734,144.5923309326172
1553,-37.672210693359375,144.59243774414062
1554,-37.671974182128906,144.592529296875
1555,-37.67190170288086,144.59255981445312
1556,-37.671295166015625,144.59075927734375
1557,-37.67133331298828,144.59085083007812
1558,-37.67148971557617,144.5912322998047
1559,-37.671688079833984,144.59170532226562
1560,-37.67179489135742,144.59210205078125
1561,-37.672035217285156,144.59312438964844
1562,-37.67204284667969,144.5931854248047
1563,-37.67204666137695,144.5932159423828
1564,-37.67203903198242,144.59326171875
1565,-37.672027587890625,144.59332275390625
1566,-37.67200469970703,144.59336853027344
1567,-37.67197799682617,144.59339904785156
1568,-37.67194366455078,144.5934295654297
1569,-37.671669006347656,144.5936737060547
1570,-37.6715087890625,144.5938262939453
1571,-37.6710205078125,144.59429931640625
1572,-37.67091751098633,144.5943145751953
1573,-37.67082595825195,144.59429931640625
1574,-37.67073059082031,144.59417724609375
1575,-37.67062759399414,144.59388732910156
1576,-37.670310974121094,144.5930633544922
1577,-37.67021560668945,144.59283447265625
1578,-37.67015838623047,144.5927276611328
1579,-37.670047760009766,144.59263610839844
1580,-37.6699104309082,144.5925750732422
1581,-37.6697998046875,144.5924530029297
1582,-37.66973114013672,144.59231567382812
1583,-37.6696662902832,144.591552734375
1584,-37.669715881347656,144.59121704101562
1585,-37.66986846923828,144.59080505371094
1586,-37.669918060302734,144.59068298339844
1587,-37.68104934692383,144.57763671875
1588,-37.68103790283203,144.57777404785156
1589,-37.68101119995117,144.57814025878906
1590,-37.68100357055664,144.57827758789062
1591,-37.680973052978516,144.5786590576172
1592,-37.68090057373047,144.57962036132812
1593,-37.68086624145508,144.58004760742188
1594,-37.68085861206055,144.58018493652344
1595,-37.68081283569336,144.5806884765625
1596,-37.680747985839844,144.58160400390625
1597,-37.68073654174805,144.58177185058594
1598,-37.68065643310547,144.582763671875
1599,-37.68064880371094,144.58285522460938
1600,-37.68090057373047,144.57864379882812
1601,-37.6805305480957,144.57862854003906
1602,-37.680110931396484,144.57872009277344
1603,-37.67938995361328,144.57867431640625
1604,-37.680824279785156,144.5796356201172
1605,-37.67879867553711,144.58001708984375
1606,-37.678741455078125,144.5800323486328
1607,-37.6806640625,144.581787109375
1608,-37.678985595703125,144.58209228515625
1609,-37.6783447265625,144.58221435546875
1610,-37.678863525390625,144.58106994628906
1611,-37.678924560546875,144.5810546875
1612,-37.680747985839844,144.58070373535156
1613,-37.680999755859375,144.58018493652344
1614,-37.68104553222656,144.58018493652344
1615,-37.68116760253906,144.58021545410156
1616,-37.681304931640625,144.5802764892578
1617,-37.681541442871094,144.5803985595703
1618,-37.68183898925781,144.58041381835938
1619,-37.678977966308594,144.58204650878906
1620,-37.67877960205078,144.58038330078125
1621,-37.67869186401367,144.57962036132812
1622,-37.67857360839844,144.57867431640625
1623,-37.678550720214844,144.57861328125
1624,-37.67851638793945,144.57858276367188
1625,-37.67847442626953,144.57858276367188
1626,-37.67787170410156,144.57870483398438
1627,-37.678714752197266,144.5803985595703
1628,-37.67802047729492,144.58053588867188
1629,-37.67796325683594,144.58055114746094
1630,-37.68251037597656,144.5830535888672
1631,-37.68250274658203,144.58319091796875
1632,-37.68233108520508,144.58555603027344
1633,-37.68231964111328,144.58570861816406
1634,-37.68283462524414,144.57286071777344
1635,-37.68254852294922,144.5764923095703
1636,-37.681758880615234,144.57640075683594
1637,-37.682003021240234,144.57333374023438
1638,-37.68110275268555,144.5734405517578
1639,-37.680442810058594,144.57337951660156
1640,-37.680145263671875,144.57333374023438
1641,-37.67927169799805,144.573486328125
1642,-37.680938720703125,144.5754852294922
1643,-37.67975997924805,144.57533264160156
1644,-37.67951583862305,144.5753173828125
1645,-37.679420471191406,144.57528686523438
1646,-37.679317474365234,144.57528686523438
1647,-37.67897415161133,144.57525634765625
1648,-37.67866516113281,144.5753173828125
1649,-37.67784118652344,144.57546997070312
1650,-37.67667007446289,144.57569885253906
1651,-37.676300048828125,144.5757598876953
1652,-37.67620849609375,144.57571411132812
1653,-37.676116943359375,144.57579040527344
1654,-37.675392150878906,144.57594299316406
1655,-37.67463302612305,144.57608032226562
1656,-37.67456817626953,144.5760955810547
1657,-37.674503326416016,144.57611083984375
1658,-37.673805236816406,144.5762481689453
1659,-37.67372131347656,144.57626342773438
1660,-37.67355728149414,144.5762939453125
1661,-37.673095703125,144.57110595703125
1662,-37.673187255859375,144.5710906982422
1663,-37.673946380615234,144.57095336914062
1664,-37.67477798461914,144.57080078125
1665,-37.675228118896484,144.57073974609375
1666,-37.67583465576172,144.57098388671875
1667,-37.67598342895508,144.57107543945312
1668,-37.676143646240234,144.5710906982422
1669,-37.67646408081055,144.57101440429688
1670,-37.67689514160156,144.5709228515625
1671,-37.67728805541992,144.57086181640625
1672,-37.677547454833984,144.57080078125
1673,-37.6776123046875,144.57080078125
1674,-37.677669525146484,144.57080078125
1675,-37.677879333496094,144.5709228515625
1676,-37.67837905883789,144.57127380371094
1677,-37.67921447753906,144.57177734375
1678,-37.6799201965332,144.5721893310547
1679,-37.679935455322266,144.5723876953125
1680,-37.67835998535156,144.57131958007812
1681,-37.67824935913086,144.5716094970703
1682,-37.6782341003418,144.5718231201172
1683,-37.67865753173828,144.5752410888672
1684,-37.677833557128906,144.5753936767578
1685,-37.677303314208984,144.5709686279297
1686,-37.67581558227539,144.57106018066406
1687,-37.67569351196289,144.57154846191406
1688,-37.67582702636719,144.5727081298828
1689,-37.67606735229492,144.5745849609375
1690,-37.67620086669922,144.57566833496094
1691,-37.67538070678711,144.57586669921875
1692,-37.67506408691406,144.57318115234375
1693,-37.675025939941406,144.5728759765625
1694,-37.6747932434082,144.57090759277344
1695,-37.674556732177734,144.57601928710938
1696,-37.67423629760742,144.57334899902344
1697,-37.6741943359375,144.572998046875
1698,-37.6739616394043,144.57106018066406
1699,-37.6733512878418,144.5731658935547
1700,-37.67342758178711,144.57315063476562
1701,-37.67412567138672,144.57301330566406
1702,-37.674293518066406,144.57333374023438
1703,-37.674991607666016,144.5731964111328
1704,-37.675079345703125,144.5728759765625
1705,-37.675777435302734,144.57272338867188
1706,-37.67975997924805,144.575439453125
1707,-37.67974853515625,144.57640075683594
1708,-37.679744720458984,144.5764617919922
1709,-37.679744720458984,144.57656860351562
1710,-37.67973327636719,144.57740783691406
1711,-37.67972946166992,144.57749938964844
1712,-37.67966079711914,144.5764617919922
1713,-37.678871154785156,144.57635498046875
1714,-37.678775787353516,144.5763702392578
1715,-37.67711639404297,144.57669067382812
1716,-37.66807174682617,144.58026123046875
1717,-37.669857025146484,144.5799102783203
1718,-37.670467376708984,144.5797882080078
1719,-37.67067337036133,144.57968139648438
1720,-37.67089080810547,144.57962036132812
1721,-37.67113494873047,144.57960510253906
1722,-37.67135238647461,144.5796356201172
1723,-37.6722526550293,144.5794677734375
1724,-37.6738166809082,144.57919311523438
1725,-37.673946380615234,144.57916259765625
1726,-37.66883850097656,144.5790557861328
1727,-37.669281005859375,144.5789794921875
1728,-37.6694450378418,144.57901000976562
1729,-37.669593811035156,144.57908630371094
1730,-37.669700622558594,144.5791778564453
1731,-37.669761657714844,144.57928466796875
1732,-37.6698112487793,144.57943725585938
1733,-37.69473648071289,144.56622314453125
1734,-37.694766998291016,144.56622314453125
1735,-37.69490432739258,144.56619262695312
1736,-37.694950103759766,144.5662078857422
1737,-37.694984436035156,144.5662078857422
1738,-37.69511795043945,144.5662384033203
1739,-37.70468521118164,144.56451416015625
1740,-37.704673767089844,144.5645751953125
1741,-37.70466232299805,144.56463623046875
1742,-37.704620361328125,144.56475830078125
1743,-37.70431900024414,144.56521606445312
1744,-37.704017639160156,144.5658721923828
1745,-37.703819274902344,144.56643676757812
1746,-37.703678131103516,144.56695556640625
1747,-37.703514099121094,144.56764221191406
1748,-37.70348358154297,144.56781005859375
1749,-37.70346450805664,144.5679931640625
1750,-37.70347213745117,144.56814575195312
1751,-37.70350646972656,144.5684356689453
1752,-37.70357131958008,144.5689239501953
1753,-37.7036247253418,144.56932067871094
1754,-37.70363235473633,144.56939697265625
1755,-37.703739166259766,144.57025146484375
1756,-37.703765869140625,144.57049560546875
1757,-37.703826904296875,144.5709991455078
1758,-37.70386505126953,144.57130432128906
1759,-37.70388412475586,144.57144165039062
1760,-37.70397186279297,144.57217407226562
1761,-37.70552062988281,144.5745086669922
1762,-37.705509185791016,144.57443237304688
1763,-37.705448150634766,144.5740203857422
1764,-37.7051887512207,144.5734100341797
1765,-37.705074310302734,144.5731658935547
1766,-37.704795837402344,144.57090759277344
1767,-37.704830169677734,144.57081604003906
1768,-37.68438720703125,144.568115234375
1769,-37.68425369262695,144.56814575195312
1770,-37.6791877746582,144.57183837890625
1771,-37.67910385131836,144.57203674316406
1772,-37.679378509521484,144.57435607910156
1773,-37.6794319152832,144.5748291015625
1774,-37.679420471191406,144.57522583007812
1775,-37.67668151855469,144.57582092285156
1776,-37.67678451538086,144.57667541503906
1777,-37.676788330078125,144.57672119140625
1778,-37.67680358886719,144.57684326171875
1779,-37.67690658569336,144.5777130126953
1780,-37.676918029785156,144.57778930664062
1781,-37.677608489990234,144.57765197753906
1782,-37.6776237487793,144.5778045654297
1783,-37.67771530151367,144.57859802246094
1784,-37.677711486816406,144.5786590576172
1785,-37.67770767211914,144.57872009277344
1786,-37.677738189697266,144.57882690429688
1787,-37.67775344848633,144.57887268066406
1788,-37.67815017700195,144.58213806152344
1789,-37.67813491821289,144.58221435546875
1790,-37.67811965942383,144.582275390625
1791,-37.67816162109375,144.5823516845703
1792,-37.67818069458008,144.58238220214844
1793,-37.67827606201172,144.58323669433594
1794,-37.67828369140625,144.5832977294922
1795,-37.677154541015625,144.58352661132812
1796,-37.67716979980469,144.5836639404297
1797,-37.67769241333008,144.5879669189453
1798,-37.67770004272461,144.58804321289062
1799,-37.678794860839844,144.5832061767578
1800,-37.678810119628906,144.58334350585938
1801,-37.679283142089844,144.58766174316406
1802,-37.679290771484375,144.58770751953125
1803,-37.674537658691406,144.58432006835938
1804,-37.674556732177734,144.58447265625
1805,-37.67462921142578,144.58509826660156
1806,-37.67464828491211,144.5852508544922
1807,-37.674644470214844,144.5853729248047
1808,-37.674808502197266,144.5856170654297
1809,-37.67482376098633,144.58558654785156
1810,-37.674835205078125,144.5855712890625
1811,-37.67485427856445,144.5855255126953
1812,-37.67485809326172,144.58547973632812
1813,-37.67484664916992,144.58541870117188
1814,-37.67482376098633,144.5853729248047
1815,-37.67478942871094,144.58534240722656
1816,-37.67475128173828,144.5853271484375
1817,-37.674713134765625,144.5853271484375
1818,-37.67467498779297,144.58534240722656
1819,-37.674625396728516,144.58541870117188
1820,-37.67461395263672,144.58544921875
1821,-37.67461013793945,144.5854949951172
1822,-37.674617767333984,144.58554077148438
1823,-37.67462921142578,144.5855712890625
1824,-37.67464828491211,144.58560180664062
1825,-37.67467498779297,144.58563232421875
1826,-37.674686431884766,144.58563232421875
1827,-37.67477035522461,144.58563232421875
1828,-37.6748161315918,144.58578491210938
1829,-37.67486572265625,144.5859375
1830,-37.674888610839844,144.5860137939453
1831,-37.67491912841797,144.5861358642578
1832,-37.6747932434082,144.583984375
1833,-37.67549514770508,144.58384704589844
1834,-37.67631912231445,144.58367919921875
1835,-37.676658630371094,144.5836181640625
1836,-37.67797088623047,144.58335876464844
1837,-37.68055725097656,144.58287048339844
1838,-37.68077850341797,144.58285522460938
1839,-37.68083572387695,144.58285522460938
1840,-37.68171310424805,144.58294677734375
1841,-37.681766510009766,144.5829620361328
1842,-37.67478942871094,144.58514404296875
1843,-37.674774169921875,144.5849609375
1844,-37.67473220825195,144.58462524414062
1845,-37.67469787597656,144.58444213867188
1846,-37.67467498779297,144.5843048095703
1847,-37.6599006652832,144.60069274902344
1848,-37.6599006652832,144.6007080078125
1849,-37.659915924072266,144.6007537841797
1850,-37.659934997558594,144.6007843017578
1851,-37.65995788574219,144.60081481933594
1852,-37.65998840332031,144.600830078125
1853,-37.66001892089844,144.60084533691406
1854,-37.66005325317383,144.60084533691406
1855,-37.660091400146484,144.600830078125
1856,-37.660118103027344,144.60081481933594
1857,-37.6601448059082,144.60079956054688
1858,-37.6601676940918,144.6007537841797
1859,-37.66018295288086,144.6007080078125
1860,-37.660186767578125,144.6006622314453
1861,-37.660179138183594,144.6005859375
1862,-37.660160064697266,144.6005401611328
1863,-37.66013717651367,144.6005096435547
1864,-37.66011047363281,144.60049438476562
1865,-37.66008377075195,144.60047912597656
1866,-37.66004943847656,144.60047912597656
1867,-37.660003662109375,144.60047912597656
1868,-37.65996170043945,144.6005096435547
1869,-37.65993118286133,144.6005401611328
1870,-37.65990447998047,144.6005859375
1871,-37.65989685058594,144.6006317138672
1872,-37.65989685058594,144.60064697265625
1873,-37.65989685058594,144.6006622314453
1874,-37.659244537353516,144.600830078125
1875,-37.65803146362305,144.60105895996094
1876,-37.65681838989258,144.60128784179688
1877,-37.66255569458008,144.59359741210938
1878,-37.66184997558594,144.59359741210938
1879,-37.661556243896484,144.59365844726562
1880,-37.66257858276367,144.5944366455078
1881,-37.661651611328125,144.594482421875
1882,-37.66248321533203,144.5959014892578
1883,-37.662269592285156,144.5955047607422
1884,-37.66220474243164,144.59544372558594
1885,-37.66213607788086,144.59544372558594
1886,-37.66177749633789,144.5955352783203
1887,-37.66236877441406,144.5988311767578
1888,-37.66222381591797,144.5990753173828
1889,-37.66518020629883,144.59739685058594
1890,-37.665618896484375,144.5975799560547
1891,-37.66490936279297,144.5978240966797
1892,-37.6645393371582,144.59767150878906
1893,-37.664329528808594,144.59764099121094
1894,-37.667362213134766,144.5979766845703
1895,-37.667236328125,144.59689331054688
1896,-37.68427658081055,144.60464477539062
1897,-37.68416213989258,144.60438537597656
1898,-37.683876037597656,144.60382080078125
1899,-37.683692932128906,144.60350036621094
1900,-37.68307113647461,144.60260009765625
1901,-37.698978424072266,144.6033172607422
1902,-37.70069885253906,144.60301208496094
1903,-37.70078659057617,144.60299682617188
1904,-37.702789306640625,144.6026153564453
1905,-37.7047233581543,144.60227966308594
1906,-37.69580841064453,144.6038055419922
1907,-37.69511032104492,144.60394287109375
1908,-37.7062873840332,144.60174560546875
1909,-37.70627212524414,144.6017303466797
1910,-37.706233978271484,144.60171508789062
1911,-37.706180572509766,144.6017303466797
1912,-37.70613098144531,144.6017608642578
1913,-37.70611572265625,144.6017608642578
1914,-37.70610427856445,144.60177612304688
1915,-37.7060661315918,144.60186767578125
1916,-37.70606231689453,144.6019287109375
1917,-37.70607376098633,144.6020050048828
1918,-37.70610809326172,144.60206604003906
1919,-37.70615005493164,144.6020965576172
1920,-37.70616149902344,144.60211181640625
1921,-37.70620346069336,144.60211181640625
1922,-37.70625686645508,144.60211181640625
1923,-37.706321716308594,144.60206604003906
1924,-37.706356048583984,144.60202026367188
1925,-37.70635986328125,144.6020050048828
1926,-37.70637512207031,144.60195922851562
1927,-37.70637512207031,144.6018829345703
1928,-37.706356048583984,144.60182189941406
1929,-37.706336975097656,144.60179138183594
1930,-37.70625686645508,144.6016387939453
1931,-37.70623779296875,144.60154724121094
1932,-37.70622253417969,144.6013946533203
1933,-37.70610046386719,144.60032653808594
1934,-37.704673767089844,144.58766174316406
1935,-37.704612731933594,144.58717346191406
1936,-37.70431900024414,144.5845489501953
1937,-37.704254150390625,144.58404541015625
1938,-37.70418167114258,144.58355712890625
1939,-37.70409393310547,144.58306884765625
1940,-37.70383071899414,144.5815887451172
1941,-37.7037467956543,144.5811309814453
1942,-37.70366668701172,144.5806427001953
1943,-37.703590393066406,144.58009338378906
1944,-37.70350646972656,144.57945251464844
1945,-37.70343780517578,144.57888793945312
1946,-37.70602798461914,144.59963989257812
1947,-37.706024169921875,144.60032653808594
1948,-37.70604705810547,144.6007843017578
1949,-37.70606994628906,144.6011505126953
1950,-37.70610046386719,144.60140991210938
1951,-37.70549011230469,144.5948028564453
1952,-37.70525360107422,144.5948486328125
1953,-37.70172119140625,144.59552001953125
1954,-37.70299530029297,144.574951171875
1955,-37.702972412109375,144.57496643066406
1956,-37.70295333862305,144.57496643066406
1957,-37.702945709228516,144.57498168945312
1958,-37.702938079833984,144.57498168945312
1959,-37.70292282104492,144.57501220703125
1960,-37.70291519165039,144.57504272460938
1961,-37.702919006347656,144.57508850097656
1962,-37.70293045043945,144.5751190185547
1963,-37.70294952392578,144.57513427734375
1964,-37.702964782714844,144.5751495361328
1965,-37.702980041503906,144.5751495361328
1966,-37.702999114990234,144.5751495361328
1967,-37.70301818847656,144.5751495361328
1968,-37.70303726196289,144.57513427734375
1969,-37.70305252075195,144.5751190185547
1970,-37.703060150146484,144.5751190185547
1971,-37.70307159423828,144.57508850097656
1972,-37.70307540893555,144.57505798339844
1973,-37.70307159423828,144.5750274658203
1974,-37.703060150146484,144.5749969482422
1975,-37.70304489135742,144.57498168945312
1976,-37.703033447265625,144.57496643066406
1977,-37.70301818847656,144.574951171875
1978,-37.7031364440918,144.5750732421875
1979,-37.703224182128906,144.5750274658203
1980,-37.69207763671875,144.56663513183594
1981,-37.6909065246582,144.56686401367188
1982,-37.690616607666016,144.56690979003906
1983,-37.688385009765625,144.5673370361328
1984,-37.68831253051758,144.56735229492188
1985,-37.68985366821289,144.5670623779297
1986,-37.69522476196289,144.5662078857422
1987,-37.69532012939453,144.56617736816406
1988,-37.69534683227539,144.566162109375
1989,-37.69538879394531,144.56614685058594
1990,-37.695457458496094,144.56613159179688
1991,-37.693851470947266,144.57681274414062
1992,-37.69386672973633,144.5769500732422
1993,-37.69390869140625,144.57733154296875
1994,-37.693912506103516,144.5775604248047
1995,-37.693904876708984,144.57778930664062
1996,-37.69391632080078,144.5781707763672
1997,-37.69394302368164,144.57833862304688
1998,-37.69404602050781,144.57875061035156
1999,-37.69409942626953,144.5789794921875
2000,-37.694156646728516,144.5793914794922
2001,-37.693016052246094,144.57749938964844
2002,-37.69306564331055,144.577880859375
2003,-37.693077087402344,144.57815551757812
2004,-37.6931037902832,144.57861328125
2005,-37.6932258605957,144.5795135498047
2006,-37.693267822265625,144.57958984375
2007,-37.69334030151367,144.5796356201172
2008,-37.69350814819336,144.57962036132812
2009,-37.69370651245117,144.57960510253906
2010,-37.6939811706543,144.57949829101562
2011,-37.694053649902344,144.57948303222656
2012,-37.69510269165039,144.5792999267578
2013,-37.69511795043945,144.57943725585938
2014,-37.695228576660156,144.58035278320312
2015,-37.695343017578125,144.58128356933594
2016,-37.69535446166992,144.5813751220703
2017,-37.69419479370117,144.57943725585938
2018,-37.694297790527344,144.57945251464844
2019,-37.694400787353516,144.5794219970703
2020,-37.69452667236328,144.57940673828125
2021,-37.69493103027344,144.57933044433594
2022,-37.696285247802734,144.57907104492188
2023,-37.696651458740234,144.57899475097656
2024,-37.697540283203125,144.57884216308594
2025,-37.697998046875,144.57875061035156
2026,-37.698699951171875,144.57862854003906
2027,-37.69924545288086,144.57852172851562
2028,-37.69932174682617,144.57850646972656
2029,-37.69778823852539,144.58091735839844
2030,-37.697662353515625,144.57989501953125
2031,-37.69755554199219,144.57896423339844
2032,-37.69761276245117,144.5799102783203
2033,-37.69527816772461,144.58035278320312
2034,-37.673831939697266,144.58567810058594
2035,-37.673736572265625,144.58570861816406
2036,-37.67341232299805,144.5858612060547
2037,-37.67319869995117,144.5860595703125
2038,-37.673160552978516,144.5861053466797
2039,-37.67303466796875,144.58628845214844
2040,-37.723243713378906,144.5728759765625
2041,-37.7232551574707,144.5728759765625
2042,-37.723365783691406,144.57286071777344
2043,-37.723487854003906,144.5728302001953
2044,-37.723514556884766,144.5728302001953
2045,-37.725948333740234,144.5726776123047
2046,-37.726070404052734,144.57272338867188
2047,-37.726158142089844,144.57275390625
2048,-37.72621154785156,144.57278442382812
2049,-37.72650909423828,144.57293701171875
2050,-37.72672653198242,144.57308959960938
2051,-37.70964813232422,144.54751586914062
2052,-37.7095947265625,144.5474395751953
2053,-37.70936965942383,144.54713439941406
2054,-37.70927429199219,144.54690551757812
2055,-37.70914840698242,144.54661560058594
2056,-37.70906448364258,144.5463409423828
2057,-37.709007263183594,144.5460205078125
2058,-37.70899200439453,144.5459747314453
2059,-37.7089729309082,144.54595947265625
2060,-37.708953857421875,144.5459442138672
2061,-37.70893096923828,144.5459442138672
2062,-37.708885192871094,144.5459442138672
2063,-37.70882797241211,144.54595947265625
2064,-37.708335876464844,144.54605102539062
2065,-37.664920806884766,144.59828186035156
2066,-37.66514587402344,144.598388671875
2067,-37.665313720703125,144.59840393066406
2068,-37.66571807861328,144.598388671875
2069,-37.67398452758789,144.58676147460938
2070,-37.67359161376953,144.5869140625
2071,-37.673919677734375,144.58787536621094
2072,-37.67402267456055,144.58766174316406
2073,-37.6740837097168,144.58743286132812
2074,-37.674095153808594,144.58729553222656
2075,-37.67408752441406,144.58717346191406
2076,-37.67403030395508,144.58633422851562
2077,-37.67087173461914,144.5525665283203
2078,-37.67090606689453,144.55255126953125
2079,-37.67094039916992,144.55255126953125
2080,-37.67060852050781,144.55543518066406
2081,-37.6705322265625,144.55538940429688
2082,-37.670345306396484,144.55528259277344
2083,-37.670082092285156,144.55523681640625
2084,-37.66981887817383,144.5552520751953
2085,-37.66939926147461,144.55532836914062
2086,-37.66922378540039,144.55535888671875
2087,-37.668983459472656,144.55548095703125
2088,-37.6688117980957,144.55563354492188
2089,-37.66867446899414,144.55581665039062
2090,-37.66863250732422,144.55589294433594
2091,-37.66855239868164,144.5561065673828
2092,-37.66851043701172,144.5563201904297
2093,-37.66852569580078,144.556640625
2094,-37.66856002807617,144.5569610595703
2095,-37.66861343383789,144.55740356445312
2096,-37.66862869262695,144.55752563476562
2097,-37.66864013671875,144.5576171875
2098,-37.66865158081055,144.55772399902344
2099,-37.66866683959961,144.55784606933594
2100,-37.66867446899414,144.55795288085938
2101,-37.668697357177734,144.5581512451172
2102,-37.65865707397461,144.56597900390625
2103,-37.65866470336914,144.56593322753906
2104,-37.658668518066406,144.56590270996094
2105,-37.65865707397461,144.5658721923828
2106,-37.65864562988281,144.5658416748047
2107,-37.65863800048828,144.5658416748047
2108,-37.65861129760742,144.56581115722656
2109,-37.6585807800293,144.56581115722656
2110,-37.65855026245117,144.56581115722656
2111,-37.65852355957031,144.56582641601562
2112,-37.65850067138672,144.56585693359375
2113,-37.65848922729492,144.56590270996094
2114,-37.65848922729492,144.56593322753906
2115,-37.65850067138672,144.56597900390625
2116,-37.65851974487305,144.56600952148438
2117,-37.658538818359375,144.56602478027344
2118,-37.65856170654297,144.56602478027344
2119,-37.65858840942383,144.56602478027344
2120,-37.65861511230469,144.56602478027344
2121,-37.658634185791016,144.56600952148438
2122,-37.712791442871094,144.5628204345703
2123,-37.71280288696289,144.56292724609375
2124,-37.71290588378906,144.5639190673828
2125,-37.71296691894531,144.5643310546875
2126,-37.71297836303711,144.56460571289062
2127,-37.712955474853516,144.5648956298828
2128,-37.712894439697266,144.5652313232422
2129,-37.7127685546875,144.56553649902344
2130,-37.71174621582031,144.5673370361328
2131,-37.70140075683594,144.56930541992188
2132,-37.70140838623047,144.56936645507812
2133,-37.701576232910156,144.5708770751953
2134,-37.701629638671875,144.57138061523438
2135,-37.70164108276367,144.5716094970703
2136,-37.70156478881836,144.5717010498047
2137,-37.70143508911133,144.57177734375
2138,-37.701351165771484,144.5718994140625
2139,-37.70134735107422,144.57205200195312
2140,-37.70140838623047,144.5725555419922
2141,-37.70148468017578,144.57321166992188
2142,-37.70148849487305,144.57330322265625
2143,-37.701473236083984,144.5733642578125
2144,-37.70143127441406,144.57339477539062
2145,-37.701385498046875,144.5734100341797
2146,-37.701148986816406,144.57345581054688
2147,-37.70075988769531,144.5735321044922
2148,-37.70069122314453,144.57354736328125
2149,-37.69969940185547,144.56515502929688
2150,-37.69971466064453,144.56533813476562
2151,-37.69972610473633,144.5654296875
2152,-37.69984436035156,144.56642150878906
2153,-37.69996643066406,144.5674591064453
2154,-37.70008850097656,144.5684814453125
2155,-37.700218200683594,144.56951904296875
2156,-37.698631286621094,144.54705810546875
2157,-37.698699951171875,144.5470428466797
2158,-37.69883346557617,144.54696655273438
2159,-37.69284439086914,144.5504608154297
2160,-37.692771911621094,144.55038452148438
2161,-37.69268798828125,144.55029296875
2162,-37.69258117675781,144.5501251220703
2163,-37.6925163269043,144.5499267578125
2164,-37.6923713684082,144.5487518310547
2165,-37.692344665527344,144.54855346679688
2166,-37.69954299926758,144.5463409423828
2167,-37.69908905029297,144.5425567626953
2168,-37.69994354248047,144.5498504638672
2169,-37.699893951416016,144.54942321777344
2170,-37.69979476928711,144.54856872558594
2171,-37.69977951049805,144.54844665527344
2172,-37.69964599609375,144.54730224609375
2173,-37.69863510131836,144.54702758789062
2174,-37.69863510131836,144.5469970703125
2175,-37.69862747192383,144.54698181152344
2176,-37.698612213134766,144.5469512939453
2177,-37.69860076904297,144.5469512939453
2178,-37.69858169555664,144.54693603515625
2179,-37.69856262207031,144.54693603515625
2180,-37.698543548583984,144.54693603515625
2181,-37.698524475097656,144.5469512939453
2182,-37.698516845703125,144.54696655273438
2183,-37.698509216308594,144.54698181152344
2184,-37.69850158691406,144.54701232910156
2185,-37.69850540161133,144.5470428466797
2186,-37.69851303100586,144.5470733642578
2187,-37.69852828979492,144.54708862304688
2188,-37.69853591918945,144.54708862304688
2189,-37.69855499267578,144.54710388183594
2190,-37.69857406616211,144.54710388183594
2191,-37.69859313964844,144.54710388183594
2192,-37.6986083984375,144.54708862304688
2193,-37.69862365722656,144.5470733642578
2194,-37.70259094238281,144.5462188720703
2195,-37.702701568603516,144.5461883544922
2196,-37.702911376953125,144.54615783691406
2197,-37.7032470703125,144.54608154296875
2198,-37.704593658447266,144.5458221435547
2199,-37.706138610839844,144.54551696777344
2200,-37.70814895629883,144.54515075683594
2201,-37.70961380004883,144.5448760986328
2202,-37.71194076538086,144.54443359375
2203,-37.69218826293945,144.54811096191406
2204,-37.69218444824219,144.54815673828125
2205,-37.69219970703125,144.5482177734375
2206,-37.692230224609375,144.5482635498047
2207,-37.6922492980957,144.54827880859375
2208,-37.692283630371094,144.5482940673828
2209,-37.69232177734375,144.5482940673828
2210,-37.69235610961914,144.54827880859375
2211,-37.692386627197266,144.54824829101562
2212,-37.69240188598633,144.54823303222656
2213,-37.692420959472656,144.54818725585938
2214,-37.69242477416992,144.5481414794922
2215,-37.69241714477539,144.54808044433594
2216,-37.6923942565918,144.54803466796875
2217,-37.692378997802734,144.5480194091797
2218,-37.69234085083008,144.54798889160156
2219,-37.692298889160156,144.54798889160156
2220,-37.692256927490234,144.54800415039062
2221,-37.692222595214844,144.54803466796875
2222,-37.700767517089844,144.5754852294922
2223,-37.699867248535156,144.5756378173828
2224,-37.699344635009766,144.57574462890625
2225,-37.69898986816406,144.5758056640625
2226,-37.698272705078125,144.57594299316406
2227,-37.69633483886719,144.57632446289062
2228,-37.69596481323242,144.57638549804688
2229,-37.684391021728516,144.5680389404297
2230,-37.684410095214844,144.56765747070312
2231,-37.684471130371094,144.566650390625
2232,-37.684478759765625,144.56655883789062
2233,-37.685489654541016,144.5496826171875
2234,-37.68548583984375,144.54981994628906
2235,-37.68550491333008,144.54995727539062
2236,-37.68547058105469,144.55023193359375
2237,-37.68545913696289,144.5504913330078
2238,-37.685455322265625,144.55062866210938
2239,-37.685585021972656,144.5502471923828
2240,-37.68559646606445,144.55007934570312
2241,-37.685604095458984,144.54995727539062
2242,-37.68562316894531,144.5498504638672
2243,-37.685665130615234,144.54971313476562
2244,-37.687129974365234,144.5583038330078
2245,-37.687042236328125,144.5583038330078
2246,-37.68696975708008,144.55828857421875
2247,-37.68682098388672,144.5582733154297
2248,-37.68666458129883,144.5582733154297
2249,-37.6865234375,144.55825805664062
2250,-37.68649673461914,144.55825805664062
2251,-37.6834831237793,144.580078125
2252,-37.683624267578125,144.5800323486328
2253,-37.68364715576172,144.57977294921875
2254,-37.68366622924805,144.5795135498047
2255,-37.68369674682617,144.57911682128906
2256,-37.68373107910156,144.57870483398438
2257,-37.68364715576172,144.5785675048828
2258,-37.68359375,144.5784912109375
2259,-37.68581008911133,144.55909729003906
2260,-37.68582534790039,144.55897521972656
2261,-37.68583297729492,144.5589141845703
2262,-37.68587112426758,144.55821228027344
2263,-37.68574142456055,144.55819702148438
2264,-37.68569564819336,144.55889892578125
2265,-37.687530517578125,144.55929565429688
2266,-37.68758773803711,144.5592041015625
2267,-37.68814468383789,144.55868530273438
2268,-37.64952087402344,144.61953735351562
2269,-37.64967346191406,144.61956787109375
2270,-37.64972686767578,144.61973571777344
2271,-37.649776458740234,144.62017822265625
2272,-37.649810791015625,144.62030029296875
2273,-37.649879455566406,144.62039184570312
2274,-37.64995574951172,144.62039184570312
2275,-37.65272521972656,144.61993408203125
2276,-37.65480422973633,144.61959838867188
2277,-37.65680694580078,144.6192626953125
2278,-37.659732818603516,144.6187744140625
2279,-37.66361618041992,144.61807250976562
2280,-37.664588928222656,144.617919921875
2281,-37.6662712097168,144.61764526367188
2282,-37.67685317993164,144.61581420898438
2283,-37.67796325683594,144.6156463623047
2284,-37.68208312988281,144.6149444580078
2285,-37.691917419433594,144.5482635498047
2286,-37.68864822387695,144.54901123046875
2287,-37.68834686279297,144.54905700683594
2288,-37.68805694580078,144.54910278320312
2289,-37.687557220458984,144.5491943359375
2290,-37.68704605102539,144.54928588867188
2291,-37.686485290527344,144.5493927001953
2292,-37.68608474731445,144.5494842529297
2293,-37.66304016113281,144.56614685058594
2294,-37.66312026977539,144.56565856933594
2295,-37.66317367553711,144.56541442871094
2296,-37.6632080078125,144.56512451171875
2297,-37.6632194519043,144.56500244140625
2298,-37.663238525390625,144.5643768310547
2299,-37.66322708129883,144.56405639648438
2300,-37.6631965637207,144.5638885498047
2301,-37.66155242919922,144.5729522705078
2302,-37.66144943237305,144.57296752929688
2303,-37.661376953125,144.57298278808594
2304,-37.661277770996094,144.572998046875
2305,-37.661190032958984,144.57298278808594
2306,-37.66109085083008,144.5729217529297
2307,-37.66096496582031,144.57289123535156
2308,-37.65974044799805,144.5731201171875
2309,-37.67573928833008,144.55140686035156
2310,-37.67628479003906,144.55130004882812
2311,-37.676666259765625,144.55123901367188
2312,-37.67829513549805,144.55091857910156
2313,-37.67844009399414,144.55088806152344
2314,-37.678611755371094,144.5508575439453
2315,-37.67905807495117,144.55076599121094
2316,-37.680267333984375,144.550537109375
2317,-37.6811408996582,144.5503692626953
2318,-37.681522369384766,144.55029296875
2319,-37.68785095214844,144.5638427734375
2320,-37.68791961669922,144.5638427734375
2321,-37.68804931640625,144.5638427734375
2322,-37.68840408325195,144.56382751464844
2323,-37.688392639160156,144.56361389160156
2324,-37.688385009765625,144.5634765625
2325,-37.68840408325195,144.56341552734375
2326,-37.68842697143555,144.56332397460938
2327,-37.68842315673828,144.5631866455078
2328,-37.68841552734375,144.56298828125
2329,-37.68840789794922,144.56288146972656
2330,-37.68840408325195,144.56275939941406
2331,-37.68839645385742,144.56256103515625
2332,-37.688385009765625,144.56234741210938
2333,-37.688385009765625,144.56227111816406
2334,-37.68836975097656,144.5621337890625
2335,-37.6883544921875,144.56204223632812
2336,-37.688350677490234,144.56192016601562
2337,-37.6883430480957,144.56167602539062
2338,-37.68798828125,144.56173706054688
2339,-37.68787384033203,144.56175231933594
2340,-37.687808990478516,144.56175231933594
2341,-37.68799591064453,144.5619354248047
2342,-37.68800354003906,144.56214904785156
2343,-37.68800735473633,144.56236267089844
2344,-37.688011169433594,144.5625762939453
2345,-37.688018798828125,144.56277465820312
2346,-37.68802261352539,144.56289672851562
2347,-37.688026428222656,144.56301879882812
2348,-37.68803405761719,144.56321716308594
2349,-37.68803787231445,144.56344604492188
2350,-37.688045501708984,144.5636444091797
2351,-37.68616485595703,144.5679168701172
2352,-37.68619918823242,144.5679168701172
2353,-37.68631362915039,144.56788635253906
2354,-37.681339263916016,144.56866455078125
2355,-37.68020248413086,144.56887817382812
2356,-37.680023193359375,144.56890869140625
2357,-37.67985534667969,144.56893920898438
2358,-37.67943572998047,144.56903076171875
2359,-37.67813491821289,144.5692901611328
2360,-37.671443939208984,144.5613555908203
2361,-37.67156982421875,144.5621795654297
2362,-37.67163848876953,144.56265258789062
2363,-37.67179870605469,144.5632781982422
2364,-37.67283630371094,144.56980895996094
2365,-37.672882080078125,144.5699005126953
2366,-37.68475341796875,144.56805419921875
2367,-37.684452056884766,144.56809997558594
2368,-37.68497848510742,144.5496368408203
2369,-37.6851921081543,144.54965209960938
2370,-37.6852912902832,144.54965209960938
2371,-37.685340881347656,144.54965209960938
2372,-37.685386657714844,144.54966735839844
2373,-37.6854248046875,144.5496826171875
2374,-37.68547821044922,144.5496826171875
2375,-37.6856803894043,144.54940795898438
2376,-37.68565368652344,144.54930114746094
2377,-37.68563461303711,144.54916381835938
2378,-37.68561553955078,144.54885864257812
2379,-37.6920280456543,144.54823303222656
2380,-37.692108154296875,144.54823303222656
2381,-37.6921272277832,144.54823303222656
2382,-37.685691833496094,144.5496826171875
2383,-37.68572998046875,144.54966735839844
2384,-37.6857795715332,144.5496368408203
2385,-37.68586730957031,144.54959106445312
2386,-37.685951232910156,144.54954528808594
2387,-37.68547439575195,144.5494384765625
2388,-37.68536376953125,144.54949951171875
2389,-37.6852912902832,144.54954528808594
2390,-37.685508728027344,144.54971313476562
2391,-37.685546875,144.5497283935547
2392,-37.68558883666992,144.54974365234375
2393,-37.68562698364258,144.5497283935547
2394,-37.68571853637695,144.5496368408203
2395,-37.685733795166016,144.54959106445312
2396,-37.685733795166016,144.54953002929688
2397,-37.68572235107422,144.5494842529297
2398,-37.68569564819336,144.54942321777344
2399,-37.68566131591797,144.5493927001953
2400,-37.68562316894531,144.54937744140625
2401,-37.68558120727539,144.54937744140625
2402,-37.68553924560547,144.54937744140625
2403,-37.68550109863281,144.54940795898438
2404,-37.685455322265625,144.5494842529297
2405,-37.68544387817383,144.54953002929688
2406,-37.685447692871094,144.54959106445312
2407,-37.68545913696289,144.5496368408203
2408,-37.685951232910156,144.54949951171875
2409,-37.68586730957031,144.54949951171875
2410,-37.68581771850586,144.54949951171875
2411,-37.68574905395508,144.54946899414062
2412,-37.68558120727539,144.54916381835938
2413,-37.68555450439453,144.54928588867188
2414,-37.685523986816406,144.5493621826172
2415,-37.69796371459961,144.5423583984375
2416,-37.698001861572266,144.5424346923828
2417,-37.69804000854492,144.5425567626953
2418,-37.694950103759766,144.54296875
2419,-37.69501495361328,144.54290771484375
2420,-37.695091247558594,144.54286193847656
2421,-37.6949462890625,144.54283142089844
2422,-37.694942474365234,144.54283142089844
2423,-37.694923400878906,144.54281616210938
2424,-37.69490051269531,144.54281616210938
2425,-37.69487762451172,144.54281616210938
2426,-37.69485855102539,144.54283142089844
2427,-37.69484329223633,144.54286193847656
2428,-37.69483947753906,144.54286193847656
2429,-37.69483184814453,144.5428924560547
2430,-37.6948356628418,144.5429229736328
2431,-37.694847106933594,144.54295349121094
2432,-37.694854736328125,144.54295349121094
2433,-37.69485855102539,144.54296875
2434,-37.694881439208984,144.54298400878906
2435,-37.69490432739258,144.54298400878906
2436,-37.69492721557617,144.54298400878906
2437,-37.6949462890625,144.54296875
2438,-37.69496536254883,144.54293823242188
2439,-37.69497299194336,144.54290771484375
2440,-37.694969177246094,144.54287719726562
2441,-37.69496154785156,144.5428466796875
2442,-37.698062896728516,144.5423583984375
2443,-37.6981086730957,144.54232788085938
2444,-37.698158264160156,144.5423126220703
2445,-37.69819259643555,144.5423126220703
2446,-37.69874572753906,144.54220581054688
2447,-37.698814392089844,144.5421905517578
2448,-37.698875427246094,144.5421905517578
2449,-37.69892120361328,144.5421905517578
2450,-37.69898223876953,144.54222106933594
2451,-37.698951721191406,144.54202270507812
2452,-37.698909759521484,144.54205322265625
2453,-37.69886016845703,144.54208374023438
2454,-37.6987419128418,144.5421142578125
2455,-37.698150634765625,144.542236328125
2456,-37.698097229003906,144.542236328125
2457,-37.698055267333984,144.54222106933594
2458,-37.69684982299805,144.54388427734375
2459,-37.69680404663086,144.54351806640625
2460,-37.691802978515625,144.54356384277344
2461,-37.69180679321289,144.54354858398438
2462,-37.69181442260742,144.5435333251953
2463,-37.69181442260742,144.54348754882812
2464,-37.69180679321289,144.54345703125
2465,-37.69179153442383,144.54344177246094
2466,-37.6917724609375,144.54342651367188
2467,-37.691749572753906,144.5434112548828
2468,-37.69172286987305,144.5434112548828
2469,-37.69169998168945,144.54342651367188
2470,-37.691680908203125,144.54344177246094
2471,-37.69167709350586,144.54345703125
2472,-37.69166564941406,144.54348754882812
2473,-37.69166564941406,144.54351806640625
2474,-37.691673278808594,144.54354858398438
2475,-37.69168472290039,144.54356384277344
2476,-37.69169235229492,144.5435791015625
2477,-37.69170379638672,144.54359436035156
2478,-37.69173049926758,144.54359436035156
2479,-37.69175338745117,144.54359436035156
2480,-37.69178009033203,144.54359436035156
2481,-37.69727325439453,144.54244995117188
2482,-37.69725036621094,144.54225158691406
2483,-37.69719314575195,144.54177856445312
2484,-37.697166442871094,144.54161071777344
2485,-37.69712829589844,144.54147338867188
2486,-37.69706726074219,144.54135131835938
2487,-37.69702911376953,144.54129028320312
2488,-37.696998596191406,144.54124450683594
2489,-37.69691848754883,144.54115295410156
2490,-37.69688415527344,144.54112243652344
2491,-37.696834564208984,144.5410919189453
2492,-37.696746826171875,144.54103088378906
2493,-37.69664764404297,144.54100036621094
2494,-37.6965446472168,144.5409393310547
2495,-37.696441650390625,144.54087829589844
2496,-37.69633483886719,144.54078674316406
2497,-37.69623565673828,144.5406951904297
2498,-37.69614791870117,144.54061889648438
2499,-37.69607162475586,144.5405731201172
2500,-37.695960998535156,144.54051208496094
2501,-37.695831298828125,144.5404510498047
2502,-37.69572830200195,144.54039001464844
2503,-37.69562530517578,144.540283203125
2504,-37.69552230834961,144.54019165039062
2505,-37.695438385009766,144.54013061523438
2506,-37.69535446166992,144.5400848388672
2507,-37.69528579711914,144.5400390625
2508,-37.69519805908203,144.54000854492188
2509,-37.69512176513672,144.5399932861328
2510,-37.69502639770508,144.5399932861328
2511,-37.694915771484375,144.5399932861328
2512,-37.69482421875,144.5399932861328
2513,-37.694740295410156,144.54002380371094
2514,-37.69185256958008,144.54351806640625
2515,-37.69190216064453,144.54348754882812
2516,-37.69194030761719,144.54347229003906
2517,-37.69161605834961,144.5435028076172
2518,-37.691532135009766,144.54354858398438
2519,-37.691158294677734,144.5436248779297
2520,-37.69110870361328,144.5436248779297
2521,-37.69107437133789,144.54360961914062
2522,-37.6910400390625,144.54356384277344
2523,-37.69102478027344,144.54351806640625
2524,-37.69102096557617,144.54347229003906
2525,-37.690956115722656,144.54287719726562
2526,-37.690834045410156,144.54188537597656
2527,-37.690711975097656,144.54087829589844
2528,-37.69059753417969,144.53994750976562
2529,-37.690589904785156,144.5398712158203
2530,-37.69804763793945,144.54222106933594
2531,-37.698020935058594,144.5421600341797
2532,-37.6979866027832,144.54208374023438
2533,-37.697975158691406,144.54217529296875
2534,-37.69795227050781,144.54225158691406
2535,-37.695716857910156,144.54129028320312
2536,-37.69569396972656,144.54135131835938
2537,-37.69550704956055,144.54177856445312
2538,-37.69292449951172,144.54327392578125
2539,-37.69375228881836,144.54312133789062
2540,-37.69390106201172,144.5430908203125
2541,-37.694705963134766,144.54293823242188
2542,-37.69478988647461,144.5428924560547
2543,-37.69475173950195,144.54290771484375
2544,-37.695377349853516,144.54026794433594
2545,-37.695369720458984,144.540283203125
2546,-37.69533157348633,144.5404052734375
2547,-37.6953125,144.54051208496094
2548,-37.695308685302734,144.54061889648438
2549,-37.6953239440918,144.54074096679688
2550,-37.695350646972656,144.5408477783203
2551,-37.69540786743164,144.54100036621094
2552,-37.69547653198242,144.5410919189453
2553,-37.6955451965332,144.54116821289062
2554,-37.69563674926758,144.54124450683594
2555,-37.69611358642578,144.54156494140625
2556,-37.696231842041016,144.5416259765625
2557,-37.69635009765625,144.54165649414062
2558,-37.696449279785156,144.54165649414062
2559,-37.69657897949219,144.54164123535156
2560,-37.69667053222656,144.54159545898438
2561,-37.69681167602539,144.54151916503906
2562,-37.6968879699707,144.5414581298828
2563,-37.696990966796875,144.5413360595703
2564,-37.69794464111328,144.54225158691406
2565,-37.69786071777344,144.54232788085938
2566,-37.69668960571289,144.5425567626953
2567,-37.69798278808594,144.5420684814453
2568,-37.697933197021484,144.5417022705078
2569,-37.69789123535156,144.54132080078125
2570,-37.69786834716797,144.54116821289062
2571,-37.69782638549805,144.54098510742188
2572,-37.69776153564453,144.54083251953125
2573,-37.69766616821289,144.54067993164062
2574,-37.69754409790039,144.54055786132812
2575,-37.69743347167969,144.54046630859375
2576,-37.69723129272461,144.5403289794922
2577,-37.69718551635742,144.540283203125
2578,-37.69594955444336,144.5394287109375
2579,-37.695465087890625,144.53909301757812
2580,-37.695396423339844,144.5390625
2581,-37.69533157348633,144.53903198242188
2582,-37.695220947265625,144.53900146484375
2583,-37.69509506225586,144.53900146484375
2584,-37.69454574584961,144.5391082763672
2585,-37.69449996948242,144.5391387939453
2586,-37.69446563720703,144.53916931152344
2587,-37.694435119628906,144.53919982910156
2588,-37.69491195678711,144.54275512695312
2589,-37.69487380981445,144.5426483154297
2590,-37.694862365722656,144.5427703857422
2591,-37.691741943359375,144.54335021972656
2592,-37.691707611083984,144.54324340820312
2593,-37.69489669799805,144.5430450439453
2594,-37.6949348449707,144.54315185546875
2595,-37.691619873046875,144.5425262451172
2596,-37.69160842895508,144.5424346923828
2597,-37.69150924682617,144.5416259765625
2598,-37.69149398803711,144.54150390625
2599,-37.69139862060547,144.5407257080078
2600,-37.6913948059082,144.54067993164062
2601,-37.69129943847656,144.53990173339844
2602,-37.6912956237793,144.5398712158203
2603,-37.6912956237793,144.5398406982422
2604,-37.691307067871094,144.53981018066406
2605,-37.69803237915039,144.54220581054688
2606,-37.6980094909668,144.54220581054688
2607,-37.6979866027832,144.54222106933594
2608,-37.69796371459961,144.542236328125
2609,-37.697940826416016,144.5422821044922
2610,-37.697940826416016,144.5423126220703
2611,-37.69795227050781,144.54234313964844
2612,-37.697959899902344,144.5423583984375
2613,-37.6979866027832,144.54237365722656
2614,-37.6980094909668,144.54238891601562
2615,-37.69803237915039,144.54237365722656
2616,-37.698055267333984,144.5423583984375
2617,-37.69807052612305,144.54234313964844
2618,-37.69807815551758,144.5423126220703
2619,-37.69807815551758,144.5422821044922
2620,-37.69807052612305,144.54225158691406
2621,-37.69796371459961,144.54132080078125
2622,-37.69867706298828,144.5411834716797
2623,-37.69576644897461,144.54379272460938
2624,-37.69572448730469,144.54371643066406
2625,-37.69569778442383,144.5436553955078
2626,-37.6956901550293,144.5436248779297
2627,-37.695682525634766,144.54360961914062
2628,-37.695655822753906,144.5434112548828
2629,-37.69172668457031,144.5436553955078
2630,-37.69174575805664,144.54371643066406
2631,-37.6917724609375,144.54379272460938
2632,-37.693885803222656,144.5429229736328
2633,-37.69378662109375,144.54212951660156
2634,-37.693763732910156,144.54196166992188
2635,-37.693695068359375,144.54135131835938
2636,-37.69367599487305,144.5412139892578
2637,-37.684932708740234,144.56344604492188
2638,-37.68511199951172,144.56341552734375
2639,-37.68452072143555,144.5659942626953
2640,-37.68457794189453,144.56600952148438
2641,-37.684600830078125,144.5659942626953
2642,-37.684627532958984,144.5659637451172
2643,-37.68463897705078,144.56593322753906
2644,-37.68464279174805,144.5658721923828
2645,-37.68464660644531,144.5657958984375
2646,-37.684654235839844,144.56568908691406
2647,-37.684669494628906,144.56341552734375
2648,-37.6845588684082,144.56341552734375
2649,-37.68765640258789,144.5657958984375
2650,-37.687564849853516,144.5657196044922
2651,-37.68732452392578,144.5655059814453
2652,-37.6872673034668,144.56546020507812
2653,-37.68718719482422,144.5653839111328
2654,-37.68686294555664,144.56503295898438
2655,-37.68684768676758,144.5650177001953
2656,-37.68659973144531,144.5647735595703
2657,-37.68685531616211,144.56610107421875
2658,-37.68690872192383,144.566162109375
2659,-37.68697738647461,144.5662384033203
2660,-37.687156677246094,144.56643676757812
2661,-37.687217712402344,144.5664825439453
2662,-37.68723678588867,144.5664825439453
2663,-37.68729782104492,144.56651306152344
2664,-37.68735885620117,144.5665283203125
2665,-37.68744659423828,144.5665283203125
2666,-37.68802261352539,144.56741333007812
2667,-37.68797302246094,144.5673828125
2668,-37.68792724609375,144.56736755371094
2669,-37.687782287597656,144.56735229492188
2670,-37.687740325927734,144.56735229492188
2671,-37.687679290771484,144.5673370361328
2672,-37.68766403198242,144.56732177734375
2673,-37.687618255615234,144.56729125976562
2674,-37.6875114440918,144.5672149658203
2675,-37.68631362915039,144.56771850585938
2676,-37.686378479003906,144.56787109375
2677,-37.68650436401367,144.56768798828125
2678,-37.6864013671875,144.56759643554688
2679,-37.68634796142578,144.5675048828125
2680,-37.686214447021484,144.56639099121094
2681,-37.6861686706543,144.5668182373047
2682,-37.68619155883789,144.56704711914062
2683,-37.68621826171875,144.56727600097656
2684,-37.68625259399414,144.56759643554688
2685,-37.6862907409668,144.56703186035156
2686,-37.686336517333984,144.56744384765625
2687,-37.6862678527832,144.56727600097656
2688,-37.68594741821289,144.5677947998047
2689,-37.6855583190918,144.56777954101562
2690,-37.68534851074219,144.56781005859375
2691,-37.68531799316406,144.56781005859375
2692,-37.6852912902832,144.5677947998047
2693,-37.68526077270508,144.56777954101562
2694,-37.68522262573242,144.56773376464844
2695,-37.68520736694336,144.56777954101562
2696,-37.68519973754883,144.5678253173828
2697,-37.685150146484375,144.56790161132812
2698,-37.68510055541992,144.5679931640625
2699,-37.692440032958984,144.6068878173828
2700,-37.692989349365234,144.60765075683594
2701,-37.69346618652344,144.60833740234375
2702,-37.693904876708984,144.6089630126953
2703,-37.695735931396484,144.61151123046875
2704,-37.69222640991211,144.6064910888672
2705,-37.69194412231445,144.60609436035156
2706,-37.69189453125,144.6060333251953
2707,-37.691654205322266,144.60574340820312
2708,-37.691471099853516,144.6055908203125
2709,-37.69119644165039,144.60540771484375
2710,-37.69110107421875,144.60533142089844
2711,-37.69105911254883,144.60525512695312
2712,-37.6910400390625,144.60519409179688
2713,-37.69103240966797,144.6051483154297
2714,-37.69074630737305,144.6052703857422
2715,-37.690895080566406,144.60533142089844
2716,-37.691131591796875,144.6054229736328
2717,-37.69129180908203,144.60552978515625
2718,-37.691349029541016,144.60556030273438
2719,-37.69146728515625,144.6056671142578
2720,-37.69158935546875,144.6057891845703
2721,-37.69169235229492,144.60594177246094
2722,-37.69182586669922,144.6061248779297
2723,-37.69186782836914,144.60618591308594
2724,-37.69196701049805,144.60630798339844
2725,-37.69202423095703,144.60638427734375
2726,-37.69233703613281,144.6067657470703
2727,-37.71285629272461,144.5762176513672
2728,-37.71282958984375,144.57626342773438
2729,-37.7124137878418,144.5769805908203
2730,-37.712379455566406,144.57704162597656
2731,-37.70970916748047,144.57931518554688
2732,-37.709659576416016,144.57925415039062
2733,-37.70944595336914,144.5775909423828
2734,-37.707122802734375,144.57540893554688
2735,-37.70702362060547,144.57542419433594
2736,-37.70628356933594,144.57557678222656
2737,-37.705909729003906,144.5756378173828
2738,-37.70586013793945,144.5756378173828
2739,-37.712947845458984,144.57533264160156
2740,-37.71290588378906,144.5755157470703
2741,-37.71267318725586,144.575927734375
2742,-37.71262741088867,144.5760040283203
2743,-37.71498107910156,144.57850646972656
2744,-37.71491241455078,144.57852172851562
2745,-37.71466064453125,144.5785675048828
2746,-37.71424102783203,144.57864379882812
2747,-37.71406936645508,144.57870483398438
2748,-37.71391677856445,144.5787811279297
2749,-37.7138671875,144.5788116455078
2750,-37.7136344909668,144.57896423339844
2751,-37.71347427368164,144.57904052734375
2752,-37.71332931518555,144.5791015625
2753,-37.71318817138672,144.57911682128906
2754,-37.71302795410156,144.57913208007812
2755,-37.712860107421875,144.57911682128906
2756,-37.712677001953125,144.57907104492188
2757,-37.712486267089844,144.5790252685547
2758,-37.712345123291016,144.57904052734375
2759,-37.71222686767578,144.57907104492188
2760,-37.71209716796875,144.57913208007812
2761,-37.71197509765625,144.5792694091797
2762,-37.71176528930664,144.57943725585938
2763,-37.71146774291992,144.57948303222656
2764,-37.71120071411133,144.5793914794922
2765,-37.710906982421875,144.57908630371094
2766,-37.71062469482422,144.57891845703125
2767,-37.710487365722656,144.57888793945312
2768,-37.71026611328125,144.5789337158203
2769,-37.71009063720703,144.5790252685547
2770,-37.70920944213867,144.5797119140625
2771,-37.70893859863281,144.57994079589844
2772,-37.708675384521484,144.58006286621094
2773,-37.708343505859375,144.58018493652344
2774,-37.70767593383789,144.580322265625
2775,-37.70737838745117,144.5803680419922
2776,-37.70718002319336,144.5803680419922
2777,-37.70693588256836,144.58035278320312
2778,-37.70673751831055,144.580322265625
2779,-37.70656967163086,144.5802764892578
2780,-37.706382751464844,144.58021545410156
2781,-37.70626449584961,144.58018493652344
2782,-37.706993103027344,144.5742950439453
2783,-37.70700454711914,144.57440185546875
2784,-37.70713806152344,144.57553100585938
2785,-37.707427978515625,144.5779571533203
2786,-37.711273193359375,144.57847595214844
2787,-37.711151123046875,144.5787353515625
2788,-37.7109489440918,144.57904052734375
2789,-37.71482849121094,144.57742309570312
2790,-37.71478271484375,144.5774383544922
2791,-37.714447021484375,144.57749938964844
2792,-37.71434020996094,144.57749938964844
2793,-37.714229583740234,144.5774688720703
2794,-37.71352005004883,144.57681274414062
2795,-37.71187973022461,144.5753173828125
2796,-37.711761474609375,144.5752410888672
2797,-37.711669921875,144.5752410888672
2798,-37.71122360229492,144.5753173828125
2799,-37.71018981933594,144.5755157470703
2800,-37.710052490234375,144.57554626464844
2801,-37.709293365478516,144.57569885253906
2802,-37.709232330322266,144.57571411132812
2803,-37.710304260253906,144.57760620117188
2804,-37.710365295410156,144.5775909423828
2805,-37.711181640625,144.57742309570312
2806,-37.7113037109375,144.5774383544922
2807,-37.71144485473633,144.57749938964844
2808,-37.71245193481445,144.5784454345703
2809,-37.71250915527344,144.57852172851562
2810,-37.7125244140625,144.57858276367188
2811,-37.712493896484375,144.5789337158203
2812,-37.70628356933594,144.5756378173828
2813,-37.70650100708008,144.57745361328125
2814,-37.70658493041992,144.57814025878906
2815,-37.706729888916016,144.579345703125
2816,-37.7067756652832,144.57977294921875
2817,-37.706790924072266,144.57992553710938
2818,-37.706756591796875,144.58023071289062
2819,-37.709388732910156,144.5775909423828
2820,-37.7086296081543,144.57774353027344
2821,-37.70664978027344,144.578125
2822,-37.70863723754883,144.57781982421875
2823,-37.708740234375,144.57879638671875
2824,-37.708683013916016,144.5789031982422
2825,-37.7086181640625,144.5789794921875
2826,-37.706790924072266,144.579345703125
2827,-37.710060119628906,144.5756072998047
2828,-37.710174560546875,144.57655334472656
2829,-37.710472106933594,144.57879638671875
2830,-37.71356201171875,144.57675170898438
2831,-37.71377944946289,144.57640075683594
2832,-37.71381378173828,144.5762481689453
2833,-37.713829040527344,144.5760955810547
2834,-37.71382141113281,144.575927734375
2835,-37.71361541748047,144.57415771484375
2836,-37.712154388427734,144.5744171142578
2837,-37.71202850341797,144.57449340820312
2838,-37.711891174316406,144.57464599609375
2839,-37.71182632446289,144.57484436035156
2840,-37.71177673339844,144.57513427734375
2841,-37.713836669921875,144.5787353515625
2842,-37.713687896728516,144.57833862304688
2843,-37.713600158691406,144.57818603515625
2844,-37.71344757080078,144.57803344726562
2845,-37.71167755126953,144.57640075683594
2846,-37.71153259277344,144.57635498046875
2847,-37.711402893066406,144.5763397216797
2848,-37.710235595703125,144.57655334472656
2849,-37.71009063720703,144.56654357910156
2850,-37.71078872680664,144.5671844482422
2851,-37.711387634277344,144.56776428222656
2852,-37.711463928222656,144.5678253173828
2853,-37.71010208129883,144.57473754882812
2854,-37.71017837524414,144.57542419433594
2855,-37.71181106567383,144.57220458984375
2856,-37.71168899536133,144.57118225097656
2857,-37.711524963378906,144.56988525390625
2858,-37.71151351928711,144.56964111328125
2859,-37.71156311035156,144.5694580078125
2860,-37.71184539794922,144.56895446777344
2861,-37.711883544921875,144.56887817382812
2862,-37.71083068847656,144.56712341308594
2863,-37.71196365356445,144.5651397705078
2864,-37.71204376220703,144.5649871826172
2865,-37.71208953857422,144.56483459472656
2866,-37.71211242675781,144.564697265625
2867,-37.71212387084961,144.56454467773438
2868,-37.71209716796875,144.56411743164062
2869,-37.712093353271484,144.56407165527344
2870,-37.713443756103516,144.5678253173828
2871,-37.71342468261719,144.56764221191406
2872,-37.713382720947266,144.5674591064453
2873,-37.71300506591797,144.56707763671875
2874,-37.71297073364258,144.56704711914062
2875,-37.71236801147461,144.56802368164062
2876,-37.7124137878418,144.5679473876953
2877,-37.7132682800293,144.56654357910156
2878,-37.713321685791016,144.56643676757812
2879,-37.71340560913086,144.56634521484375
2880,-37.71350860595703,144.5662841796875
2881,-37.713623046875,144.5662384033203
2882,-37.70881271362305,144.571044921875
2883,-37.70764923095703,144.57127380371094
2884,-37.707767486572266,144.5722198486328
2885,-37.707786560058594,144.57237243652344
2886,-37.7078857421875,144.5731964111328
2887,-37.709041595458984,144.57298278808594
2888,-37.70785140991211,144.57220458984375
2889,-37.70893478393555,144.57200622558594
2890,-37.70597457885742,144.57920837402344
2891,-37.705810546875,144.57933044433594
2892,-37.70572280883789,144.57931518554688
2893,-37.70549011230469,144.57916259765625
2894,-37.705413818359375,144.5790557861328
2895,-37.70492172241211,144.57481384277344
2896,-37.704898834228516,144.57470703125
2897,-37.71120071411133,144.56826782226562
2898,-37.71125793457031,144.5683135986328
2899,-37.71263885498047,144.569580078125
2900,-37.71300506591797,144.56991577148438
2901,-37.71339797973633,144.57029724121094
2902,-37.713626861572266,144.5705108642578
2903,-37.71369171142578,144.57061767578125
2904,-37.7137451171875,144.57077026367188
2905,-37.713863372802734,144.57180786132812
2906,-37.71397399902344,144.57275390625
2907,-37.7140007019043,144.57298278808594
2908,-37.71113204956055,144.57456970214844
2909,-37.711212158203125,144.57522583007812
2910,-37.708866119384766,144.56361389160156
2911,-37.7088737487793,144.56369018554688
2912,-37.70899200439453,144.5646514892578
2913,-37.709232330322266,144.56668090820312
2914,-37.70926284790039,144.56692504882812
2915,-37.70930099487305,144.56707763671875
2916,-37.709388732910156,144.5672149658203
2917,-37.70966339111328,144.5674591064453
2918,-37.70998001098633,144.5677490234375
2919,-37.71090316772461,144.568603515625
2920,-37.710968017578125,144.56866455078125
2921,-37.713504791259766,144.56906127929688
2922,-37.711761474609375,144.56744384765625
2923,-37.70241928100586,144.576904296875
2924,-37.70246887207031,144.576904296875
2925,-37.70310974121094,144.5767822265625
2926,-37.70320129394531,144.57676696777344
2927,-37.699703216552734,144.572021484375
2928,-37.69976806640625,144.57200622558594
2929,-37.700435638427734,144.57188415527344
2930,-37.70050048828125,144.57188415527344
2931,-37.69812774658203,144.57485961914062
2932,-37.69813537597656,144.57492065429688
2933,-37.69825744628906,144.5758056640625
2934,-37.69480514526367,144.57826232910156
2935,-37.69486618041992,144.57826232910156
2936,-37.6956787109375,144.57810974121094
2937,-37.69652557373047,144.57794189453125
2938,-37.69789505004883,144.57772827148438
2939,-37.69794464111328,144.57772827148438
2940,-37.698448181152344,144.57763671875
2941,-37.70162582397461,144.5793914794922
2942,-37.70144271850586,144.5790557861328
2943,-37.701412200927734,144.57894897460938
2944,-37.70138931274414,144.57875061035156
2945,-37.701271057128906,144.57774353027344
2946,-37.70111846923828,144.5764617919922
2947,-37.70100784301758,144.57554626464844
2948,-37.70099639892578,144.575439453125
2949,-37.69664764404297,144.5789337158203
2950,-37.69646453857422,144.577392578125
2951,-37.69635009765625,144.57644653320312
2952,-37.69764709472656,144.574951171875
2953,-37.698463439941406,144.57479858398438
2954,-37.69933319091797,144.5756072998047
2955,-37.69925308227539,144.5747833251953
2956,-37.699039459228516,144.57302856445312
2957,-37.698829650878906,144.57127380371094
2958,-37.6988525390625,144.57119750976562
2959,-37.698909759521484,144.57115173339844
2960,-37.69913864135742,144.5710906982422
2961,-37.69913101196289,144.57098388671875
2962,-37.6990966796875,144.57064819335938
2963,-37.6965217590332,144.577392578125
2964,-37.697147369384766,144.57730102539062
2965,-37.69781494140625,144.57716369628906
2966,-37.69799041748047,144.57867431640625
2967,-37.701202392578125,144.5777587890625
2968,-37.69935989379883,144.578125
2969,-37.69927978515625,144.57814025878906
2970,-37.69931411743164,144.57476806640625
2971,-37.69988250732422,144.5746612548828
2972,-37.699951171875,144.57460021972656
2973,-37.69999313354492,144.5745086669922
2974,-37.69960403442383,144.57115173339844
2975,-37.699562072753906,144.57107543945312
2976,-37.699493408203125,144.57102966308594
2977,-37.69470977783203,144.57745361328125
2978,-37.694923400878906,144.57925415039062
2979,-37.700538635253906,144.5767822265625
2980,-37.70035934448242,144.57687377929688
2981,-37.69923400878906,144.57708740234375
2982,-37.69915008544922,144.57711791992188
2983,-37.694000244140625,144.57965087890625
2984,-37.694271087646484,144.58212280273438
2985,-37.695674896240234,144.5780487060547
2986,-37.69558334350586,144.5773162841797
2987,-37.713924407958984,144.56869506835938
2988,-37.71380615234375,144.5687255859375
2989,-37.713714599609375,144.56878662109375
2990,-37.7136344909668,144.56886291503906
2991,-37.71304702758789,144.56983947753906
2992,-37.713783264160156,144.5718231201172
2993,-37.711055755615234,144.5723419189453
2994,-37.711002349853516,144.57235717773438
2995,-37.71443557739258,144.56993103027344
2996,-37.71436309814453,144.5699462890625
2997,-37.71405029296875,144.5699920654297
2998,-37.71397018432617,144.57003784179688
2999,-37.71390914916992,144.57008361816406
3000,-37.713836669921875,144.5701904296875
3001,-37.71368408203125,144.57044982910156
3002,-37.71623992919922,144.5660400390625
3003,-37.71630096435547,144.5665283203125
3004,-37.71638870239258,144.5672607421875
3005,-37.716392517089844,144.56732177734375
3006,-37.71648025512695,144.56805419921875
3007,-37.716495513916016,144.5681610107422
3008,-37.71649932861328,144.56825256347656
3009,-37.716495513916016,144.56834411621094
3010,-37.71648025512695,144.56842041015625
3011,-37.7164306640625,144.56866455078125
3012,-37.718814849853516,144.56874084472656
3013,-37.718833923339844,144.56887817382812
3014,-37.718868255615234,144.5691680908203
3015,-37.71893310546875,144.56976318359375
3016,-37.71903991699219,144.57064819335938
3017,-37.71903610229492,144.5707244873047
3018,-37.719017028808594,144.57077026367188
3019,-37.71898651123047,144.57081604003906
3020,-37.718955993652344,144.5708465576172
3021,-37.71890640258789,144.57086181640625
3022,-37.718841552734375,144.57086181640625
3023,-37.718719482421875,144.5708770751953
3024,-37.71721267700195,144.5711669921875
3025,-37.71710205078125,144.57119750976562
3026,-37.71692657470703,144.5712890625
3027,-37.716819763183594,144.5713348388672
3028,-37.7166862487793,144.57138061523438
3029,-37.71632766723633,144.57144165039062
3030,-37.71624755859375,144.5714569091797
3031,-37.71236038208008,144.57009887695312
3032,-37.71260070800781,144.5696563720703
3033,-37.71464920043945,144.57159423828125
3034,-37.71540451049805,144.5714569091797
3035,-37.71555709838867,144.5714111328125
3036,-37.715675354003906,144.5713348388672
3037,-37.715843200683594,144.5712127685547
3038,-37.71612548828125,144.5711669921875
3039,-37.716209411621094,144.57115173339844
3040,-37.71779251098633,144.56996154785156
3041,-37.71885299682617,144.56982421875
3042,-37.71335983276367,144.5703582763672
3043,-37.71311950683594,144.57078552246094
3044,-37.713069915771484,144.5708465576172
3045,-37.71299362182617,144.57090759277344
3046,-37.71174621582031,144.5711669921875
3047,-37.70612335205078,144.57752990722656
3048,-37.706443786621094,144.5774688720703
3049,-37.68815231323242,144.5675506591797
3050,-37.68832015991211,144.5675048828125
3051,-37.68832778930664,144.5675048828125
3052,-37.67561340332031,144.5918426513672
3053,-37.67558670043945,144.59164428710938
3054,-37.6760368347168,144.59547424316406
3055,-37.68438720703125,144.5665740966797
3056,-37.68716812133789,144.56561279296875
3057,-37.687068939208984,144.56576538085938
3058,-37.686988830566406,144.56590270996094
3059,-37.68689727783203,144.5660400390625
3060,-37.68683624267578,144.56613159179688
3061,-37.68678283691406,144.5662078857422
3062,-37.68666458129883,144.56637573242188
3063,-37.68657302856445,144.56651306152344
3064,-37.686500549316406,144.56661987304688
3065,-37.686485290527344,144.56663513183594
3066,-37.686439514160156,144.56668090820312
3067,-37.686256408691406,144.5667266845703
3068,-37.68620681762695,144.56634521484375
3069,-37.686195373535156,144.56626892089844
3070,-37.68616485595703,144.56605529785156
3071,-37.6861457824707,144.5658721923828
3072,-37.686195373535156,144.56578063964844
3073,-37.686283111572266,144.56564331054688
3074,-37.68632125854492,144.56558227539062
3075,-37.68632507324219,144.56556701660156
3076,-37.68635177612305,144.5654754638672
3077,-37.686370849609375,144.56527709960938
3078,-37.6863899230957,144.5650634765625
3079,-37.686405181884766,144.56492614746094
3080,-37.6864128112793,144.56484985351562
3081,-37.68643569946289,144.56480407714844
3082,-37.686500549316406,144.5647735595703
3083,-37.68644714355469,144.56509399414062
3084,-37.68650817871094,144.56491088867188
3085,-37.6862678527832,144.5661163330078
3086,-37.6862907409668,144.56639099121094
3087,-37.6871337890625,144.56646728515625
3088,-37.687076568603516,144.56654357910156
3089,-37.68721008300781,144.5667266845703
3090,-37.687259674072266,144.5668487548828
3091,-37.68730163574219,144.5671844482422
3092,-37.687171936035156,144.5672149658203
3093,-37.687110900878906,144.5668182373047
3094,-37.687129974365234,144.5669403076172
3095,-37.68718338012695,144.5673370361328
3096,-37.687191009521484,144.56739807128906
3097,-37.68720626831055,144.5675506591797
3098,-37.687095642089844,144.5668182373047
3099,-37.686885833740234,144.56686401367188
3100,-37.68694305419922,144.5669708251953
3101,-37.68691635131836,144.56700134277344
3102,-37.68690490722656,144.56704711914062
3103,-37.68693923950195,144.5673370361328
3104,-37.68696594238281,144.56736755371094
3105,-37.68702697753906,144.56735229492188
3106,-37.686885833740234,144.56761169433594
3107,-37.68685531616211,144.5674591064453
3108,-37.68684768676758,144.5674285888672
3109,-37.68684005737305,144.56739807128906
3110,-37.686683654785156,144.5672607421875
3111,-37.686561584472656,144.56727600097656
3112,-37.686519622802734,144.56703186035156
3113,-37.686439514160156,144.56700134277344
3114,-37.686431884765625,144.56700134277344
3115,-37.68637466430664,144.5670166015625
3116,-37.68661117553711,144.56747436523438
3117,-37.68661117553711,144.5675048828125
3118,-37.686607360839844,144.5676727294922
3119,-37.68681335449219,144.56712341308594
3120,-37.68678665161133,144.5668487548828
3121,-37.68675994873047,144.56678771972656
3122,-37.68672180175781,144.56678771972656
3123,-37.68659591674805,144.5668182373047
3124,-37.68647003173828,144.56692504882812
3125,-37.68644332885742,144.5669403076172
3126,-37.68638610839844,144.5670623779297
3127,-37.686424255371094,144.5670623779297
3128,-37.68647384643555,144.56710815429688
3129,-37.68648147583008,144.5672149658203
3130,-37.6865119934082,144.56747436523438
3131,-37.686561584472656,144.56748962402344
3132,-37.686790466308594,144.5674285888672
3133,-37.686893463134766,144.5674285888672
3134,-37.68685531616211,144.56710815429688
3135,-37.6867790222168,144.56712341308594
3136,-37.6866340637207,144.56715393066406
3137,-37.686614990234375,144.56698608398438
3138,-37.68659973144531,144.56690979003906
3139,-37.68650817871094,144.5669403076172
3140,-37.68645477294922,144.56690979003906
3141,-37.686370849609375,144.56692504882812
3142,-37.68611526489258,144.5673065185547
3143,-37.68598175048828,144.56732177734375
3144,-37.685882568359375,144.56735229492188
3145,-37.68564224243164,144.56739807128906
3146,-37.6855354309082,144.56741333007812
3147,-37.68518829345703,144.56747436523438
3148,-37.685211181640625,144.56765747070312
3149,-37.6851806640625,144.56741333007812
3150,-37.68516159057617,144.56729125976562
3151,-37.68513488769531,144.56710815429688
3152,-37.685123443603516,144.56700134277344
3153,-37.68511199951172,144.56692504882812
3154,-37.68508529663086,144.56674194335938
3155,-37.68507385253906,144.56666564941406
3156,-37.6850700378418,144.56661987304688
3157,-37.68503952026367,144.5665283203125
3158,-37.6850471496582,144.5669403076172
3159,-37.68483352661133,144.56698608398438
3160,-37.684814453125,144.56715393066406
3161,-37.6848030090332,144.56724548339844
3162,-37.6848258972168,144.5673065185547
3163,-37.684879302978516,144.56735229492188
3164,-37.6848030090332,144.56666564941406
3165,-37.68479537963867,144.56680297851562
3166,-37.684791564941406,144.56690979003906
3167,-37.68480682373047,144.5669403076172
3168,-37.684818267822266,144.56695556640625
3169,-37.685020446777344,144.56675720214844
3170,-37.68485641479492,144.5660858154297
3171,-37.68484878540039,144.56619262695312
3172,-37.685035705566406,144.5662078857422
3173,-37.685184478759766,144.56622314453125
3174,-37.68516540527344,144.56637573242188
3175,-37.68524932861328,144.56634521484375
3176,-37.685665130615234,144.56631469726562
3177,-37.68605041503906,144.56625366210938
3178,-37.68473434448242,144.56700134277344
3179,-37.68471145629883,144.56704711914062
3180,-37.6847038269043,144.5670928955078
3181,-37.68466567993164,144.5677032470703
3182,-37.6846809387207,144.56776428222656
3183,-37.68471908569336,144.5677947998047
3184,-37.68487548828125,144.56776428222656
3185,-37.68485641479492,144.56747436523438
3186,-37.685089111328125,144.56747436523438
3187,-37.685115814208984,144.56768798828125
3188,-37.684967041015625,144.5674285888672
3189,-37.68513870239258,144.56739807128906
3190,-37.6851806640625,144.5677490234375
3191,-37.685028076171875,144.56776428222656
3192,-37.68501281738281,144.5676727294922
3193,-37.685001373291016,144.56756591796875
3194,-37.68519592285156,144.5658416748047
3195,-37.68486785888672,144.5657958984375
3196,-37.68488311767578,144.56561279296875
3197,-37.68489456176758,144.5654296875
3198,-37.68490219116211,144.56527709960938
3199,-37.68490982055664,144.56517028808594
3200,-37.68492126464844,144.5649871826172
3201,-37.6849365234375,144.56480407714844
3202,-37.6849479675293,144.56460571289062
3203,-37.684959411621094,144.56442260742188
3204,-37.68497085571289,144.56423950195312
3205,-37.68498229980469,144.56405639648438
3206,-37.684993743896484,144.56390380859375
3207,-37.68504333496094,144.56387329101562
3208,-37.68531036376953,144.56390380859375
3209,-37.68518829345703,144.56280517578125
3210,-37.685211181640625,144.5625457763672
3211,-37.68522262573242,144.5623779296875
3212,-37.68527603149414,144.56227111816406
3213,-37.68538284301758,144.56227111816406
3214,-37.6854248046875,144.56227111816406
3215,-37.685523986816406,144.56214904785156
3216,-37.68552780151367,144.5620880126953
3217,-37.68504333496094,144.56280517578125
3218,-37.685020446777344,144.56300354003906
3219,-37.68501281738281,144.56317138671875
3220,-37.685298919677734,144.56410217285156
3221,-37.68528747558594,144.5642852783203
3222,-37.68527603149414,144.56446838378906
3223,-37.685264587402344,144.56463623046875
3224,-37.68524932861328,144.56483459472656
3225,-37.685237884521484,144.56503295898438
3226,-37.68522644042969,144.56521606445312
3227,-37.685211181640625,144.56546020507812
3228,-37.685203552246094,144.56564331054688
3229,-37.68751907348633,144.56651306152344
3230,-37.687625885009766,144.56649780273438
3231,-37.68765640258789,144.5664825439453
3232,-37.68793487548828,144.56625366210938
3233,-37.68795394897461,144.5662384033203
3234,-37.68804168701172,144.56607055664062
3235,-37.688114166259766,144.56591796875
3236,-37.68815231323242,144.56582641601562
3237,-37.68815612792969,144.5657196044922
3238,-37.688114166259766,144.56565856933594
3239,-37.68785858154297,144.5654754638672
3240,-37.687808990478516,144.56544494628906
3241,-37.68806838989258,144.56582641601562
3242,-37.68804168701172,144.56578063964844
3243,-37.68787384033203,144.565673828125
3244,-37.68782043457031,144.56570434570312
3245,-37.687583923339844,144.56625366210938
3246,-37.68760299682617,144.5663604736328
3247,-37.68793487548828,144.56610107421875
3248,-37.68803787231445,144.56639099121094
3249,-37.6880989074707,144.5664520263672
3250,-37.688209533691406,144.56666564941406
3251,-37.68808364868164,144.5667724609375
3252,-37.68796920776367,144.56686401367188
3253,-37.68782424926758,144.5665740966797
3254,-37.68794250488281,144.56646728515625
3255,-37.68790054321289,144.56651306152344
3256,-37.68782043457031,144.5664825439453
3257,-37.687660217285156,144.56655883789062
3258,-37.68758773803711,144.5666046142578
3259,-37.68757629394531,144.56663513183594
3260,-37.687660217285156,144.56704711914062
3261,-37.687705993652344,144.5670928955078
3262,-37.68777847290039,144.56707763671875
3263,-37.687904357910156,144.56698608398438
3264,-37.68815612792969,144.56617736816406
3265,-37.688255310058594,144.56625366210938
3266,-37.6883430480957,144.56631469726562
3267,-37.6883659362793,144.5663299560547
3268,-37.68840408325195,144.56631469726562
3269,-37.68843078613281,144.56625366210938
3270,-37.688438415527344,144.5662078857422
3271,-37.68842315673828,144.566162109375
3272,-37.688228607177734,144.56602478027344
3273,-37.685760498046875,144.55007934570312
3274,-37.68574523925781,144.5500030517578
3275,-37.685726165771484,144.5499725341797
3276,-37.685699462890625,144.5499267578125
3277,-37.6989631652832,144.60317993164062
3278,-37.70069885253906,144.60284423828125
3279,-37.70068359375,144.60264587402344
3280,-37.70058822631836,144.601806640625
3281,-37.699928283691406,144.59613037109375
3282,-37.69989776611328,144.59584045410156
3283,-37.69978332519531,144.5948028564453
3284,-37.697994232177734,144.5964813232422
3285,-37.69801330566406,144.59678649902344
3286,-37.69644546508789,144.59706115722656
3287,-37.6964111328125,144.59677124023438
3288,-37.695796966552734,144.59715270996094
3289,-37.696048736572266,144.5971221923828
3290,-37.6960563659668,144.59732055664062
3291,-37.695804595947266,144.59735107421875
3292,-37.69580841064453,144.59751892089844
3293,-37.696067810058594,144.5974884033203
3294,-37.696075439453125,144.59768676757812
3295,-37.69581604003906,144.59771728515625
3296,-37.695823669433594,144.59788513183594
3297,-37.696083068847656,144.59786987304688
3298,-37.69608688354492,144.59803771972656
3299,-37.695831298828125,144.5980682373047
3300,-37.69584655761719,144.59829711914062
3301,-37.696502685546875,144.59825134277344
3302,-37.69651412963867,144.598388671875
3303,-37.6965446472168,144.59841918945312
3304,-37.696590423583984,144.5984649658203
3305,-37.696598052978516,144.59860229492188
3306,-37.69660949707031,144.59878540039062
3307,-37.696617126464844,144.59889221191406
3308,-37.696598052978516,144.59896850585938
3309,-37.69657516479492,144.5990447998047
3310,-37.69654083251953,144.59915161132812
3311,-37.69660186767578,144.59925842285156
3312,-37.69664001464844,144.59933471679688
3313,-37.6966438293457,144.59947204589844
3314,-37.69664764404297,144.5995330810547
3315,-37.6966552734375,144.59971618652344
3316,-37.69666290283203,144.59988403320312
3317,-37.69667053222656,144.60006713867188
3318,-37.696678161621094,144.60025024414062
3319,-37.696685791015625,144.60043334960938
3320,-37.69669723510742,144.6006317138672
3321,-37.696659088134766,144.60072326660156
3322,-37.695858001708984,144.5984649658203
3323,-37.69586944580078,144.59866333007812
3324,-37.69588088989258,144.5988311767578
3325,-37.69589614868164,144.59901428222656
3326,-37.69590759277344,144.5991973876953
3327,-37.6959228515625,144.59938049316406
3328,-37.6959342956543,144.59957885742188
3329,-37.695945739746094,144.59976196289062
3330,-37.69596481323242,144.59994506835938
3331,-37.69609069824219,144.5999298095703
3332,-37.696502685546875,144.60044860839844
3333,-37.696407318115234,144.60040283203125
3334,-37.69630432128906,144.60031127929688
3335,-37.69628143310547,144.6002960205078
3336,-37.69621276855469,144.60018920898438
3337,-37.69615173339844,144.60011291503906
3338,-37.696128845214844,144.60008239746094
3339,-37.69609451293945,144.59999084472656
3340,-37.686485290527344,144.55886840820312
3341,-37.68663787841797,144.558837890625
3342,-37.68678665161133,144.55885314941406
3343,-37.68693161010742,144.55886840820312
3344,-37.687007904052734,144.5588836669922
3345,-37.687095642089844,144.55889892578125
3346,-37.68711853027344,144.55848693847656
3347,-37.68646240234375,144.5576171875
3348,-37.68644714355469,144.557861328125
3349,-37.68643569946289,144.5579833984375
3350,-37.68660354614258,144.5578155517578
3351,-37.68598937988281,144.5426788330078
3352,-37.686256408691406,144.54269409179688
3353,-37.68657302856445,144.542724609375
3354,-37.68671417236328,144.54273986816406
3355,-37.68678665161133,144.54281616210938
3356,-37.686805725097656,144.5429229736328
3357,-37.68681716918945,144.54318237304688
3358,-37.68680191040039,144.543212890625
3359,-37.68674087524414,144.5432586669922
3360,-37.6866569519043,144.54322814941406
3361,-37.686561584472656,144.5431365966797
3362,-37.6865348815918,144.54310607910156
3363,-37.68646240234375,144.54296875
3364,-37.68645095825195,144.54293823242188
3365,-37.686397552490234,144.54283142089844
3366,-37.686492919921875,144.5428009033203
3367,-37.6865119934082,144.543212890625
3368,-37.68656921386719,144.54408264160156
3369,-37.68671417236328,144.5440673828125
3370,-37.68685531616211,144.54405212402344
3371,-37.68684768676758,144.54396057128906
3372,-37.68683624267578,144.5437774658203
3373,-37.68718719482422,144.54373168945312
3374,-37.687198638916016,144.54393005371094
3375,-37.697078704833984,144.60447692871094
3376,-37.697418212890625,144.60394287109375
3377,-37.69747543334961,144.6038360595703
3378,-37.69751739501953,144.60377502441406
3379,-37.69755935668945,144.60374450683594
3380,-37.69760513305664,144.60369873046875
3381,-37.69766616821289,144.60365295410156
3382,-37.697731018066406,144.60362243652344
3383,-37.697792053222656,144.6035919189453
3384,-37.697845458984375,144.60357666015625
3385,-37.69791793823242,144.6035614013672
3386,-37.69800567626953,144.60353088378906
3387,-37.69826889038086,144.6034698486328
3388,-37.698177337646484,144.60333251953125
3389,-37.69792556762695,144.6033172607422
3390,-37.697792053222656,144.6033172607422
3391,-37.69763946533203,144.60328674316406
3392,-37.69754409790039,144.60324096679688
3393,-37.697513580322266,144.6032257080078
3394,-37.697364807128906,144.6031494140625
3395,-37.69723892211914,144.6030731201172
3396,-37.69706726074219,144.60293579101562
3397,-37.66905975341797,144.5989532470703
3398,-37.66911697387695,144.59938049316406
3399,-37.669189453125,144.59938049316406
3400,-37.669151306152344,144.59893798828125
3401,-37.681724548339844,144.5881805419922
3402,-37.681617736816406,144.58815002441406
3403,-37.68152618408203,144.58807373046875
3404,-37.68134307861328,144.58837890625
3405,-37.681396484375,144.58836364746094
3406,-37.68148422241211,144.58828735351562
3407,-37.681575775146484,144.5882568359375
3408,-37.683937072753906,144.5782470703125
3409,-37.6838493347168,144.57913208007812
3410,-37.683815002441406,144.5795440673828
3411,-37.68380355834961,144.57968139648438
3412,-37.683746337890625,144.57952880859375
3413,-37.683780670166016,144.57913208007812
3414,-37.68459701538086,144.57923889160156
3415,-37.684688568115234,144.57925415039062
3416,-37.684661865234375,144.5784912109375
3417,-37.68474197387695,144.57850646972656
3418,-37.68376922607422,144.58058166503906
3419,-37.68377685546875,144.58041381835938
3420,-37.68380355834961,144.5797882080078
3421,-37.6837272644043,144.5797882080078
3422,-37.68318176269531,144.57855224609375
3423,-37.6827278137207,144.57850646972656
3424,-37.682762145996094,144.57785034179688
3425,-37.68275451660156,144.57798767089844
3426,-37.682735443115234,144.57843017578125
3427,-37.68272018432617,144.57864379882812
3428,-37.682708740234375,144.57884216308594
3429,-37.68269348144531,144.57904052734375
3430,-37.68240737915039,144.57901000976562
3431,-37.68241882324219,144.5788116455078
3432,-37.68243408203125,144.57861328125
3433,-37.68244934082031,144.57839965820312
3434,-37.68162536621094,144.58584594726562
3435,-37.681602478027344,144.58609008789062
3436,-37.68159866333008,144.58612060546875
3437,-37.68159103393555,144.5864715576172
3438,-37.68265914916992,144.5773162841797
3439,-37.682621002197266,144.577392578125
3440,-37.68260192871094,144.57765197753906
3441,-37.68263626098633,144.57769775390625
3442,-37.6827278137207,144.57774353027344
3443,-37.68277359008789,144.57774353027344
3444,-37.68277359008789,144.57777404785156
3445,-37.682769775390625,144.5778045654297
3446,-37.682823181152344,144.5778045654297
3447,-37.68287658691406,144.57781982421875
3448,-37.68287658691406,144.57778930664062
3449,-37.68288040161133,144.5777587890625
3450,-37.683170318603516,144.57778930664062
3451,-37.68316650390625,144.57781982421875
3452,-37.683170318603516,144.5778350830078
3453,-37.68321228027344,144.57785034179688
3454,-37.683258056640625,144.57785034179688
3455,-37.683258056640625,144.5778350830078
3456,-37.68325424194336,144.5776824951172
3457,-37.68330764770508,144.5775909423828
3458,-37.683349609375,144.57757568359375
3459,-37.68335723876953,144.57749938964844
3460,-37.6833610534668,144.57745361328125
3461,-37.68329620361328,144.57737731933594
3462,-37.68327713012695,144.57737731933594
3463,-37.683189392089844,144.57736206054688
3464,-37.68359375,144.5773468017578
3465,-37.68354797363281,144.5774383544922
3466,-37.68350601196289,144.5774688720703
3467,-37.683204650878906,144.57791137695312
3468,-37.682823181152344,144.57786560058594
3469,-37.68256378173828,144.62445068359375
3470,-37.68566131591797,144.623779296875
3471,-37.688880920410156,144.6231231689453
3472,-37.692447662353516,144.62255859375
3473,-37.70092010498047,144.6212615966797
3474,-37.70127868652344,144.62120056152344
3475,-37.693328857421875,144.63113403320312
3476,-37.69336700439453,144.6315155029297
3477,-37.693359375,144.63177490234375
3478,-37.693328857421875,144.6320037841797
3479,-37.69326400756836,144.63223266601562
3480,-37.69318771362305,144.6324005126953
3481,-37.69310760498047,144.63253784179688
3482,-37.693023681640625,144.63265991210938
3483,-37.69291305541992,144.63278198242188
3484,-37.69274139404297,144.6329345703125
3485,-37.69113540649414,144.63429260253906
3486,-37.69091796875,144.6344451904297
3487,-37.69073486328125,144.63455200195312
3488,-37.69056701660156,144.63461303710938
3489,-37.6904296875,144.63465881347656
3490,-37.69023132324219,144.6346893310547
3491,-37.68650817871094,144.63531494140625
3492,-37.680091857910156,144.6416015625
3493,-37.6800422668457,144.6412353515625
3494,-37.680015563964844,144.64096069335938
3495,-37.68000030517578,144.64068603515625
3496,-37.679996490478516,144.64047241210938
3497,-37.68001174926758,144.6401824951172
3498,-37.68004608154297,144.6398468017578
3499,-37.68008804321289,144.6396026611328
3500,-37.68014144897461,144.6393585205078
3501,-37.68021011352539,144.6391143798828
3502,-37.6802864074707,144.63888549804688
3503,-37.68037796020508,144.638671875
3504,-37.68046569824219,144.63848876953125
3505,-37.68056106567383,144.6383056640625
3506,-37.68067169189453,144.63812255859375
3507,-37.6807975769043,144.637939453125
3508,-37.68099594116211,144.63768005371094
3509,-37.68197250366211,144.62454223632812
3510,-37.682281494140625,144.62451171875
3511,-37.6812629699707,144.6373748779297
3512,-37.68227767944336,144.6362762451172
3513,-37.68245315551758,144.6360626220703
3514,-37.68260955810547,144.63583374023438
3515,-37.68272399902344,144.63560485839844
3516,-37.682830810546875,144.63536071777344
3517,-37.682926177978516,144.63511657714844
3518,-37.683013916015625,144.63482666015625
3519,-37.683067321777344,144.6345977783203
3520,-37.683109283447266,144.63438415527344
3521,-37.68313980102539,144.6342010498047
3522,-37.68315505981445,144.63400268554688
3523,-37.68317413330078,144.63380432128906
3524,-37.68318176269531,144.63368225097656
3525,-37.68318557739258,144.633544921875
3526,-37.68317794799805,144.6333465576172
3527,-37.68316650390625,144.63308715820312
3528,-37.68312072753906,144.63262939453125
3529,-37.682918548583984,144.63058471679688
3530,-37.682777404785156,144.62928771972656
3531,-37.68239974975586,144.62583923339844
3532,-37.701416015625,144.62118530273438
3533,-37.7015380859375,144.62120056152344
3534,-37.701637268066406,144.62120056152344
3535,-37.70174026489258,144.62124633789062
3536,-37.701839447021484,144.6212921142578
3537,-37.70193099975586,144.62136840820312
3538,-37.702022552490234,144.6214599609375
3539,-37.7021598815918,144.6216278076172
3540,-37.73638916015625,144.61509704589844
3541,-37.73182678222656,144.6159210205078
3542,-37.7288703918457,144.61642456054688
3543,-37.72454071044922,144.61720275878906
3544,-37.71949005126953,144.63621520996094
3545,-37.718563079833984,144.63636779785156
3546,-37.71799087524414,144.63645935058594
3547,-37.717552185058594,144.63653564453125
3548,-37.71583557128906,144.63682556152344
3549,-37.71474838256836,144.6370086669922
3550,-37.736907958984375,144.614990234375
3551,-37.72296905517578,144.6356201171875
3552,-37.722923278808594,144.63563537597656
3553,-37.7222900390625,144.6357421875
3554,-37.72223663330078,144.63575744628906
3555,-37.68765640258789,144.60580444335938
3556,-37.68762969970703,144.60565185546875
3557,-37.6950569152832,144.60690307617188
3558,-37.6951789855957,144.60720825195312
3559,-37.695274353027344,144.60748291015625
3560,-37.69536590576172,144.60781860351562
3561,-37.69548034667969,144.60829162597656
3562,-37.69559097290039,144.60882568359375
3563,-37.69573974609375,144.60946655273438
3564,-37.695945739746094,144.6103057861328
3565,-37.69609451293945,144.61082458496094
3566,-37.69625473022461,144.611328125
3567,-37.696407318115234,144.6117706298828
3568,-37.69660568237305,144.6123046875
3569,-37.69682312011719,144.61282348632812
3570,-37.69705581665039,144.61334228515625
3571,-37.69212341308594,144.6044464111328
3572,-37.69185256958008,144.60452270507812
3573,-37.68251037597656,144.6129913330078
3574,-37.68247604370117,144.6138916015625
3575,-37.68246078491211,144.61428833007812
3576,-37.682437896728516,144.61488342285156
3577,-37.682533264160156,144.6148681640625
3578,-37.682552337646484,144.6145782470703
3579,-37.68260955810547,144.61361694335938
3580,-37.68263626098633,144.61300659179688
3581,-37.682655334472656,144.61199951171875
3582,-37.682674407958984,144.61146545410156
3583,-37.68271255493164,144.6110382080078
3584,-37.68275451660156,144.61070251464844
3585,-37.68281555175781,144.6103515625
3586,-37.68288803100586,144.6100311279297
3587,-37.68296813964844,144.60975646972656
3588,-37.68308639526367,144.60940551757812
3589,-37.69586181640625,144.60084533691406
3590,-37.69575881958008,144.6005096435547
3591,-37.69565963745117,144.6001434326172
3592,-37.695613861083984,144.59986877441406
3593,-37.695579528808594,144.59963989257812
3594,-37.69553756713867,144.59927368164062
3595,-37.69548797607422,144.59881591796875
3596,-37.695472717285156,144.59848022460938
3597,-37.69530487060547,144.59567260742188
3598,-37.6949348449707,144.60397338867188
3599,-37.695884704589844,144.60379028320312
3600,-37.68457794189453,144.60580444335938
3601,-37.68461227416992,144.6057891845703
3602,-37.68465042114258,144.6057891845703
3603,-37.684688568115234,144.6057891845703
3604,-37.684608459472656,144.60560607910156
3605,-37.68458938598633,144.60568237304688
3606,-37.694828033447266,144.6008758544922
3607,-37.69468307495117,144.6013946533203
3608,-37.69452667236328,144.60186767578125
3609,-37.694366455078125,144.60218811035156
3610,-37.684810638427734,144.60572814941406
3611,-37.68467712402344,144.60546875
3612,-37.68240737915039,144.61720275878906
3613,-37.69386672973633,144.60508728027344
3614,-37.694087982177734,144.60533142089844
3615,-37.69429016113281,144.60557556152344
3616,-37.69453811645508,144.60592651367188
3617,-37.694705963134766,144.60618591308594
3618,-37.69490432739258,144.6065673828125
3619,-37.693389892578125,144.6038818359375
3620,-37.69336700439453,144.60394287109375
3621,-37.69335174560547,144.60398864746094
3622,-37.69335174560547,144.6040496826172
3623,-37.693355560302734,144.6041259765625
3624,-37.693355560302734,144.60418701171875
3625,-37.68479919433594,144.60597229003906
3626,-37.68484115600586,144.60609436035156
3627,-37.68486785888672,144.606201171875
3628,-37.68489074707031,144.60630798339844
3629,-37.684913635253906,144.60647583007812
3630,-37.69679260253906,144.60263061523438
3631,-37.696563720703125,144.60231018066406
3632,-37.69633483886719,144.6019287109375
3633,-37.696136474609375,144.60157775878906
3634,-37.69602966308594,144.60128784179688
3635,-37.697383880615234,144.6039276123047
3636,-37.69740295410156,144.6038818359375
3637,-37.697410583496094,144.6038360595703
3638,-37.69741439819336,144.60379028320312
3639,-37.69741439819336,144.60372924804688
3640,-37.69740676879883,144.60366821289062
3641,-37.69609832763672,144.60751342773438
3642,-37.69612121582031,144.6072235107422
3643,-37.6961555480957,144.60702514648438
3644,-37.69622039794922,144.6066436767578
3645,-37.6962890625,144.60635375976562
3646,-37.69636154174805,144.60606384277344
3647,-37.696441650390625,144.60577392578125
3648,-37.70282745361328,144.60244750976562
3649,-37.706233978271484,144.60223388671875
3650,-37.706275939941406,144.6023406982422
3651,-37.7063102722168,144.60244750976562
3652,-37.70635223388672,144.6025848388672
3653,-37.70271682739258,144.60247802734375
3654,-37.70669937133789,144.60191345214844
3655,-37.706844329833984,144.6018829345703
3656,-37.70698928833008,144.60183715820312
3657,-37.70737075805664,144.60171508789062
3658,-37.70783233642578,144.60154724121094
3659,-37.7047004699707,144.60211181640625
3660,-37.70634460449219,144.60232543945312
3661,-37.70634841918945,144.6022186279297
3662,-37.700767517089844,144.6028289794922
3663,-37.70649719238281,144.60195922851562
3664,-37.70659255981445,144.6019287109375
3665,-37.707298278808594,144.6016387939453
3666,-37.7066764831543,144.60174560546875
3667,-37.7065315246582,144.60177612304688
3668,-37.70647430419922,144.60179138183594
3669,-37.70642852783203,144.60179138183594
3670,-37.70637512207031,144.60177612304688
3671,-37.706119537353516,144.60157775878906
3672,-37.70611572265625,144.6016845703125
3673,-37.70145797729492,144.60643005371094
3674,-37.7014274597168,144.6059112548828
3675,-37.701393127441406,144.60548400878906
3676,-37.70136260986328,144.60516357421875
3677,-37.70130920410156,144.60482788085938
3678,-37.70126724243164,144.6046142578125
3679,-37.70121765136719,144.60440063476562
3680,-37.70115661621094,144.6041717529297
3681,-37.70108413696289,144.60391235351562
3682,-37.700984954833984,144.6036376953125
3683,-37.70091247558594,144.60345458984375
3684,-37.70087814331055,144.60333251953125
3685,-37.700836181640625,144.60317993164062
3686,-37.698909759521484,144.60279846191406
3687,-37.69886779785156,144.60260009765625
3688,-37.698787689208984,144.6024169921875
3689,-37.69864273071289,144.6022491455078
3690,-37.69822311401367,144.60191345214844
3691,-37.697933197021484,144.60169982910156
3692,-37.697505950927734,144.60142517089844
3693,-37.69713592529297,144.60118103027344
3694,-37.69698715209961,144.6010284423828
3695,-37.696956634521484,144.6009979248047
3696,-37.6967887878418,144.60081481933594
3697,-37.69660949707031,144.60067749023438
3698,-37.69637680053711,144.6005859375
3699,-37.696197509765625,144.60043334960938
3700,-37.6960563659668,144.6002655029297
3701,-37.69598388671875,144.60009765625
3702,-37.695953369140625,144.59983825683594
3703,-37.69586181640625,144.59852600097656
3704,-37.69581985473633,144.5977783203125
3705,-37.69579315185547,144.59713745117188
3706,-37.69579315185547,144.59695434570312
3707,-37.70513916015625,144.60203552246094
3708,-37.70515823364258,144.60218811035156
3709,-37.71511459350586,144.58212280273438
3710,-37.71515655517578,144.5819549560547
3711,-37.715213775634766,144.58164978027344
3712,-37.715248107910156,144.58128356933594
3713,-37.71525955200195,144.58099365234375
3714,-37.71525192260742,144.58074951171875
3715,-37.71521759033203,144.5804443359375
3716,-37.71519470214844,144.5802459716797
3717,-37.71508026123047,144.5792999267578
3718,-37.71500015258789,144.57864379882812
3719,-37.70949172973633,144.6012420654297
3720,-37.710174560546875,144.6011199951172
3721,-37.710418701171875,144.60107421875
3722,-37.71144485473633,144.60089111328125
3723,-37.712337493896484,144.6353302001953
3724,-37.71363067626953,144.63717651367188
3725,-37.71367645263672,144.63723754882812
3726,-37.71678161621094,144.64158630371094
3727,-37.71681594848633,144.64163208007812
3728,-37.6861457824707,144.5400390625
3729,-37.686073303222656,144.54122924804688
3730,-37.68600845336914,144.54234313964844
3731,-37.6859245300293,144.54388427734375
3732,-37.686283111572266,144.53306579589844
3733,-37.686302185058594,144.533447265625
3734,-37.68632888793945,144.53379821777344
3735,-37.6863899230957,144.53463745117188
3736,-37.68640899658203,144.53504943847656
3737,-37.68640899658203,144.535400390625
3738,-37.6863899230957,144.5357666015625
3739,-37.686363220214844,144.5362548828125
3740,-37.65354919433594,144.6019287109375
3741,-37.64999008178711,144.60260009765625
3742,-37.649330139160156,144.60269165039062
3743,-37.65468978881836,144.573974609375
3744,-37.6561393737793,144.5736846923828
3745,-37.65622329711914,144.57366943359375
3746,-37.65699005126953,144.5735321044922
3747,-37.663665771484375,144.55374145507812
3748,-37.65626525878906,144.55517578125
3749,-37.656070709228516,144.55520629882812
3750,-37.655128479003906,144.55538940429688
3751,-37.654701232910156,144.55548095703125
3752,-37.65422821044922,144.55557250976562
3753,-37.65372085571289,144.5556640625
3754,-37.65194320678711,144.55601501464844
3755,-37.649295806884766,144.5565185546875
3756,-37.64924621582031,144.5565185546875
3757,-37.66984176635742,144.55255126953125
3758,-37.6700553894043,144.55252075195312
3759,-37.67007827758789,144.55252075195312
3760,-37.67015838623047,144.55250549316406
3761,-37.65642547607422,144.61239624023438
3762,-37.65641403198242,144.6124725341797
3763,-37.65636444091797,144.61257934570312
3764,-37.65627670288086,144.61277770996094
3765,-37.65618133544922,144.61300659179688
3766,-37.65613555908203,144.61318969726562
3767,-37.6561164855957,144.61337280273438
3768,-37.6561279296875,144.6135711669922
3769,-37.67850112915039,144.587890625
3770,-37.679664611816406,144.587646484375
3771,-37.68006134033203,144.58758544921875
3772,-37.68021774291992,144.58761596679688
3773,-37.680233001708984,144.58761596679688
3774,-37.680320739746094,144.58766174316406
3775,-37.680397033691406,144.58770751953125
3776,-37.68050765991211,144.5878143310547
3777,-37.68113327026367,144.58839416503906
3778,-37.681251525878906,144.5885009765625
3779,-37.68037796020508,144.5897674560547
3780,-37.67778015136719,144.5942840576172
3781,-37.67766571044922,144.594482421875
3782,-37.67700958251953,144.5956268310547
3783,-37.681331634521484,144.58839416503906
3784,-37.68120574951172,144.5885467529297
3785,-37.68098068237305,144.5888214111328
3786,-37.680816650390625,144.5890350341797
3787,-37.680416107177734,144.58969116210938
3788,-37.68038558959961,144.58973693847656
3789,-37.68950653076172,144.58370971679688
3790,-37.68944549560547,144.58319091796875
3791,-37.689422607421875,144.58303833007812
3792,-37.689300537109375,144.58201599121094
3793,-37.68905258178711,144.57994079589844
3794,-37.68892288208008,144.57888793945312
3795,-37.68885040283203,144.57827758789062
3796,-37.689517974853516,144.596435546875
3797,-37.68952941894531,144.5965576171875
3798,-37.68959045410156,144.59725952148438
3799,-37.68989181518555,144.59970092773438
3800,-37.69023132324219,144.6010284423828
3801,-37.6902961730957,144.60145568847656
3802,-37.695350646972656,144.5743408203125
3803,-37.6954231262207,144.57432556152344
3804,-37.695980072021484,144.57421875
3805,-37.69603729248047,144.57420349121094
3806,-37.69607925415039,144.5741729736328
3807,-37.69610595703125,144.57415771484375
3808,-37.695491790771484,144.57528686523438
3809,-37.69548034667969,144.57521057128906
3810,-37.695255279541016,144.57374572753906
3811,-37.69524002075195,144.57363891601562
3812,-37.69514083862305,144.57298278808594
3813,-37.69499206542969,144.57196044921875
3814,-37.6949348449707,144.57154846191406
3815,-37.69485855102539,144.57098388671875
3816,-37.69475173950195,144.5701446533203
3817,-37.694637298583984,144.5692138671875
3818,-37.69463348388672,144.56918334960938
3819,-37.695220947265625,144.57296752929688
3820,-37.69573211669922,144.5728759765625
3821,-37.69578552246094,144.57286071777344
3822,-37.695831298828125,144.5728759765625
3823,-37.6959114074707,144.57289123535156
3824,-37.7059440612793,144.64122009277344
3825,-37.70320129394531,144.62548828125
3826,-37.70313262939453,144.6250762939453
3827,-37.70277786254883,144.62301635742188
3828,-37.702720642089844,144.6227264404297
3829,-37.70266342163086,144.6224822998047
3830,-37.70259475708008,144.62229919433594
3831,-37.702491760253906,144.6221160888672
3832,-37.6669921875,144.5364990234375
3833,-37.6669807434082,144.5364227294922
3834,-37.666873931884766,144.53555297851562
3835,-37.66777420043945,144.53636169433594
3836,-37.667762756347656,144.53627014160156
3837,-37.667659759521484,144.53538513183594
3838,-37.66874694824219,144.5469207763672
3839,-37.668739318847656,144.54684448242188
3840,-37.66864013671875,144.54595947265625
3841,-37.668636322021484,144.54579162597656
3842,-37.668643951416016,144.54562377929688
3843,-37.668678283691406,144.5454559326172
3844,-37.668739318847656,144.54525756835938
3845,-37.6688232421875,144.5450897216797
3846,-37.66902160644531,144.5447540283203
3847,-37.66914749145508,144.54454040527344
3848,-37.669349670410156,144.54420471191406
3849,-37.6694221496582,144.54403686523438
3850,-37.66947555541992,144.54385375976562
3851,-37.66949462890625,144.54364013671875
3852,-37.669490814208984,144.5435028076172
3853,-37.66944885253906,144.54318237304688
3854,-37.6693115234375,144.5420379638672
3855,-37.66929244995117,144.5418701171875
3856,-37.66925811767578,144.54156494140625
3857,-37.66922378540039,144.54135131835938
3858,-37.66917037963867,144.54103088378906
3859,-37.66914367675781,144.54090881347656
3860,-37.669132232666016,144.54083251953125
3861,-37.66910171508789,144.5407257080078
3862,-37.6690559387207,144.54067993164062
3863,-37.66908264160156,144.54058837890625
3864,-37.66908264160156,144.54049682617188
3865,-37.66899871826172,144.539794921875
3866,-37.66889572143555,144.53892517089844
3867,-37.66878890991211,144.53805541992188
3868,-37.66872024536133,144.5374755859375
3869,-37.668701171875,144.53732299804688
3870,-37.66868591308594,144.5372772216797
3871,-37.66865921020508,144.53724670410156
3872,-37.66863250732422,144.53721618652344
3873,-37.66865921020508,144.53712463378906
3874,-37.66866683959961,144.53704833984375
3875,-37.668663024902344,144.5369873046875
3876,-37.668609619140625,144.53656005859375
3877,-37.668575286865234,144.5363311767578
3878,-37.66854476928711,144.53628540039062
3879,-37.66851806640625,144.5362548828125
3880,-37.668540954589844,144.53614807128906
3881,-37.668548583984375,144.53610229492188
3882,-37.66854476928711,144.5360565185547
3883,-37.66844940185547,144.53524780273438
3884,-37.666259765625,144.5366668701172
3885,-37.66620635986328,144.5365753173828
3886,-37.66618347167969,144.53651428222656
3887,-37.66608428955078,144.5356903076172
3888,-37.667362213134766,144.5487518310547
3889,-37.667381286621094,144.5487060546875
3890,-37.66738510131836,144.5486602783203
3891,-37.66737747192383,144.5486297607422
3892,-37.667362213134766,144.548583984375
3893,-37.667335510253906,144.54855346679688
3894,-37.667301177978516,144.5485382080078
3895,-37.667266845703125,144.5485382080078
3896,-37.667236328125,144.54856872558594
3897,-37.6672248840332,144.54856872558594
3898,-37.66720962524414,144.548583984375
3899,-37.66720199584961,144.54861450195312
3900,-37.66719436645508,144.5486297607422
3901,-37.66718673706055,144.54867553710938
3902,-37.66719436645508,144.54872131347656
3903,-37.66720962524414,144.5487518310547
3904,-37.667236328125,144.5487823486328
3905,-37.66727066040039,144.54879760742188
3906,-37.66730499267578,144.54879760742188
3907,-37.667335510253906,144.5487823486328
3908,-37.66327667236328,144.54139709472656
3909,-37.663185119628906,144.54141235351562
3910,-37.66267395019531,144.54151916503906
3911,-37.662628173828125,144.54150390625
3912,-37.662593841552734,144.54147338867188
3913,-37.66258239746094,144.54141235351562
3914,-37.66229248046875,144.53895568847656
3915,-37.66230773925781,144.5386505126953
3916,-37.66231155395508,144.53860473632812
3917,-37.66230392456055,144.53854370117188
3918,-37.662227630615234,144.537841796875
3919,-37.66221618652344,144.53773498535156
3920,-37.66220474243164,144.53765869140625
3921,-37.66216278076172,144.5373992919922
3922,-37.662166595458984,144.537109375
3923,-37.662166595458984,144.5369415283203
3924,-37.66215896606445,144.5369110107422
3925,-37.662139892578125,144.53677368164062
3926,-37.662132263183594,144.5365753173828
3927,-37.66610336303711,144.5509033203125
3928,-37.66619873046875,144.55099487304688
3929,-37.66722869873047,144.5478515625
3930,-37.66712188720703,144.54786682128906
3931,-37.66657638549805,144.5479278564453
3932,-37.6664924621582,144.5479278564453
3933,-37.66641616821289,144.54791259765625
3934,-37.66633605957031,144.5478973388672
3935,-37.66630935668945,144.54788208007812
3936,-37.66624450683594,144.5478515625
3937,-37.663299560546875,144.54624938964844
3938,-37.663204193115234,144.5462188720703
3939,-37.66282272338867,144.54608154296875
3940,-37.66632843017578,144.54869079589844
3941,-37.66627502441406,144.5487060546875
3942,-37.66624069213867,144.54869079589844
3943,-37.66623306274414,144.54869079589844
3944,-37.66619110107422,144.54869079589844
3945,-37.66608428955078,144.55307006835938
3946,-37.66603469848633,144.55296325683594
3947,-37.666015625,144.55291748046875
3948,-37.66600799560547,144.55288696289062
3949,-37.665985107421875,144.5526580810547
3950,-37.66593551635742,144.55227661132812
3951,-37.66592788696289,144.55209350585938
3952,-37.665931701660156,144.55189514160156
3953,-37.66594314575195,144.55181884765625
3954,-37.66595458984375,144.5517120361328
3955,-37.665985107421875,144.55154418945312
3956,-37.66603469848633,144.55137634277344
3957,-37.66609191894531,144.55120849609375
3958,-37.66638946533203,144.5506134033203
3959,-37.66643524169922,144.5504913330078
3960,-37.66647720336914,144.55035400390625
3961,-37.666507720947266,144.55018615722656
3962,-37.66651916503906,144.55006408691406
3963,-37.66652297973633,144.54991149902344
3964,-37.6665153503418,144.5497589111328
3965,-37.66646957397461,144.5491485595703
3966,-37.66645812988281,144.5490264892578
3967,-37.66645812988281,144.5489959716797
3968,-37.66646194458008,144.5489501953125
3969,-37.666465759277344,144.5489044189453
3970,-37.666473388671875,144.54885864257812
3971,-37.66797637939453,144.55288696289062
3972,-37.66796112060547,144.55282592773438
3973,-37.667930603027344,144.55276489257812
3974,-37.66791534423828,144.552734375
3975,-37.66789245605469,144.55270385742188
3976,-37.667842864990234,144.55267333984375
3977,-37.66780090332031,144.55267333984375
3978,-37.666419982910156,144.55294799804688
3979,-37.66638946533203,144.55296325683594
3980,-37.66636657714844,144.55299377441406
3981,-37.66634750366211,144.5530548095703
3982,-37.666324615478516,144.5531005859375
3983,-37.666297912597656,144.55311584472656
3984,-37.6662712097168,144.5531463623047
3985,-37.6661262512207,144.5533447265625
3986,-37.66617202758789,144.55332946777344
3987,-37.66623306274414,144.55328369140625
3988,-37.666297912597656,144.55325317382812
3989,-37.66636276245117,144.55322265625
3990,-37.66646194458008,144.55319213867188
3991,-37.66801834106445,144.55296325683594
3992,-37.66804504394531,144.55299377441406
3993,-37.6680793762207,144.5530242919922
3994,-37.668148040771484,144.5531005859375
3995,-37.66818618774414,144.55313110351562
3996,-37.668216705322266,144.55313110351562
3997,-37.668251037597656,144.55313110351562
3998,-37.668514251708984,144.55308532714844
3999,-37.66877746582031,144.5530242919922
4000,-37.66880416870117,144.55300903320312
4001,-37.66890335083008,144.55279541015625
4002,-37.66891860961914,144.55274963378906
4003,-37.66893005371094,144.55271911621094
4004,-37.66593933105469,144.5534210205078
4005,-37.665958404541016,144.55348205566406
4006,-37.66598129272461,144.55355834960938
4007,-37.6660041809082,144.55368041992188
4008,-37.66603469848633,144.553955078125
4009,-37.66606903076172,144.5541534423828
4010,-37.66611099243164,144.55435180664062
4011,-37.66615676879883,144.55450439453125
4012,-37.66620635986328,144.55467224121094
4013,-37.666255950927734,144.5548095703125
4014,-37.666282653808594,144.55490112304688
4015,-37.66633605957031,144.5551300048828
4016,-37.666343688964844,144.55517578125
4017,-37.666378021240234,144.55535888671875
4018,-37.666404724121094,144.55555725097656
4019,-37.66642379760742,144.55569458007812
4020,-37.66643142700195,144.5557861328125
4021,-37.66652297973633,144.55654907226562
4022,-37.666526794433594,144.55661010742188
4023,-37.66652297973633,144.556640625
4024,-37.666500091552734,144.55670166015625
4025,-37.66647720336914,144.55673217773438
4026,-37.66643142700195,144.5567626953125
4027,-37.66584014892578,144.5518035888672
4028,-37.66630935668945,144.54872131347656
4029,-37.666297912597656,144.54876708984375
4030,-37.66629409790039,144.54879760742188
4031,-37.66630172729492,144.54884338378906
4032,-37.666316986083984,144.5488739013672
4033,-37.66633605957031,144.54888916015625
4034,-37.666358947753906,144.5489044189453
4035,-37.666385650634766,144.54891967773438
4036,-37.666412353515625,144.5489044189453
4037,-37.66643524169922,144.5489044189453
4038,-37.66645812988281,144.5488739013672
4039,-37.666481018066406,144.548828125
4040,-37.66648864746094,144.54879760742188
4041,-37.666481018066406,144.5487518310547
4042,-37.66646957397461,144.54872131347656
4043,-37.66645050048828,144.54869079589844
4044,-37.66642379760742,144.54867553710938
4045,-37.66638946533203,144.54867553710938
4046,-37.666358947753906,144.54867553710938
4047,-37.66627883911133,144.5585479736328
4048,-37.6662483215332,144.55859375
4049,-37.66623306274414,144.55862426757812
4050,-37.666229248046875,144.55865478515625
4051,-37.666229248046875,144.55868530273438
4052,-37.666229248046875,144.55873107910156
4053,-37.66631317138672,144.55943298339844
4054,-37.666419982910156,144.56033325195312
4055,-37.666473388671875,144.5607452392578
4056,-37.66651153564453,144.56105041503906
4057,-37.66653060913086,144.5612030029297
4058,-37.666629791259766,144.56195068359375
4059,-37.666648864746094,144.5620880126953
4060,-37.666656494140625,144.56216430664062
4061,-37.66669464111328,144.5625457763672
4062,-37.66678237915039,144.5632781982422
4063,-37.66682052612305,144.5634002685547
4064,-37.66688537597656,144.5635223388672
4065,-37.66694259643555,144.56361389160156
4066,-37.6672477722168,144.548095703125
4067,-37.667236328125,144.5482940673828
4068,-37.667236328125,144.5484161376953
4069,-37.667236328125,144.54844665527344
4070,-37.667232513427734,144.5485076904297
4071,-37.66553497314453,144.54881286621094
4072,-37.66554260253906,144.54885864257812
4073,-37.66566848754883,144.54901123046875
4074,-37.665706634521484,144.54908752441406
4075,-37.66504669189453,144.54107666015625
4076,-37.66497802734375,144.54107666015625
4077,-37.66386032104492,144.54129028320312
4078,-37.66722869873047,144.5383758544922
4079,-37.667179107666016,144.5383758544922
4080,-37.666229248046875,144.53855895996094
4081,-37.66606140136719,144.55686950683594
4082,-37.66599655151367,144.5568389892578
4083,-37.66596221923828,144.55682373046875
4084,-37.66593933105469,144.55682373046875
4085,-37.66590118408203,144.55682373046875
4086,-37.66451644897461,144.55709838867188
4087,-37.66447067260742,144.55709838867188
4088,-37.664363861083984,144.55712890625
4089,-37.664146423339844,144.5571746826172
4090,-37.6647834777832,144.55128479003906
4091,-37.66484451293945,144.5513916015625
4092,-37.665008544921875,144.5516815185547
4093,-37.66505432128906,144.55177307128906
4094,-37.66507339477539,144.55184936523438
4095,-37.665077209472656,144.5519561767578
4096,-37.665077209472656,144.5521240234375
4097,-37.66506576538086,144.5521697998047
4098,-37.665042877197266,144.55221557617188
4099,-37.665000915527344,144.55224609375
4100,-37.664772033691406,144.55235290527344
4101,-37.66339111328125,144.54237365722656
4102,-37.66338348388672,144.5422821044922
4103,-37.66305923461914,144.53955078125
4104,-37.66305160522461,144.5394744873047
4105,-37.66304016113281,144.5393829345703
4106,-37.662940979003906,144.53854370117188
4107,-37.67158126831055,144.54681396484375
4108,-37.67159652709961,144.5469207763672
4109,-37.671607971191406,144.54702758789062
4110,-37.66550827026367,144.55337524414062
4111,-37.665740966796875,144.5533447265625
4112,-37.665775299072266,144.5533447265625
4113,-37.665809631347656,144.5533447265625
4114,-37.66583251953125,144.55335998535156
4115,-37.66587829589844,144.55337524414062
4116,-37.66493225097656,144.54010009765625
4117,-37.66486740112305,144.5401153564453
4118,-37.66374588012695,144.5403289794922
4119,-37.666954040527344,144.5487060546875
4120,-37.6671028137207,144.54873657226562
4121,-37.667118072509766,144.54873657226562
4122,-37.66716766357422,144.5487518310547
4123,-37.666133880615234,144.5568084716797
4124,-37.66609573364258,144.55682373046875
4125,-37.666072845458984,144.55685424804688
4126,-37.666053771972656,144.55690002441406
4127,-37.666053771972656,144.55694580078125
4128,-37.66606140136719,144.55702209472656
4129,-37.66613006591797,144.5575714111328
4130,-37.6661491394043,144.55772399902344
4131,-37.666236877441406,144.5584259033203
4132,-37.6662483215332,144.55848693847656
4133,-37.666259765625,144.5585174560547
4134,-37.66744613647461,144.54013061523438
4135,-37.66738510131836,144.54014587402344
4136,-37.66654586791992,144.54029846191406
4137,-37.665863037109375,144.55313110351562
4138,-37.665794372558594,144.55319213867188
4139,-37.6657600402832,144.55322265625
4140,-37.66572952270508,144.55323791503906
4141,-37.66569900512695,144.5532684326172
4142,-37.66563034057617,144.55331420898438
4143,-37.66558074951172,144.5533447265625
4144,-37.66732406616211,144.54852294921875
4145,-37.667301177978516,144.54843139648438
4146,-37.66728210449219,144.5482940673828
4147,-37.66743469238281,144.5487060546875
4148,-37.66746139526367,144.5487060546875
4149,-37.66749954223633,144.54867553710938
4150,-37.6677131652832,144.54861450195312
4151,-37.6658821105957,144.5531005859375
4152,-37.66584396362305,144.55319213867188
4153,-37.66584014892578,144.55325317382812
4154,-37.66585159301758,144.55331420898438
4155,-37.665985107421875,144.55343627929688
4156,-37.66603088378906,144.55343627929688
4157,-37.66607666015625,144.55340576171875
4158,-37.66611099243164,144.55337524414062
4159,-37.6661491394043,144.55328369140625
4160,-37.66615295410156,144.55322265625
4161,-37.6661376953125,144.5531463623047
4162,-37.666107177734375,144.5531005859375
4163,-37.666046142578125,144.5530548095703
4164,-37.66600036621094,144.55303955078125
4165,-37.665958404541016,144.5530548095703
4166,-37.665916442871094,144.55307006835938
4167,-37.66606521606445,144.55087280273438
4168,-37.66596603393555,144.55079650878906
4169,-37.66588592529297,144.55075073242188
4170,-37.6657829284668,144.5507049560547
4171,-37.665679931640625,144.55068969726562
4172,-37.66556930541992,144.55068969726562
4173,-37.66545867919922,144.55072021484375
4174,-37.66539764404297,144.55075073242188
4175,-37.66534423828125,144.55079650878906
4176,-37.665260314941406,144.55087280273438
4177,-37.66433334350586,144.55169677734375
4178,-37.66424560546875,144.55174255371094
4179,-37.66415023803711,144.5517578125
4180,-37.664024353027344,144.55177307128906
4181,-37.66394805908203,144.55178833007812
4182,-37.66654968261719,144.54879760742188
4183,-37.666561126708984,144.54879760742188
4184,-37.66659927368164,144.5487823486328
4185,-37.666690826416016,144.54876708984375
4186,-37.666831970214844,144.54872131347656
4187,-37.66606521606445,144.5577392578125
4188,-37.6646728515625,144.55799865722656
4189,-37.66464614868164,144.55801391601562
4190,-37.664634704589844,144.5580291748047
4191,-37.66462326049805,144.5580596923828
4192,-37.66462707519531,144.55810546875
4193,-37.66471862792969,144.55886840820312
4194,-37.664798736572266,144.55955505371094
4195,-37.66481018066406,144.5596160888672
4196,-37.66481399536133,144.55963134765625
4197,-37.66482162475586,144.5596466064453
4198,-37.664825439453125,144.55966186523438
4199,-37.66483688354492,144.55967712402344
4200,-37.66484832763672,144.5596923828125
4201,-37.664859771728516,144.5596923828125
4202,-37.66487121582031,144.55970764160156
4203,-37.66488265991211,144.55970764160156
4204,-37.664920806884766,144.5596923828125
4205,-37.66625213623047,144.5594482421875
4206,-37.667545318603516,144.54095458984375
4207,-37.667537689208984,144.54087829589844
4208,-37.66733169555664,144.53919982910156
4209,-37.66713333129883,144.53756713867188
4210,-37.66712188720703,144.5374755859375
4211,-37.66484832763672,144.550048828125
4212,-37.66489791870117,144.5501251220703
4213,-37.66530990600586,144.55075073242188
4214,-37.66716384887695,144.5486297607422
4215,-37.667110443115234,144.54864501953125
4216,-37.66709518432617,144.54864501953125
4217,-37.66632843017578,144.5489044189453
4218,-37.666343688964844,144.5489501953125
4219,-37.66634750366211,144.5489959716797
4220,-37.66636657714844,144.54916381835938
4221,-37.666404724121094,144.54978942871094
4222,-37.666412353515625,144.54994201660156
4223,-37.666412353515625,144.55006408691406
4224,-37.66639709472656,144.55018615722656
4225,-37.666378021240234,144.55029296875
4226,-37.66633605957031,144.55044555664062
4227,-37.666255950927734,144.55062866210938
4228,-37.6660270690918,144.5510711669922
4229,-37.665958404541016,144.55123901367188
4230,-37.6658935546875,144.5514373779297
4231,-37.665855407714844,144.5516357421875
4232,-37.66582489013672,144.552001953125
4233,-37.66582489013672,144.5522003173828
4234,-37.66584777832031,144.55242919921875
4235,-37.6659049987793,144.5528564453125
4236,-37.6659049987793,144.5529327392578
4237,-37.6659049987793,144.55294799804688
4238,-37.66590118408203,144.5530242919922
4239,-37.66727066040039,144.53921508789062
4240,-37.66643524169922,144.53936767578125
4241,-37.66478729248047,144.55885314941406
4242,-37.66579818725586,144.55865478515625
4243,-37.66585922241211,144.55865478515625
4244,-37.665916442871094,144.55865478515625
4245,-37.66596603393555,144.55865478515625
4246,-37.66602325439453,144.55870056152344
4247,-37.666542053222656,144.55577087402344
4248,-37.66778564453125,144.55294799804688
4249,-37.667808532714844,144.55316162109375
4250,-37.66782760620117,144.55332946777344
4251,-37.66795349121094,144.55435180664062
4252,-37.66817092895508,144.55621337890625
4253,-37.66818618774414,144.55625915527344
4254,-37.668209075927734,144.55628967285156
4255,-37.668235778808594,144.55630493164062
4256,-37.66826629638672,144.55630493164062
4257,-37.668453216552734,144.5563201904297
4258,-37.66404342651367,144.55259704589844
4259,-37.66386413574219,144.55111694335938
4260,-37.66384506225586,144.5509490966797
4261,-37.66616439819336,144.54867553710938
4262,-37.6661262512207,144.54867553710938
4263,-37.66608428955078,144.54869079589844
4264,-37.666038513183594,144.54872131347656
4265,-37.66598129272461,144.5487518310547
4266,-37.665931701660156,144.54881286621094
4267,-37.66543197631836,144.54940795898438
4268,-37.66508865356445,144.54981994628906
4269,-37.665008544921875,144.54991149902344
4270,-37.664920806884766,144.54998779296875
4271,-37.664520263671875,144.55035400390625
4272,-37.66389465332031,144.5509033203125
4273,-37.663822174072266,144.55096435546875
4274,-37.663734436035156,144.55101013183594
4275,-37.66362762451172,144.55105590820312
4276,-37.6634407043457,144.5511474609375
4277,-37.66548538208008,144.54946899414062
4278,-37.66569900512695,144.5497589111328
4279,-37.66376495361328,144.55372619628906
4280,-37.66571807861328,144.55592346191406
4281,-37.66570281982422,144.5558319091797
4282,-37.66567611694336,144.55564880371094
4283,-37.6656379699707,144.55545043945312
4284,-37.665592193603516,144.55523681640625
4285,-37.66553497314453,144.55503845214844
4286,-37.66546630859375,144.5548095703125
4287,-37.6654167175293,144.55462646484375
4288,-37.66538619995117,144.55450439453125
4289,-37.66535949707031,144.5543670654297
4290,-37.66532516479492,144.5541534423828
4291,-37.66530227661133,144.55401611328125
4292,-37.66529083251953,144.5539093017578
4293,-37.665287017822266,144.55386352539062
4294,-37.66527557373047,144.55380249023438
4295,-37.66526412963867,144.5537872314453
4296,-37.665245056152344,144.5537567138672
4297,-37.665218353271484,144.5537567138672
4298,-37.665184020996094,144.55374145507812
4299,-37.66419982910156,144.55392456054688
4300,-37.66416549682617,144.553955078125
4301,-37.66414260864258,144.55397033691406
4302,-37.66413116455078,144.5540008544922
4303,-37.664127349853516,144.5540313720703
4304,-37.66413497924805,144.5540771484375
4305,-37.664154052734375,144.55421447753906
4306,-37.66450500488281,144.55699157714844
4307,-37.666481018066406,144.5567626953125
4308,-37.66651916503906,144.55674743652344
4309,-37.66655731201172,144.55674743652344
4310,-37.66659164428711,144.55673217773438
4311,-37.66661834716797,144.5566864013672
4312,-37.6666259765625,144.55667114257812
4313,-37.66663360595703,144.55662536621094
4314,-37.666629791259766,144.55657958984375
4315,-37.66657257080078,144.5560302734375
4316,-37.66649627685547,144.55540466308594
4317,-37.66647720336914,144.5552520751953
4318,-37.66645431518555,144.5551300048828
4319,-37.66642379760742,144.5550079345703
4320,-37.66637420654297,144.55482482910156
4321,-37.66633605957031,144.55470275878906
4322,-37.66627883911133,144.55450439453125
4323,-37.66621780395508,144.55430603027344
4324,-37.66618347167969,144.55416870117188
4325,-37.6661491394043,144.55397033691406
4326,-37.6661262512207,144.5537872314453
4327,-37.66610336303711,144.55361938476562
4328,-37.666099548339844,144.5535430908203
4329,-37.66610336303711,144.55348205566406
4330,-37.66636276245117,144.55580139160156
4331,-37.665809631347656,144.555908203125
4332,-37.66507339477539,144.55604553222656
4333,-37.665042877197266,144.55604553222656
4334,-37.665016174316406,144.5560302734375
4335,-37.665000915527344,144.55599975585938
4336,-37.66499328613281,144.5559539794922
4337,-37.664859771728516,144.55484008789062
4338,-37.664859771728516,144.5548095703125
4339,-37.66486358642578,144.55477905273438
4340,-37.66487121582031,144.5547637939453
4341,-37.66488265991211,144.55474853515625
4342,-37.6649055480957,144.5547332763672
4343,-37.664939880371094,144.55471801757812
4344,-37.66534423828125,144.5546417236328
4345,-37.666385650634766,144.5531768798828
4346,-37.666316986083984,144.55316162109375
4347,-37.66622543334961,144.55313110351562
4348,-37.66621780395508,144.55313110351562
4349,-37.66749954223633,144.54859924316406
4350,-37.66745376586914,144.54859924316406
4351,-37.66740036010742,144.54859924316406
4352,-37.666664123535156,144.5568084716797
4353,-37.66667938232422,144.55686950683594
4354,-37.66669845581055,144.5569610595703
4355,-37.66672134399414,144.55706787109375
4356,-37.6667594909668,144.5571746826172
4357,-37.66679763793945,144.55726623535156
4358,-37.666839599609375,144.55735778808594
4359,-37.666866302490234,144.55738830566406
4360,-37.66690444946289,144.55740356445312
4361,-37.666934967041016,144.5574188232422
4362,-37.666961669921875,144.55740356445312
4363,-37.66700744628906,144.55738830566406
4364,-37.66743087768555,144.5572052001953
4365,-37.667457580566406,144.55718994140625
4366,-37.66747283935547,144.5571746826172
4367,-37.66748809814453,144.55712890625
4368,-37.66749572753906,144.5570831298828
4369,-37.6674919128418,144.5570526123047
4370,-37.667476654052734,144.55699157714844
4371,-37.66740417480469,144.5567169189453
4372,-37.667381286621094,144.55661010742188
4373,-37.66737365722656,144.55654907226562
4374,-37.66719436645508,144.55506896972656
4375,-37.667179107666016,144.55503845214844
4376,-37.66716384887695,144.55502319335938
4377,-37.66714859008789,144.5550079345703
4378,-37.667118072509766,144.5550079345703
4379,-37.66708755493164,144.5550079345703
4380,-37.6665153503418,144.55511474609375
4381,-37.66707992553711,144.5541229248047
4382,-37.667057037353516,144.55389404296875
4383,-37.667030334472656,144.5536346435547
4384,-37.66701889038086,144.55355834960938
4385,-37.66700744628906,144.55352783203125
4386,-37.666988372802734,144.55349731445312
4387,-37.66695785522461,144.55349731445312
4388,-37.666934967041016,144.55349731445312
4389,-37.66691589355469,144.5535125732422
4390,-37.666900634765625,144.5535430908203
4391,-37.66689682006836,144.55357360839844
4392,-37.66693878173828,144.55393981933594
4393,-37.66695022583008,144.55397033691406
4394,-37.66697311401367,144.5540008544922
4395,-37.66700744628906,144.55401611328125
4396,-37.66703414916992,144.55404663085938
4397,-37.667057037353516,144.55406188964844
4398,-37.66569900512695,144.55322265625
4399,-37.6656608581543,144.55319213867188
4400,-37.665618896484375,144.5531463623047
4401,-37.66558074951172,144.55311584472656
4402,-37.665550231933594,144.55311584472656
4403,-37.66551208496094,144.55311584472656
4404,-37.6638298034668,144.55343627929688
4405,-37.663795471191406,144.553466796875
4406,-37.66377258300781,144.55349731445312
4407,-37.66375732421875,144.55355834960938
4408,-37.66375732421875,144.55361938476562
4409,-37.66716384887695,144.554931640625
4410,-37.66716766357422,144.55487060546875
4411,-37.66716384887695,144.55482482910156
4412,-37.670169830322266,144.5523681640625
4413,-37.67013931274414,144.5523681640625
4414,-37.67010498046875,144.55235290527344
4415,-37.67007064819336,144.5523223876953
4416,-37.6700325012207,144.5522918701172
4417,-37.66999435424805,144.55226135253906
4418,-37.66995620727539,144.55226135253906
4419,-37.6699104309082,144.55227661132812
4420,-37.66858673095703,144.55252075195312
4421,-37.668556213378906,144.55255126953125
4422,-37.66853332519531,144.55258178710938
4423,-37.66851806640625,144.5526123046875
4424,-37.66851043701172,144.55267333984375
4425,-37.66850662231445,144.55271911621094
4426,-37.66849136352539,144.55279541015625
4427,-37.67083740234375,144.5526123046875
4428,-37.67081069946289,144.55262756347656
4429,-37.67067337036133,144.55264282226562
4430,-37.670501708984375,144.55282592773438
4431,-37.67051315307617,144.5527801513672
4432,-37.67052459716797,144.5526885986328
4433,-37.670528411865234,144.55267333984375
4434,-37.67054748535156,144.55259704589844
4435,-37.670555114746094,144.5525360107422
4436,-37.67087936401367,144.552490234375
4437,-37.670875549316406,144.5525360107422
4438,-37.670379638671875,144.5525360107422
4439,-37.67040252685547,144.55258178710938
4440,-37.67043685913086,144.55264282226562
4441,-37.67045211791992,144.55270385742188
4442,-37.670475006103516,144.5527801513672
4443,-37.66950988769531,144.55288696289062
4444,-37.669498443603516,144.5529327392578
4445,-37.66948699951172,144.552978515625
4446,-37.669490814208984,144.55303955078125
4447,-37.66951370239258,144.55319213867188
4448,-37.66953659057617,144.55325317382812
4449,-37.66956329345703,144.5532989501953
4450,-37.66960525512695,144.55335998535156
4451,-37.694671630859375,144.54098510742188
4452,-37.69460678100586,144.541015625
4453,-37.69452667236328,144.54104614257812
4454,-37.69440460205078,144.54107666015625
4455,-37.694305419921875,144.54107666015625
4456,-37.69418716430664,144.54107666015625
4457,-37.694061279296875,144.5410919189453
4458,-37.69395065307617,144.54112243652344
4459,-37.69382858276367,144.54116821289062
4460,-37.69374465942383,144.54119873046875
4461,-37.693572998046875,144.5412139892578
4462,-37.693519592285156,144.5412139892578
4463,-37.69345474243164,144.5412139892578
4464,-37.693359375,144.54122924804688
4465,-37.69325256347656,144.54124450683594
4466,-37.693111419677734,144.5413055419922
4467,-37.69300842285156,144.5413360595703
4468,-37.692893981933594,144.54135131835938
4469,-37.69277572631836,144.54135131835938
4470,-37.692691802978516,144.54135131835938
4471,-37.69255065917969,144.5413818359375
4472,-37.692378997802734,144.5414581298828
4473,-37.69226837158203,144.54148864746094
4474,-37.69215774536133,144.54148864746094
4475,-37.69204330444336,144.54148864746094
4476,-37.691932678222656,144.54150390625
4477,-37.69182586669922,144.54153442382812
4478,-37.69165802001953,144.54159545898438
4479,-37.69464874267578,144.54080200195312
4480,-37.694583892822266,144.54026794433594
4481,-37.69292068481445,144.54666137695312
4482,-37.692867279052734,144.5466766357422
4483,-37.69282150268555,144.5466766357422
4484,-37.69287109375,144.5462188720703
4485,-37.692848205566406,144.54629516601562
4486,-37.69283676147461,144.54635620117188
4487,-37.692832946777344,144.54641723632812
4488,-37.69377517700195,144.54464721679688
4489,-37.69381332397461,144.54498291015625
4490,-37.693824768066406,144.54505920410156
4491,-37.69389343261719,144.54559326171875
4492,-37.69393539428711,144.54591369628906
4493,-37.693946838378906,144.54600524902344
4494,-37.69450759887695,144.54000854492188
4495,-37.69449996948242,144.5400390625
4496,-37.69449996948242,144.54006958007812
4497,-37.69450759887695,144.54010009765625
4498,-37.694522857666016,144.54013061523438
4499,-37.69453048706055,144.54013061523438
4500,-37.69454574584961,144.54014587402344
4501,-37.69456481933594,144.54014587402344
4502,-37.694583892822266,144.54014587402344
4503,-37.69459915161133,144.54013061523438
4504,-37.69461441040039,144.5401153564453
4505,-37.694618225097656,144.54010009765625
4506,-37.69462966918945,144.54006958007812
4507,-37.69462966918945,144.54005432128906
4508,-37.69462203979492,144.54002380371094
4509,-37.69460678100586,144.5399932861328
4510,-37.69459915161133,144.5399932861328
4511,-37.694583892822266,144.53997802734375
4512,-37.69456481933594,144.53997802734375
4513,-37.69454574584961,144.53997802734375
4514,-37.69452667236328,144.5399932861328
4515,-37.69451141357422,144.54000854492188
4516,-37.69445037841797,144.54005432128906
4517,-37.69438171386719,144.54010009765625
4518,-37.694454193115234,144.5401153564453
4519,-37.69258499145508,144.54391479492188
4520,-37.692535400390625,144.54393005371094
4521,-37.69248962402344,144.5439453125
4522,-37.692649841308594,144.5443878173828
4523,-37.6926155090332,144.54434204101562
4524,-37.69258499145508,144.54429626464844
4525,-37.69257354736328,144.5442657470703
4526,-37.692569732666016,144.5442352294922
4527,-37.69367599487305,144.54380798339844
4528,-37.693702697753906,144.54403686523438
4529,-37.6937141418457,144.5441131591797
4530,-37.69699478149414,144.5450897216797
4531,-37.697021484375,144.54531860351562
4532,-37.69702911376953,144.54539489746094
4533,-37.69688034057617,144.5441436767578
4534,-37.6969108581543,144.5443878173828
4535,-37.69691848754883,144.54444885253906
4536,-37.692508697509766,144.54818725585938
4537,-37.69267654418945,144.54812622070312
4538,-37.69896697998047,144.5469512939453
4539,-37.69913101196289,144.54690551757812
4540,-37.6992301940918,144.546875
4541,-37.69868850708008,144.5469512939453
4542,-37.698570251464844,144.54685974121094
4543,-37.69853591918945,144.5467529296875
4544,-37.69232177734375,144.5478973388672
4545,-37.6922607421875,144.54774475097656
4546,-37.6924934387207,144.54806518554688
4547,-37.69843292236328,144.54701232910156
4548,-37.69833755493164,144.54705810546875
4549,-37.692291259765625,144.54840087890625
4550,-37.699092864990234,144.5419921875
4551,-37.699066162109375,144.54197692871094
4552,-37.699039459228516,144.54197692871094
4553,-37.699012756347656,144.54197692871094
4554,-37.6989860534668,144.5419921875
4555,-37.6989631652832,144.54200744628906
4556,-37.69949722290039,144.5467071533203
4557,-37.69939041137695,144.54676818847656
4558,-37.69938659667969,144.54678344726562
4559,-37.694759368896484,144.54293823242188
4560,-37.694793701171875,144.54295349121094
4561,-37.691898345947266,144.54345703125
4562,-37.69185256958008,144.54345703125
4563,-37.695011138916016,144.5428466796875
4564,-37.69898986816406,144.5416717529297
4565,-37.6989860534668,144.54177856445312
4566,-37.698978424072266,144.5418701171875
4567,-37.69178009033203,144.543701171875
4568,-37.6917839050293,144.54364013671875
4569,-37.699092864990234,144.5424041748047
4570,-37.699100494384766,144.54232788085938
4571,-37.699100494384766,144.54229736328125
4572,-37.69910430908203,144.5421905517578
4573,-37.699005126953125,144.54222106933594
4574,-37.69901657104492,144.54229736328125
4575,-37.69902801513672,144.54234313964844
4576,-37.69905090332031,144.54241943359375
4577,-37.698974609375,144.54156494140625
4578,-37.69236373901367,144.5483856201172
4579,-37.699058532714844,144.5419158935547
4580,-37.69902420043945,144.54177856445312
4581,-37.69224548339844,144.54791259765625
4582,-37.69999313354492,144.54672241210938
4583,-37.69989013671875,144.5467071533203
4584,-37.69978332519531,144.54669189453125
4585,-37.69969177246094,144.546630859375
4586,-37.69953918457031,144.5464630126953
4587,-37.699527740478516,144.5465545654297
4588,-37.69950866699219,144.5466766357422
4589,-37.69965362548828,144.54661560058594
4590,-37.699615478515625,144.54656982421875
4591,-37.69960021972656,144.54653930664062
4592,-37.6995735168457,144.5464630126953
4593,-37.69844436645508,144.5470733642578
4594,-37.699710845947266,144.54684448242188
4595,-37.699825286865234,144.54681396484375
4596,-37.699398040771484,144.54689025878906
4597,-37.699405670166016,144.54689025878906
4598,-37.69953918457031,144.546875
4599,-37.69856262207031,144.54718017578125
4600,-37.69860076904297,144.5472869873047
4601,-37.699554443359375,144.54689025878906
4602,-37.69957733154297,144.5470428466797
4603,-37.699668884277344,144.54702758789062
4604,-37.69969177246094,144.546875
4605,-37.71626663208008,144.6398162841797
4606,-37.71639633178711,144.63998413085938
4607,-37.7165412902832,144.64019775390625
4608,-37.71665954589844,144.64036560058594
4609,-37.71685791015625,144.64065551757812
4610,-37.71717834472656,144.64109802246094
4611,-37.71772384643555,144.641845703125
4612,-37.68926239013672,144.60313415527344
4613,-37.68928146362305,144.6033172607422
4614,-37.68937301635742,144.6040496826172
4615,-37.69011306762695,144.60354614257812
4616,-37.69007110595703,144.60354614257812
4617,-37.6899528503418,144.6033935546875
4618,-37.6899299621582,144.6033935546875
4619,-37.68883514404297,144.6053009033203
4620,-37.68882369995117,144.6051788330078
4621,-37.688804626464844,144.60498046875
4622,-37.68885803222656,144.60488891601562
4623,-37.68894577026367,144.60487365722656
4624,-37.68909454345703,144.60484313964844
4625,-37.689178466796875,144.60482788085938
4626,-37.7362060546875,144.63343811035156
4627,-37.73610305786133,144.6325225830078
4628,-37.73571014404297,144.62893676757812
4629,-37.73563766479492,144.62831115722656
4630,-37.73545837402344,144.62733459472656
4631,-37.735111236572266,144.62628173828125
4632,-37.734527587890625,144.62527465820312
4633,-37.73442459106445,144.62509155273438
4634,-37.73440933227539,144.62506103515625
4635,-37.734222412109375,144.6248016357422
4636,-37.73398208618164,144.62451171875
4637,-37.733882904052734,144.62440490722656
4638,-37.73355484008789,144.62413024902344
4639,-37.7332878112793,144.62388610839844
4640,-37.7324104309082,144.6234130859375
4641,-37.73161697387695,144.62318420410156
4642,-37.73086929321289,144.62307739257812
4643,-37.730712890625,144.6230926513672
4644,-37.73042678833008,144.623046875
4645,-37.730316162109375,144.62303161621094
4646,-37.730098724365234,144.6228790283203
4647,-37.72985076904297,144.62266540527344
4648,-37.72962951660156,144.62232971191406
4649,-37.72948455810547,144.6218719482422
4650,-37.729400634765625,144.6211700439453
4651,-37.729366302490234,144.62081909179688
4652,-37.68933868408203,144.604248046875
4653,-37.689292907714844,144.60423278808594
4654,-37.68913269042969,144.6042938232422
4655,-37.68911361694336,144.6043243408203
4656,-37.6894416809082,144.6041259765625
4657,-37.6893196105957,144.6040802001953
4658,-37.689212799072266,144.6041259765625
4659,-37.68907928466797,144.60304260253906
4660,-37.689144134521484,144.60296630859375
4661,-37.6894416809082,144.6033935546875
4662,-37.689491271972656,144.60382080078125
4663,-37.68952178955078,144.6038818359375
4664,-37.68955993652344,144.60391235351562
4665,-37.6898307800293,144.60247802734375
4666,-37.690853118896484,144.60397338867188
4667,-37.690956115722656,144.6040496826172
4668,-37.69105911254883,144.6040802001953
4669,-37.691680908203125,144.60411071777344
4670,-37.68949508666992,144.60470581054688
4671,-37.68940353393555,144.604736328125
4672,-37.65446472167969,144.53700256347656
4673,-37.656063079833984,144.5366973876953
4674,-37.66140365600586,144.53565979003906
4675,-37.69291687011719,144.5397491455078
4676,-37.69289016723633,144.5395050048828
4677,-37.6928825378418,144.5394287109375
4678,-37.69063949584961,144.5408935546875
4679,-37.69062805175781,144.5408935546875
4680,-37.6905632019043,144.54090881347656
4681,-37.69049072265625,144.5409393310547
4682,-37.69040298461914,144.54095458984375
4683,-37.69032287597656,144.54095458984375
4684,-37.69022750854492,144.54095458984375
4685,-37.69013595581055,144.54095458984375
4686,-37.690040588378906,144.54098510742188
4687,-37.68992614746094,144.541015625
4688,-37.6898078918457,144.54107666015625
4689,-37.68971252441406,144.5410919189453
4690,-37.689598083496094,144.5410919189453
4691,-37.689491271972656,144.5410919189453
4692,-37.68939971923828,144.54110717773438
4693,-37.689300537109375,144.54112243652344
4694,-37.68918228149414,144.54116821289062
4695,-37.689151763916016,144.54119873046875
4696,-37.68914031982422,144.5412139892578
4697,-37.68912124633789,144.54122924804688
4698,-37.68911361694336,144.541259765625
4699,-37.689109802246094,144.5413055419922
4700,-37.68911361694336,144.5413818359375
4701,-37.689125061035156,144.5414276123047
4702,-37.6891975402832,144.54202270507812
4703,-37.689208984375,144.54209899902344
4704,-37.68922805786133,144.54212951660156
4705,-37.68925094604492,144.5421600341797
4706,-37.689266204833984,144.5421600341797
4707,-37.68928146362305,144.54217529296875
4708,-37.689300537109375,144.54217529296875
4709,-37.689334869384766,144.5421600341797
4710,-37.68937683105469,144.54214477539062
4711,-37.68941116333008,144.54214477539062
4712,-37.689476013183594,144.5421142578125
4713,-37.689544677734375,144.54209899902344
4714,-37.689632415771484,144.54209899902344
4715,-37.68974685668945,144.54209899902344
4716,-37.68983459472656,144.54208374023438
4717,-37.689918518066406,144.54208374023438
4718,-37.69001388549805,144.5420379638672
4719,-37.69011306762695,144.54200744628906
4720,-37.6901969909668,144.54197692871094
4721,-37.69028854370117,144.54196166992188
4722,-37.69037628173828,144.54196166992188
4723,-37.69047164916992,144.54196166992188
4724,-37.69055938720703,144.5419464111328
4725,-37.690643310546875,144.5419464111328
4726,-37.69071960449219,144.5419158935547
4727,-37.69076919555664,144.54190063476562
4728,-37.69078826904297,144.54188537597656
4729,-37.6982307434082,144.54421997070312
4730,-37.69816970825195,144.54425048828125
4731,-37.69807815551758,144.54428100585938
4732,-37.69797897338867,144.54429626464844
4733,-37.69786071777344,144.5443115234375
4734,-37.697715759277344,144.5443115234375
4735,-37.697593688964844,144.54432678222656
4736,-37.69744110107422,144.5443878173828
4737,-37.69734573364258,144.54441833496094
4738,-37.6972541809082,144.54444885253906
4739,-37.69712829589844,144.54444885253906
4740,-37.69698715209961,144.54444885253906
4741,-37.696781158447266,144.54449462890625
4742,-37.6966667175293,144.54454040527344
4743,-37.69655227661133,144.54458618164062
4744,-37.6964225769043,144.5446014404297
4745,-37.6962776184082,144.5446014404297
4746,-37.69614791870117,144.54461669921875
4747,-37.695960998535156,144.54469299316406
4748,-37.69582748413086,144.5447235107422
4749,-37.69309616088867,144.54119873046875
4750,-37.69306564331055,144.5409698486328
4751,-37.692203521728516,144.54730224609375
4752,-37.692291259765625,144.5472869873047
4753,-37.694061279296875,144.54693603515625
4754,-37.69449996948242,144.54685974121094
4755,-37.6951789855957,144.54672241210938
4756,-37.69812774658203,144.5432891845703
4757,-37.69805908203125,144.54331970214844
4758,-37.697975158691406,144.5433349609375
4759,-37.69784927368164,144.54336547851562
4760,-37.69772720336914,144.54336547851562
4761,-37.69760513305664,144.5433807373047
4762,-37.69746017456055,144.54339599609375
4763,-37.69731903076172,144.54344177246094
4764,-37.69721603393555,144.54348754882812
4765,-37.697105407714844,144.5435028076172
4766,-37.69699478149414,144.5435028076172
4767,-37.696895599365234,144.5435028076172
4768,-37.69667434692383,144.54356384277344
4769,-37.69654846191406,144.54360961914062
4770,-37.696441650390625,144.54364013671875
4771,-37.69632339477539,144.5436553955078
4772,-37.69620132446289,144.5436553955078
4773,-37.69611358642578,144.5436553955078
4774,-37.69599533081055,144.54368591308594
4775,-37.69584274291992,144.5437469482422
4776,-37.6957893371582,144.54376220703125
4777,-37.695743560791016,144.54383850097656
4778,-37.695735931396484,144.5438995361328
4779,-37.69574737548828,144.54400634765625
4780,-37.69580841064453,144.54454040527344
4781,-37.69593048095703,144.54550170898438
4782,-37.6959342956543,144.5455322265625
4783,-37.695953369140625,144.54559326171875
4784,-37.69598388671875,144.54562377929688
4785,-37.696022033691406,144.54563903808594
4786,-37.696067810058594,144.54562377929688
4787,-37.6961784362793,144.5455780029297
4788,-37.69635772705078,144.5455322265625
4789,-37.69647216796875,144.54551696777344
4790,-37.69660949707031,144.54551696777344
4791,-37.696712493896484,144.54550170898438
4792,-37.69683074951172,144.5454559326172
4793,-37.69696044921875,144.54541015625
4794,-37.6971549987793,144.54537963867188
4795,-37.6972770690918,144.54537963867188
4796,-37.697364807128906,144.54537963867188
4797,-37.69747543334961,144.54534912109375
4798,-37.697635650634766,144.5452880859375
4799,-37.69774627685547,144.54525756835938
4800,-37.69788360595703,144.5452423095703
4801,-37.69804000854492,144.5452423095703
4802,-37.69814682006836,144.54522705078125
4803,-37.69828414916992,144.54519653320312
4804,-37.69834899902344,144.54518127441406
4805,-37.69539260864258,144.54693603515625
4806,-37.6954345703125,144.54727172851562
4807,-37.69544219970703,144.54736328125
4808,-37.695457458496094,144.5475311279297
4809,-37.69033432006836,144.54299926757812
4810,-37.69032669067383,144.5429229736328
4811,-37.69152069091797,144.5483856201172
4812,-37.69114303588867,144.54849243164062
4813,-37.6907844543457,144.54859924316406
4814,-37.690330505371094,144.5487060546875
4815,-37.68963623046875,144.54884338378906
4816,-37.694664001464844,144.54006958007812
4817,-37.69466018676758,144.54000854492188
4818,-37.69276809692383,144.54197692871094
4819,-37.69279479980469,144.54222106933594
4820,-37.69281005859375,144.54234313964844
4821,-37.695396423339844,144.54661560058594
4822,-37.69536590576172,144.54653930664062
4823,-37.69536209106445,144.54653930664062
4824,-37.69533157348633,144.5464630126953
4825,-37.6900520324707,144.54306030273438
4826,-37.6900634765625,144.54315185546875
4827,-37.71212387084961,144.5443878173828
4828,-37.712345123291016,144.54434204101562
4829,-37.71293640136719,144.54425048828125
4830,-37.71317672729492,144.54421997070312
4831,-37.713287353515625,144.544189453125
4832,-37.71334457397461,144.54417419433594
4833,-37.71352005004883,144.5441131591797
4834,-37.713645935058594,144.54409790039062
4835,-37.71369552612305,144.54409790039062
4836,-37.7137451171875,144.54412841796875
4837,-37.713775634765625,144.54420471191406
4838,-37.71403121948242,144.54489135742188
4839,-37.7140998840332,144.545166015625
4840,-37.71415710449219,144.5454559326172
4841,-37.71421432495117,144.54562377929688
4842,-37.714298248291016,144.54574584960938
4843,-37.71440505981445,144.54586791992188
4844,-37.71452331542969,144.5459747314453
4845,-37.7145881652832,144.54603576660156
4846,-37.714630126953125,144.54611206054688
4847,-37.68910598754883,144.54116821289062
4848,-37.68907928466797,144.54110717773438
4849,-37.689064025878906,144.5410614013672
4850,-37.68905258178711,144.541015625
4851,-37.68901824951172,144.54071044921875
4852,-37.69089126586914,144.5428924560547
4853,-37.69074630737305,144.5429229736328
4854,-37.69073486328125,144.5429229736328
4855,-37.69060134887695,144.54295349121094
4856,-37.690574645996094,144.54295349121094
4857,-37.690460205078125,144.54298400878906
4858,-37.690433502197266,144.54298400878906
4859,-37.6903076171875,144.5430145263672
4860,-37.69019317626953,144.54302978515625
4861,-37.69016647338867,144.5430450439453
4862,-37.690067291259766,144.54306030273438
4863,-37.689945220947266,144.54307556152344
4864,-37.68896484375,144.54327392578125
4865,-37.68877029418945,144.54330444335938
4866,-37.688724517822266,144.54331970214844
4867,-37.688690185546875,144.54330444335938
4868,-37.68866729736328,144.5432891845703
4869,-37.688655853271484,144.5432891845703
4870,-37.688629150390625,144.54324340820312
4871,-37.68861770629883,144.543212890625
4872,-37.68861389160156,144.54319763183594
4873,-37.688499450683594,144.54212951660156
4874,-37.68830490112305,144.54031372070312
4875,-37.688255310058594,144.53988647460938
4876,-37.691280364990234,144.54620361328125
4877,-37.69122314453125,144.54620361328125
4878,-37.69089126586914,144.5462646484375
4879,-37.6910514831543,144.54368591308594
4880,-37.691036224365234,144.54376220703125
4881,-37.691043853759766,144.54388427734375
4882,-37.69105529785156,144.54412841796875
4883,-37.691062927246094,144.5443115234375
4884,-37.69108581542969,144.54457092285156
4885,-37.6911506652832,144.54513549804688
4886,-37.691375732421875,144.54696655273438
4887,-37.691402435302734,144.54702758789062
4888,-37.691429138183594,144.54705810546875
4889,-37.691490173339844,144.5470733642578
4890,-37.69206237792969,144.5469512939453
4891,-37.69215774536133,144.54693603515625
4892,-37.69845962524414,144.54608154296875
4893,-37.69017791748047,144.54312133789062
4894,-37.69426727294922,144.54013061523438
4895,-37.694175720214844,144.54013061523438
4896,-37.69404220581055,144.54013061523438
4897,-37.693931579589844,144.54014587402344
4898,-37.69384002685547,144.54017639160156
4899,-37.693729400634766,144.54022216796875
4900,-37.69361877441406,144.54026794433594
4901,-37.693511962890625,144.54026794433594
4902,-37.693382263183594,144.540283203125
4903,-37.693267822265625,144.540283203125
4904,-37.69317626953125,144.54029846191406
4905,-37.69306945800781,144.54034423828125
4906,-37.6929931640625,144.54037475585938
4907,-37.69296646118164,144.54037475585938
4908,-37.69287109375,144.5404052734375
4909,-37.6927490234375,144.54042053222656
4910,-37.692630767822266,144.54042053222656
4911,-37.692535400390625,144.54042053222656
4912,-37.69241714477539,144.5404510498047
4913,-37.692298889160156,144.54049682617188
4914,-37.69220733642578,144.54052734375
4915,-37.69209289550781,144.54054260253906
4916,-37.691978454589844,144.54054260253906
4917,-37.69186019897461,144.54055786132812
4918,-37.691776275634766,144.5405731201172
4919,-37.69167709350586,144.5406036376953
4920,-37.69157028198242,144.5406494140625
4921,-37.69149398803711,144.54066467285156
4922,-37.693687438964844,144.5421600341797
4923,-37.69361877441406,144.54217529296875
4924,-37.693565368652344,144.5421905517578
4925,-37.6934814453125,144.54220581054688
4926,-37.693397521972656,144.54220581054688
4927,-37.69326400756836,144.54220581054688
4928,-37.693180084228516,144.54222106933594
4929,-37.693084716796875,144.54225158691406
4930,-37.6929931640625,144.5422821044922
4931,-37.69289779663086,144.5423126220703
4932,-37.692710876464844,144.54234313964844
4933,-37.692604064941406,144.54234313964844
4934,-37.692501068115234,144.5423583984375
4935,-37.69240188598633,144.54237365722656
4936,-37.692325592041016,144.5424041748047
4937,-37.69221878051758,144.54244995117188
4938,-37.692138671875,144.54246520996094
4939,-37.69204330444336,144.54248046875
4940,-37.691959381103516,144.54248046875
4941,-37.69185256958008,144.54248046875
4942,-37.6917610168457,144.54249572753906
4943,-37.69533920288086,144.54676818847656
4944,-37.69535827636719,144.5468292236328
4945,-37.69536209106445,144.54684448242188
4946,-37.695247650146484,144.5457763671875
4947,-37.695186614990234,144.54579162597656
4948,-37.69514083862305,144.54580688476562
4949,-37.69503402709961,144.54583740234375
4950,-37.69493865966797,144.5458526611328
4951,-37.694828033447266,144.5458526611328
4952,-37.69471740722656,144.5458526611328
4953,-37.69460678100586,144.54586791992188
4954,-37.69453048706055,144.54588317871094
4955,-37.69441604614258,144.5459442138672
4956,-37.69431686401367,144.5459747314453
4957,-37.69419860839844,144.54598999023438
4958,-37.694061279296875,144.54598999023438
4959,-37.69381332397461,144.54603576660156
4960,-37.693660736083984,144.5460968017578
4961,-37.69354248046875,144.54612731933594
4962,-37.693424224853516,144.54612731933594
4963,-37.693302154541016,144.54612731933594
4964,-37.69318771362305,144.546142578125
4965,-37.69304656982422,144.5461883544922
4966,-37.692935943603516,144.54623413085938
4967,-37.69288635253906,144.5462188720703
4968,-37.69285202026367,144.54620361328125
4969,-37.69282150268555,144.54615783691406
4970,-37.69281768798828,144.54612731933594
4971,-37.692718505859375,144.54531860351562
4972,-37.69270324707031,144.54519653320312
4973,-37.69261932373047,144.5444793701172
4974,-37.692626953125,144.54443359375
4975,-37.69269943237305,144.5443572998047
4976,-37.692813873291016,144.5443115234375
4977,-37.69293212890625,144.5442657470703
4978,-37.69303894042969,144.54425048828125
4979,-37.69314956665039,144.54425048828125
4980,-37.693260192871094,144.54425048828125
4981,-37.69337844848633,144.5442352294922
4982,-37.69348907470703,144.544189453125
4983,-37.693565368652344,144.54415893554688
4984,-37.693641662597656,144.54412841796875
4985,-37.69379425048828,144.54409790039062
4986,-37.69389343261719,144.54409790039062
4987,-37.69399642944336,144.54409790039062
4988,-37.694087982177734,144.54408264160156
4989,-37.694122314453125,144.54408264160156
4990,-37.69424057006836,144.54405212402344
4991,-37.694332122802734,144.54400634765625
4992,-37.694454193115234,144.54397583007812
4993,-37.694671630859375,144.54397583007812
4994,-37.694766998291016,144.54396057128906
4995,-37.69486618041992,144.5439453125
4996,-37.69495391845703,144.5438995361328
4997,-37.69502258300781,144.54388427734375
4998,-37.69124984741211,144.53977966308594
4999,-37.69120788574219,144.53976440429688
5000,-37.6911735534668,144.53976440429688
5001,-37.689510345458984,144.5400848388672
5002,-37.68836212158203,144.54031372070312
5003,-37.69058609008789,144.5430450439453
5004,-37.69455337524414,144.54019165039062
5005,-37.69459915161133,144.54017639160156
5006,-37.68864822387695,144.54335021972656
5007,-37.68863296508789,144.5434112548828
5008,-37.688629150390625,144.54345703125
5009,-37.688629150390625,144.5435028076172
5010,-37.688663482666016,144.5438232421875
5011,-37.69541931152344,144.54672241210938
5012,-37.695472717285156,144.54669189453125
5013,-37.69550323486328,144.5466766357422
5014,-37.69554901123047,144.54664611816406
5015,-37.690059661865234,144.54298400878906
5016,-37.689937591552734,144.54299926757812
5017,-37.68995666503906,144.5431671142578
5018,-37.68923568725586,144.54220581054688
5019,-37.68922805786133,144.542236328125
5020,-37.68921661376953,144.54229736328125
5021,-37.68921661376953,144.54232788085938
5022,-37.68925857543945,144.5426788330078
5023,-37.69715118408203,144.5463409423828
5024,-37.69776153564453,144.5462188720703
5025,-37.698394775390625,144.5460968017578
5026,-37.69512939453125,144.54481506347656
5027,-37.695068359375,144.54483032226562
5028,-37.695037841796875,144.5448455810547
5029,-37.69496154785156,144.54489135742188
5030,-37.694881439208984,144.54490661621094
5031,-37.69475555419922,144.54490661621094
5032,-37.694602966308594,144.54490661621094
5033,-37.694480895996094,144.54493713378906
5034,-37.6943359375,144.54498291015625
5035,-37.6942138671875,144.54502868652344
5036,-37.69411087036133,144.5450439453125
5037,-37.69400405883789,144.54505920410156
5038,-37.69384765625,144.54505920410156
5039,-37.69369125366211,144.5450897216797
5040,-37.69355773925781,144.54515075683594
5041,-37.69346618652344,144.54518127441406
5042,-37.69335174560547,144.54519653320312
5043,-37.69322967529297,144.54518127441406
5044,-37.69309616088867,144.54519653320312
5045,-37.6930046081543,144.5452117919922
5046,-37.6928825378418,144.54527282714844
5047,-37.69044876098633,144.54290771484375
5048,-37.69074630737305,144.5430145263672
5049,-37.694557189941406,144.53990173339844
5050,-37.69452667236328,144.53982543945312
5051,-37.695308685302734,144.54664611816406
5052,-37.69524002075195,144.54669189453125
5053,-37.695228576660156,144.54669189453125
5054,-37.6903190612793,144.54310607910156
5055,-37.69273376464844,144.54171752929688
5056,-37.69059371948242,144.54287719726562
5057,-37.69073486328125,144.5428466796875
5058,-37.690181732177734,144.54295349121094
5059,-37.69303512573242,144.5406951904297
5060,-37.6930046081543,144.54043579101562
5061,-37.692222595214844,144.54745483398438
5062,-37.695316314697266,144.546630859375
5063,-37.6953010559082,144.54666137695312
5064,-37.69529724121094,144.54669189453125
5065,-37.6953010559082,144.54672241210938
5066,-37.6953125,144.54673767089844
5067,-37.69532775878906,144.5467529296875
5068,-37.69535827636719,144.54676818847656
5069,-37.695377349853516,144.54676818847656
5070,-37.695396423339844,144.5467529296875
5071,-37.695411682128906,144.54673767089844
5072,-37.69542694091797,144.5467071533203
5073,-37.69542694091797,144.5466766357422
5074,-37.6954231262207,144.54666137695312
5075,-37.695411682128906,144.546630859375
5076,-37.69537353515625,144.54660034179688
5077,-37.69535446166992,144.54660034179688
5078,-37.69533157348633,144.54661560058594
5079,-37.6693115234375,144.5526580810547
5080,-37.66851806640625,144.5527801513672
5081,-37.668243408203125,144.55282592773438
5082,-37.66819381713867,144.55284118652344
5083,-37.67067337036133,144.54461669921875
5084,-37.670616149902344,144.54461669921875
5085,-37.67018127441406,144.54469299316406
5086,-37.67008972167969,144.5447235107422
5087,-37.66999435424805,144.54478454589844
5088,-37.66990280151367,144.5448455810547
5089,-37.66980743408203,144.54493713378906
5090,-37.66970443725586,144.54505920410156
5091,-37.669395446777344,144.54559326171875
5092,-37.669368743896484,144.54568481445312
5093,-37.66936492919922,144.54576110839844
5094,-37.669471740722656,144.5466766357422
5095,-37.66947937011719,144.5467529296875
5096,-37.66946792602539,144.54684448242188
5097,-37.66942596435547,144.54702758789062
5098,-37.669403076171875,144.547119140625
5099,-37.67289352416992,144.5474395751953
5100,-37.672760009765625,144.54757690429688
5101,-37.6726188659668,144.5476837158203
5102,-37.672454833984375,144.54779052734375
5103,-37.672298431396484,144.54786682128906
5104,-37.67216491699219,144.54791259765625
5105,-37.671905517578125,144.54795837402344
5106,-37.67116165161133,144.548095703125
5107,-37.67108917236328,144.54811096191406
5108,-37.670860290527344,144.54815673828125
5109,-37.6707649230957,144.54815673828125
5110,-37.67068862915039,144.5481414794922
5111,-37.670597076416016,144.54806518554688
5112,-37.67028045654297,144.5478515625
5113,-37.670196533203125,144.5477752685547
5114,-37.670074462890625,144.54759216308594
5115,-37.6699104309082,144.54745483398438
5116,-37.66975402832031,144.54733276367188
5117,-37.66959762573242,144.54722595214844
5118,-37.66915512084961,144.54701232910156
5119,-37.66893768310547,144.5469512939453
5120,-37.66847229003906,144.54693603515625
5121,-37.66838073730469,144.5469512939453
5122,-37.66804122924805,144.54698181152344
5123,-37.66794204711914,144.5469970703125
5124,-37.66769027709961,144.54702758789062
5125,-37.66727828979492,144.5470733642578
5126,-37.667171478271484,144.54708862304688
5127,-37.668800354003906,144.5488739013672
5128,-37.66876983642578,144.54901123046875
5129,-37.66859436035156,144.54978942871094
5130,-37.668575286865234,144.54986572265625
5131,-37.670928955078125,144.54673767089844
5132,-37.670902252197266,144.54664611816406
5133,-37.67091369628906,144.54660034179688
5134,-37.670921325683594,144.54653930664062
5135,-37.670894622802734,144.54644775390625
5136,-37.670745849609375,144.5452117919922
5137,-37.670719146728516,144.54513549804688
5138,-37.67073059082031,144.54507446289062
5139,-37.670738220214844,144.54501342773438
5140,-37.670711517333984,144.54493713378906
5141,-37.670589447021484,144.5438995361328
5142,-37.67057800292969,144.54385375976562
5143,-37.67056655883789,144.5438232421875
5144,-37.670528411865234,144.54379272460938
5145,-37.67049026489258,144.5437774658203
5146,-37.670440673828125,144.5437774658203
5147,-37.669742584228516,144.54391479492188
5148,-37.66966247558594,144.5438995361328
5149,-37.669559478759766,144.5438690185547
5150,-37.67054748535156,144.55221557617188
5151,-37.67049789428711,144.5522003173828
5152,-37.67044448852539,144.5522003173828
5153,-37.67039108276367,144.5522003173828
5154,-37.67034912109375,144.55223083496094
5155,-37.67032241821289,144.55226135253906
5156,-37.670310974121094,144.55235290527344
5157,-37.67031478881836,144.5524139404297
5158,-37.67033386230469,144.55247497558594
5159,-37.67036437988281,144.55252075195312
5160,-37.6704216003418,144.5525665283203
5161,-37.670467376708984,144.55258178710938
5162,-37.67051315307617,144.5525665283203
5163,-37.67057800292969,144.55252075195312
5164,-37.670597076416016,144.552490234375
5165,-37.670616149902344,144.5524139404297
5166,-37.670616149902344,144.55235290527344
5167,-37.670597076416016,144.5522918701172
5168,-37.670562744140625,144.55223083496094
5169,-37.672340393066406,144.54347229003906
5170,-37.6722526550293,144.54348754882812
5171,-37.671531677246094,144.54364013671875
5172,-37.67139434814453,144.5436553955078
5173,-37.67096710205078,144.5437469482422
5174,-37.670902252197266,144.5437469482422
5175,-37.67082595825195,144.54373168945312
5176,-37.670745849609375,144.54373168945312
5177,-37.6706657409668,144.5437469482422
5178,-37.67061233520508,144.5437774658203
5179,-37.6702766418457,144.55126953125
5180,-37.670223236083984,144.55128479003906
5181,-37.669654846191406,144.5513916015625
5182,-37.669612884521484,144.5513916015625
5183,-37.669586181640625,144.55137634277344
5184,-37.66954803466797,144.55133056640625
5185,-37.669532775878906,144.55128479003906
5186,-37.669525146484375,144.55123901367188
5187,-37.66947555541992,144.55081176757812
5188,-37.669437408447266,144.55050659179688
5189,-37.66940689086914,144.55039978027344
5190,-37.66934585571289,144.55030822753906
5191,-37.66913604736328,144.5500946044922
5192,-37.669071197509766,144.550048828125
5193,-37.66899108886719,144.55001831054688
5194,-37.66803741455078,144.54966735839844
5195,-37.66792297363281,144.5496368408203
5196,-37.66780090332031,144.5496368408203
5197,-37.66740798950195,144.5496826171875
5198,-37.667362213134766,144.54969787597656
5199,-37.667320251464844,144.5497283935547
5200,-37.66729736328125,144.54978942871094
5201,-37.66728210449219,144.5498504638672
5202,-37.66728973388672,144.55006408691406
5203,-37.66727066040039,144.55027770996094
5204,-37.667236328125,144.5504913330078
5205,-37.66716384887695,144.55081176757812
5206,-37.66706466674805,144.5510711669922
5207,-37.66698455810547,144.55125427246094
5208,-37.66678237915039,144.55165100097656
5209,-37.666664123535156,144.5518798828125
5210,-37.66663360595703,144.5519256591797
5211,-37.666595458984375,144.5519561767578
5212,-37.66655731201172,144.5519561767578
5213,-37.666500091552734,144.5519561767578
5214,-37.665992736816406,144.5518341064453
5215,-37.6673698425293,144.55186462402344
5216,-37.667320251464844,144.55165100097656
5217,-37.66728591918945,144.5515594482422
5218,-37.66724395751953,144.5514678955078
5219,-37.66717529296875,144.5513916015625
5220,-37.667083740234375,144.5513153076172
5221,-37.66706085205078,144.55130004882812
5222,-37.669525146484375,144.5409698486328
5223,-37.669246673583984,144.54103088378906
5224,-37.670501708984375,144.5521240234375
5225,-37.67047882080078,144.55206298828125
5226,-37.670467376708984,144.55198669433594
5227,-37.670448303222656,144.55184936523438
5228,-37.67037582397461,144.55125427246094
5229,-37.67030715942383,144.55068969726562
5230,-37.67030334472656,144.5505828857422
5231,-37.670310974121094,144.55039978027344
5232,-37.67033386230469,144.55023193359375
5233,-37.67036056518555,144.55014038085938
5234,-37.670406341552734,144.55001831054688
5235,-37.67041015625,144.5500030517578
5236,-37.67043685913086,144.54991149902344
5237,-37.670448303222656,144.5498809814453
5238,-37.66884994506836,144.53892517089844
5239,-37.66790771484375,144.5391082763672
5240,-37.670040130615234,144.54949951171875
5241,-37.66950607299805,144.54913330078125
5242,-37.669429779052734,144.54910278320312
5243,-37.66930389404297,144.54905700683594
5244,-37.66822052001953,144.5486602783203
5245,-37.66807556152344,144.54861450195312
5246,-37.66793441772461,144.54859924316406
5247,-37.66781997680664,144.54859924316406
5248,-37.67022705078125,144.5523223876953
5249,-37.67002487182617,144.55245971679688
5250,-37.6723518371582,144.55206298828125
5251,-37.67213821411133,144.5520782470703
5252,-37.67194747924805,144.55209350585938
5253,-37.67169952392578,144.55209350585938
5254,-37.6715087890625,144.55210876464844
5255,-37.671268463134766,144.5521697998047
5256,-37.67190933227539,144.5520782470703
5257,-37.671852111816406,144.55201721191406
5258,-37.671775817871094,144.55194091796875
5259,-37.6717414855957,144.55194091796875
5260,-37.67170715332031,144.5519256591797
5261,-37.670875549316406,144.55209350585938
5262,-37.670841217041016,144.55210876464844
5263,-37.670806884765625,144.5521697998047
5264,-37.6707649230957,144.55226135253906
5265,-37.66883087158203,144.55166625976562
5266,-37.66876220703125,144.5510711669922
5267,-37.66876220703125,144.551025390625
5268,-37.66876983642578,144.55093383789062
5269,-37.66893005371094,144.53981018066406
5270,-37.66801452636719,144.53997802734375
5271,-37.67021179199219,144.552490234375
5272,-37.67024612426758,144.552490234375
5273,-37.67026138305664,144.55250549316406
5274,-37.67030715942383,144.55252075195312
5275,-37.66616439819336,144.54148864746094
5276,-37.666500091552734,144.5414276123047
5277,-37.66691589355469,144.54135131835938
5278,-37.6669921875,144.5413360595703
5279,-37.667030334472656,144.54132080078125
5280,-37.66706848144531,144.5413055419922
5281,-37.66709899902344,144.54129028320312
5282,-37.66730499267578,144.54112243652344
5283,-37.66743469238281,144.541015625
5284,-37.6674919128418,144.5409698486328
5285,-37.667633056640625,144.5409393310547
5286,-37.668155670166016,144.5408477783203
5287,-37.66899871826172,144.54067993164062
5288,-37.669334411621094,144.55270385742188
5289,-37.66937255859375,144.55274963378906
5290,-37.66944122314453,144.5528106689453
5291,-37.66947555541992,144.55284118652344
5292,-37.6695442199707,144.55287170410156
5293,-37.669593811035156,144.5528564453125
5294,-37.669918060302734,144.55279541015625
5295,-37.66995620727539,144.55276489257812
5296,-37.66999816894531,144.55270385742188
5297,-37.67009735107422,144.55258178710938
5298,-37.67063903808594,144.5524444580078
5299,-37.670677185058594,144.55242919921875
5300,-37.67070388793945,144.5524139404297
5301,-37.67074203491211,144.55238342285156
5302,-37.671180725097656,144.55230712890625
5303,-37.66911315917969,144.5373992919922
5304,-37.66880416870117,144.53746032714844
5305,-37.670570373535156,144.54812622070312
5306,-37.67034912109375,144.54864501953125
5307,-37.670310974121094,144.54869079589844
5308,-37.67026901245117,144.54872131347656
5309,-37.67021179199219,144.5487060546875
5310,-37.67013931274414,144.54867553710938
5311,-37.6700439453125,144.5486602783203
5312,-37.66995620727539,144.54864501953125
5313,-37.66987228393555,144.54861450195312
5314,-37.6697883605957,144.54856872558594
5315,-37.66971969604492,144.5485076904297
5316,-37.669654846191406,144.54843139648438
5317,-37.669593811035156,144.54833984375
5318,-37.66946792602539,144.54815673828125
5319,-37.66937255859375,144.54803466796875
5320,-37.66926193237305,144.54794311523438
5321,-37.66917419433594,144.5478973388672
5322,-37.6690673828125,144.54786682128906
5323,-37.66895294189453,144.5478515625
5324,-37.66880798339844,144.54786682128906
5325,-37.66845703125,144.5478973388672
5326,-37.66783905029297,144.5479736328125
5327,-37.66779708862305,144.54795837402344
5328,-37.667762756347656,144.54791259765625
5329,-37.66774368286133,144.54786682128906
5330,-37.6677360534668,144.54779052734375
5331,-37.66769790649414,144.54713439941406
5332,-37.67087173461914,144.55224609375
5333,-37.67070007324219,144.55227661132812
5334,-37.67066192626953,144.55227661132812
5335,-37.670654296875,144.55227661132812
5336,-37.67060089111328,144.55224609375
5337,-37.66779708862305,144.53823852539062
5338,-37.668739318847656,144.53805541992188
5339,-37.6663703918457,144.53762817382812
5340,-37.66633605957031,144.5375518798828
5341,-37.66630554199219,144.5374755859375
5342,-37.66628646850586,144.53738403320312
5343,-37.66623306274414,144.53689575195312
5344,-37.66621780395508,144.5367889404297
5345,-37.66622543334961,144.53672790527344
5346,-37.666290283203125,144.53663635253906
5347,-37.66633605957031,144.53663635253906
5348,-37.66844177246094,144.53623962402344
5349,-37.668479919433594,144.53623962402344
5350,-37.66941452026367,144.5508270263672
5351,-37.66897201538086,144.55091857910156
5352,-37.66885757446289,144.55093383789062
5353,-37.668643951416016,144.5509033203125
5354,-37.66813278198242,144.55072021484375
5355,-37.667755126953125,144.5505828857422
5356,-37.667667388916016,144.55056762695312
5357,-37.667327880859375,144.55050659179688
5358,-37.67034912109375,144.5498504638672
5359,-37.67033004760742,144.54989624023438
5360,-37.670310974121094,144.54995727539062
5361,-37.6702995300293,144.5500030517578
5362,-37.670257568359375,144.55015563964844
5363,-37.67023468017578,144.55023193359375
5364,-37.67020797729492,144.55038452148438
5365,-37.670204162597656,144.55050659179688
5366,-37.670204162597656,144.55062866210938
5367,-37.67021560668945,144.55076599121094
5368,-37.670352935791016,144.5519256591797
5369,-37.67036819458008,144.55203247070312
5370,-37.670372009277344,144.5520782470703
5371,-37.67035675048828,144.5521697998047
5372,-37.672542572021484,144.54563903808594
5373,-37.67245864868164,144.545654296875
5374,-37.671791076660156,144.5457763671875
5375,-37.67172622680664,144.54579162597656
5376,-37.671688079833984,144.5457763671875
5377,-37.67165756225586,144.54576110839844
5378,-37.6716423034668,144.54571533203125
5379,-37.671630859375,144.54562377929688
5380,-37.672767639160156,144.5463409423828
5381,-37.672706604003906,144.54640197753906
5382,-37.672576904296875,144.54653930664062
5383,-37.6724853515625,144.54661560058594
5384,-37.672386169433594,144.5466766357422
5385,-37.67226791381836,144.5467529296875
5386,-37.672149658203125,144.5467987060547
5387,-37.67202377319336,144.54684448242188
5388,-37.67192459106445,144.54685974121094
5389,-37.667236328125,144.54794311523438
5390,-37.66721725463867,144.54769897460938
5391,-37.66719436645508,144.5474090576172
5392,-37.66715621948242,144.54689025878906
5393,-37.667118072509766,144.54666137695312
5394,-37.66705322265625,144.54640197753906
5395,-37.66698455810547,144.54617309570312
5396,-37.66693878173828,144.54608154296875
5397,-37.66675567626953,144.54568481445312
5398,-37.6666259765625,144.54541015625
5399,-37.66646957397461,144.54507446289062
5400,-37.66634750366211,144.54473876953125
5401,-37.666282653808594,144.54446411132812
5402,-37.66627883911133,144.54441833496094
5403,-37.6662483215332,144.54420471191406
5404,-37.66620635986328,144.54383850097656
5405,-37.66596984863281,144.54185485839844
5406,-37.66823196411133,144.55271911621094
5407,-37.66822052001953,144.55264282226562
5408,-37.66819763183594,144.5525360107422
5409,-37.66804122924805,144.55123901367188
5410,-37.66804122924805,144.55117797851562
5411,-37.66804122924805,144.55111694335938
5412,-37.66804885864258,144.55105590820312
5413,-37.668113708496094,144.55079650878906
5414,-37.66994857788086,144.54493713378906
5415,-37.67001724243164,144.54505920410156
5416,-37.67006301879883,144.5452117919922
5417,-37.67027282714844,144.5469970703125
5418,-37.670284271240234,144.5471649169922
5419,-37.67026138305664,144.5473175048828
5420,-37.670188903808594,144.5474395751953
5421,-37.67011260986328,144.54754638671875
5422,-37.66965103149414,144.54501342773438
5423,-37.66920852661133,144.5446014404297
5424,-37.671939849853516,144.5521697998047
5425,-37.66556167602539,144.54501342773438
5426,-37.66549301147461,144.5450439453125
5427,-37.66535949707031,144.5450897216797
5428,-37.66526412963867,144.5451202392578
5429,-37.66517639160156,144.5451202392578
5430,-37.66509246826172,144.54510498046875
5431,-37.66501235961914,144.5450897216797
5432,-37.664833068847656,144.54498291015625
5433,-37.66474914550781,144.54495239257812
5434,-37.66469192504883,144.54495239257812
5435,-37.66463088989258,144.54495239257812
5436,-37.66456985473633,144.54498291015625
5437,-37.66598892211914,144.54608154296875
5438,-37.665931701660156,144.54612731933594
5439,-37.66568374633789,144.54629516601562
5440,-37.66559982299805,144.54635620117188
5441,-37.665531158447266,144.54637145996094
5442,-37.66546630859375,144.54637145996094
5443,-37.66539001464844,144.5463409423828
5444,-37.66533279418945,144.5463104248047
5445,-37.66371154785156,144.54544067382812
5446,-37.66359329223633,144.54537963867188
5447,-37.663516998291016,144.54534912109375
5448,-37.663448333740234,144.5453338623047
5449,-37.66337203979492,144.54534912109375
5450,-37.66319274902344,144.54537963867188
5451,-37.663108825683594,144.54539489746094
5452,-37.67015075683594,144.5496063232422
5453,-37.670230865478516,144.5496826171875
5454,-37.67025375366211,144.54969787597656
5455,-37.670310974121094,144.5497589111328
5456,-37.67033004760742,144.5498046875
5457,-37.67047882080078,144.54986572265625
5458,-37.67052459716797,144.5498504638672
5459,-37.670570373535156,144.5498504638672
5460,-37.67058563232422,144.5498504638672
5461,-37.670616149902344,144.5498504638672
5462,-37.67068099975586,144.54986572265625
5463,-37.66434860229492,144.5431671142578
5464,-37.66521072387695,144.54299926757812
5465,-37.665283203125,144.54298400878906
5466,-37.66362762451172,144.54324340820312
5467,-37.66382598876953,144.54495239257812
5468,-37.66382598876953,144.5450439453125
5469,-37.663814544677734,144.5451202392578
5470,-37.66374588012695,144.54534912109375
5471,-37.666690826416016,144.5487060546875
5472,-37.666629791259766,144.5487060546875
5473,-37.66657638549805,144.5487060546875
5474,-37.66655349731445,144.5487060546875
5475,-37.66649627685547,144.54869079589844
5476,-37.671016693115234,144.5498504638672
5477,-37.671043395996094,144.54981994628906
5478,-37.67107009887695,144.5498046875
5479,-37.67110061645508,144.5498046875
5480,-37.67113494873047,144.5498046875
5481,-37.67116928100586,144.54978942871094
5482,-37.671199798583984,144.54977416992188
5483,-37.671226501464844,144.54977416992188
5484,-37.671600341796875,144.54969787597656
5485,-37.66512680053711,144.5417022705078
5486,-37.665191650390625,144.54168701171875
5487,-37.665706634521484,144.54159545898438
5488,-37.6653938293457,144.5439453125
5489,-37.66532516479492,144.54396057128906
5490,-37.66445541381836,144.5441436767578
5491,-37.670509338378906,144.5497283935547
5492,-37.670494079589844,144.5496826171875
5493,-37.670467376708984,144.54966735839844
5494,-37.670433044433594,144.54965209960938
5495,-37.67040252685547,144.54965209960938
5496,-37.67036437988281,144.54966735839844
5497,-37.67034149169922,144.54969787597656
5498,-37.670326232910156,144.54974365234375
5499,-37.670326232910156,144.54978942871094
5500,-37.67037582397461,144.5498809814453
5501,-37.670406341552734,144.5498809814453
5502,-37.670501708984375,144.54983520507812
5503,-37.67051315307617,144.5498046875
5504,-37.67051696777344,144.5497589111328
5505,-37.6706428527832,144.5498504638672
5506,-37.67060470581055,144.54981994628906
5507,-37.67056655883789,144.54978942871094
5508,-37.67033004760742,144.5496368408203
5509,-37.670284271240234,144.54962158203125
5510,-37.6702766418457,144.54962158203125
5511,-37.67021560668945,144.54959106445312
5512,-37.670166015625,144.549560546875
5513,-37.67070388793945,144.54986572265625
5514,-37.670921325683594,144.54983520507812
5515,-37.67096710205078,144.54981994628906
5516,-37.670997619628906,144.54983520507812
5517,-37.67102813720703,144.54986572265625
5518,-37.671043395996094,144.54989624023438
5519,-37.671051025390625,144.54991149902344
5520,-37.671058654785156,144.5499725341797
5521,-37.67118453979492,144.5509490966797
5522,-37.671199798583984,144.55101013183594
5523,-37.67121887207031,144.55105590820312
5524,-37.6712532043457,144.55108642578125
5525,-37.6661376953125,144.54421997070312
5526,-37.665504455566406,144.54434204101562
5527,-37.66543960571289,144.54434204101562
5528,-37.66626739501953,144.5477752685547
5529,-37.666297912597656,144.54766845703125
5530,-37.666343688964844,144.5475311279297
5531,-37.666358947753906,144.5474090576172
5532,-37.666358947753906,144.5472869873047
5533,-37.666343688964844,144.5470733642578
5534,-37.66630935668945,144.54685974121094
5535,-37.66624450683594,144.54664611816406
5536,-37.66576385498047,144.5456085205078
5537,-37.66565704345703,144.5453338623047
5538,-37.665504455566406,144.54478454589844
5539,-37.66546630859375,144.54458618164062
5540,-37.6651611328125,144.5420379638672
5541,-37.664859771728516,144.53952026367188
5542,-37.664825439453125,144.5392303466797
5543,-37.664791107177734,144.5391845703125
5544,-37.664730072021484,144.53915405273438
5545,-37.66313171386719,144.53945922851562
5546,-37.66341018676758,144.55087280273438
5547,-37.66371154785156,144.5507354736328
5548,-37.6638069152832,144.55062866210938
5549,-37.66389846801758,144.55055236816406
5550,-37.664337158203125,144.55014038085938
5551,-37.6649055480957,144.54962158203125
5552,-37.66544723510742,144.54896545410156
5553,-37.66550064086914,144.5489044189453
5554,-37.665523529052734,144.54872131347656
5555,-37.66553497314453,144.54861450195312
5556,-37.6655387878418,144.5484619140625
5557,-37.66548538208008,144.54832458496094
5558,-37.665401458740234,144.54820251464844
5559,-37.66521453857422,144.5480194091797
5560,-37.66487503051758,144.54774475097656
5561,-37.66423416137695,144.54739379882812
5562,-37.663455963134766,144.54696655273438
5563,-37.663421630859375,144.5469512939453
5564,-37.66339111328125,144.5469512939453
5565,-37.663360595703125,144.54696655273438
5566,-37.663326263427734,144.5469970703125
5567,-37.663307189941406,144.54702758789062
5568,-37.66431427001953,144.54904174804688
5569,-37.664268493652344,144.54893493652344
5570,-37.664241790771484,144.54888916015625
5571,-37.66419982910156,144.54872131347656
5572,-37.664161682128906,144.54840087890625
5573,-37.66411209106445,144.5478973388672
5574,-37.66411590576172,144.5477752685547
5575,-37.664154052734375,144.54763793945312
5576,-37.66421127319336,144.54745483398438
5577,-37.6631965637207,144.546142578125
5578,-37.66276931762695,144.54261779785156
5579,-37.66277313232422,144.54257202148438
5580,-37.66279602050781,144.5425262451172
5581,-37.66282653808594,144.54249572753906
5582,-37.66285705566406,144.54246520996094
5583,-37.662899017333984,144.54246520996094
5584,-37.663455963134766,144.5423583984375
5585,-37.665096282958984,144.5420379638672
5586,-37.66355514526367,144.54937744140625
5587,-37.66362380981445,144.5493621826172
5588,-37.66394805908203,144.54930114746094
5589,-37.66403579711914,144.54928588867188
5590,-37.664215087890625,144.5491485595703
5591,-37.664546966552734,144.54881286621094
5592,-37.664817810058594,144.54847717285156
5593,-37.66517639160156,144.54806518554688
5594,-37.663291931152344,144.5470733642578
5595,-37.66328811645508,144.54713439941406
5596,-37.66328811645508,144.54722595214844
5597,-37.66365051269531,144.5501251220703
5598,-37.663665771484375,144.55026245117188
5599,-37.6636848449707,144.55032348632812
5600,-37.66373825073242,144.5504150390625
5601,-37.66374969482422,144.5504913330078
5602,-37.666229248046875,144.54872131347656
5603,-37.66626739501953,144.54876708984375
5604,-37.67504119873047,144.55023193359375
5605,-37.675140380859375,144.55020141601562
5606,-37.6746826171875,144.5515899658203
5607,-37.67500686645508,144.55154418945312
5608,-37.6750602722168,144.5515594482422
5609,-37.6751594543457,144.55160522460938
5610,-37.67470932006836,144.54949951171875
5611,-37.67464828491211,144.54954528808594
5612,-37.67447280883789,144.54965209960938
5613,-37.67441940307617,144.54969787597656
5614,-37.674354553222656,144.54974365234375
5615,-37.67510223388672,144.5507354736328
5616,-37.67520523071289,144.55072021484375
5617,-37.674293518066406,144.5497589111328
5618,-37.67367935180664,144.5498809814453
5619,-37.67361068725586,144.54989624023438
5620,-37.673545837402344,144.5499267578125
5621,-37.67461013793945,144.5489501953125
5622,-37.67462921142578,144.54916381835938
5623,-37.67464065551758,144.5492706298828
5624,-37.674659729003906,144.54934692382812
5625,-37.674686431884766,144.5494384765625
5626,-37.674739837646484,144.54957580566406
5627,-37.674774169921875,144.5496368408203
5628,-37.67482376098633,144.54971313476562
5629,-37.67488098144531,144.54978942871094
5630,-37.6749382019043,144.5498809814453
5631,-37.67497634887695,144.5499725341797
5632,-37.67501449584961,144.5500946044922
5633,-37.675148010253906,144.55113220214844
5634,-37.6751594543457,144.5513458251953
5635,-37.674808502197266,144.5494842529297
5636,-37.67434310913086,144.5516815185547
5637,-37.67373275756836,144.5518035888672
5638,-37.675289154052734,144.55128479003906
5639,-37.675254821777344,144.55111694335938
5640,-37.67512130737305,144.5500946044922
5641,-37.67509078979492,144.5499725341797
5642,-37.675052642822266,144.54986572265625
5643,-37.67503356933594,144.54983520507812
5644,-37.67499542236328,144.5497589111328
5645,-37.67493438720703,144.54966735839844
5646,-37.67486572265625,144.54957580566406
5647,-37.67475891113281,144.5493927001953
5648,-37.674720764160156,144.54930114746094
5649,-37.67469024658203,144.54920959472656
5650,-37.67465591430664,144.54908752441406
5651,-37.67438888549805,144.5482635498047
5652,-37.6743049621582,144.548095703125
5653,-37.674190521240234,144.54795837402344
5654,-37.67403030395508,144.5478057861328
5655,-37.67383575439453,144.54766845703125
5656,-37.67361068725586,144.54750061035156
5657,-37.673439025878906,144.54733276367188
5658,-37.67331314086914,144.54721069335938
5659,-37.67322540283203,144.54710388183594
5660,-37.67317199707031,144.54702758789062
5661,-37.673038482666016,144.54685974121094
5662,-37.67292022705078,144.54666137695312
5663,-37.67269515991211,144.54615783691406
5664,-37.67262268066406,144.5459442138672
5665,-37.672576904296875,144.5457763671875
5666,-37.672489166259766,144.5453643798828
5667,-37.67245864868164,144.5452117919922
5668,-37.67242431640625,144.54505920410156
5669,-37.67238235473633,144.5448760986328
5670,-37.672340393066406,144.54421997070312
5671,-37.67442321777344,144.54974365234375
5672,-37.67448806762695,144.5497283935547
5673,-37.67454147338867,144.54969787597656
5674,-37.674686431884766,144.5496063232422
5675,-37.67383575439453,144.54832458496094
5676,-37.67360305786133,144.54849243164062
5677,-37.673583984375,144.5485076904297
5678,-37.673561096191406,144.5485076904297
5679,-37.67354202270508,144.54849243164062
5680,-37.673519134521484,144.54849243164062
5681,-37.67345428466797,144.54852294921875
5682,-37.673362731933594,144.548583984375
5683,-37.67320251464844,144.54867553710938
5684,-37.67316436767578,144.54869079589844
5685,-37.67313003540039,144.54869079589844
5686,-37.67310333251953,144.5487518310547
5687,-37.6729621887207,144.54884338378906
5688,-37.67290115356445,144.5488739013672
5689,-37.672828674316406,144.54888916015625
5690,-37.67273712158203,144.54888916015625
5691,-37.6726188659668,144.54888916015625
5692,-37.67250061035156,144.5489044189453
5693,-37.67238998413086,144.54896545410156
5694,-37.672264099121094,144.549072265625
5695,-37.67216110229492,144.54910278320312
5696,-37.67212677001953,144.54908752441406
5697,-37.67208480834961,144.549072265625
5698,-37.67204666137695,144.54905700683594
5699,-37.67197799682617,144.54905700683594
5700,-37.67189407348633,144.549072265625
5701,-37.67180252075195,144.54908752441406
5702,-37.671722412109375,144.5491180419922
5703,-37.67241287231445,144.55111694335938
5704,-37.672393798828125,144.55117797851562
5705,-37.67238235473633,144.5512237548828
5706,-37.6723747253418,144.55125427246094
5707,-37.67241287231445,144.5515899658203
5708,-37.67366027832031,144.55088806152344
5709,-37.6736946105957,144.55093383789062
5710,-37.6737174987793,144.55096435546875
5711,-37.673728942871094,144.55101013183594
5712,-37.67376708984375,144.55133056640625
5713,-37.67224884033203,144.54981994628906
5714,-37.67223358154297,144.54986572265625
5715,-37.6722297668457,144.54989624023438
5716,-37.67223358154297,144.54994201660156
5717,-37.67236328125,144.55104064941406
5718,-37.672386169433594,144.55108642578125
5719,-37.67244338989258,144.5511474609375
5720,-37.6724853515625,144.5511474609375
5721,-37.67257308959961,144.55113220214844
5722,-37.673614501953125,144.55091857910156
5723,-37.67298126220703,144.54737854003906
5724,-37.67316818237305,144.5471649169922
5725,-37.67264938354492,144.54774475097656
5726,-37.673118591308594,144.54861450195312
5727,-37.673133850097656,144.5486602783203
5728,-37.672019958496094,144.54896545410156
5729,-37.671913146972656,144.5480194091797
5730,-37.675689697265625,144.54800415039062
5731,-37.675575256347656,144.54795837402344
5732,-37.67489242553711,144.5477752685547
5733,-37.674808502197266,144.54779052734375
5734,-37.674686431884766,144.54782104492188
5735,-37.674537658691406,144.5478973388672
5736,-37.674476623535156,144.5479736328125
5737,-37.673118591308594,144.54710388183594
5738,-37.67295837402344,144.54730224609375
5739,-37.673282623291016,144.54922485351562
5740,-37.67357635498047,144.55003356933594
5741,-37.673580169677734,144.550048828125
5742,-37.67360305786133,144.55014038085938
5743,-37.67368698120117,144.55078125
5744,-37.673675537109375,144.5508270263672
5745,-37.673789978027344,144.54891967773438
5746,-37.67317199707031,144.54928588867188
5747,-37.6731071472168,144.54934692382812
5748,-37.67298889160156,144.54946899414062
5749,-37.67292785644531,144.54953002929688
5750,-37.672855377197266,144.54957580566406
5751,-37.67269515991211,144.54966735839844
5752,-37.672611236572266,144.54969787597656
5753,-37.672515869140625,144.5497283935547
5754,-37.67239761352539,144.5497589111328
5755,-37.67231750488281,144.54977416992188
5756,-37.67229461669922,144.54977416992188
5757,-37.672271728515625,144.5498046875
5758,-37.67235565185547,144.5439453125
5759,-37.67235565185547,144.5437469482422
5760,-37.6723518371582,144.5435791015625
5761,-37.672271728515625,144.54293823242188
5762,-37.67908477783203,144.5440673828125
5763,-37.679012298583984,144.5441131591797
5764,-37.67898178100586,144.5441131591797
5765,-37.6783332824707,144.54421997070312
5766,-37.67818832397461,144.5442352294922
5767,-37.677955627441406,144.54429626464844
5768,-37.67398452758789,144.57826232910156
5769,-37.67396926879883,144.5782012939453
5770,-37.673954010009766,144.57815551757812
5771,-37.67389678955078,144.5777130126953
5772,-37.673892974853516,144.5776824951172
5773,-37.67393112182617,144.57904052734375
5774,-37.67399978637695,144.57960510253906
5775,-37.67402648925781,144.57981872558594
5776,-37.67379379272461,144.57830810546875
5777,-37.67377853393555,144.57835388183594
5778,-37.67377471923828,144.5784149169922
5779,-37.67379379272461,144.57847595214844
5780,-37.6738166809082,144.57850646972656
5781,-37.67384338378906,144.57852172851562
5782,-37.673885345458984,144.5785369873047
5783,-37.673927307128906,144.5785369873047
5784,-37.67396545410156,144.57852172851562
5785,-37.67399978637695,144.57847595214844
5786,-37.67401885986328,144.57843017578125
5787,-37.67402267456055,144.578369140625
5788,-37.674015045166016,144.5783233642578
5789,-37.67399215698242,144.5782928466797
5790,-37.673954010009766,144.5782470703125
5791,-37.673912048339844,144.57823181152344
5792,-37.67387008666992,144.57823181152344
5793,-37.673831939697266,144.5782470703125
5794,-37.67462921142578,144.58377075195312
5795,-37.674617767333984,144.58367919921875
5796,-37.68364715576172,144.5779571533203
5797,-37.68354797363281,144.57794189453125
5798,-37.67404556274414,144.5789031982422
5799,-37.67402648925781,144.57879638671875
5800,-37.674007415771484,144.5786895751953
5801,-37.67399978637695,144.57861328125
5802,-37.67399978637695,144.5785369873047
5803,-37.6728515625,144.57052612304688
5804,-37.67289733886719,144.57069396972656
5805,-37.67292022705078,144.57078552246094
5806,-37.6729621887207,144.57135009765625
5807,-37.6729850769043,144.57154846191406
5808,-37.67435836791992,144.57827758789062
5809,-37.674285888671875,144.57830810546875
5810,-37.674156188964844,144.57830810546875
5811,-37.67411804199219,144.57830810546875
5812,-37.674095153808594,144.57830810546875
5813,-37.67405319213867,144.57830810546875
5814,-37.67401123046875,144.5782928466797
5815,-37.674068450927734,144.57839965820312
5816,-37.67410659790039,144.57838439941406
5817,-37.67412567138672,144.57838439941406
5818,-37.674163818359375,144.578369140625
5819,-37.67428970336914,144.5783233642578
5820,-37.71687316894531,144.5534210205078
5821,-37.716861724853516,144.55332946777344
5822,-37.716758728027344,144.552490234375
5823,-37.71664810180664,144.55160522460938
5824,-37.71656036376953,144.57351684570312
5825,-37.7164421081543,144.57354736328125
5826,-37.71700668334961,144.57342529296875
5827,-37.716896057128906,144.5734405517578
5828,-37.716766357421875,144.573486328125
5829,-37.71673583984375,144.573486328125
5830,-37.71664047241211,144.57350158691406
5831,-37.71809768676758,144.5563201904297
5832,-37.71820831298828,144.55630493164062
5833,-37.71892547607422,144.55616760253906
5834,-37.7194938659668,144.55604553222656
5835,-37.71956253051758,144.55604553222656
5836,-37.716392517089844,144.5587615966797
5837,-37.716705322265625,144.55870056152344
5838,-37.71672439575195,144.5587158203125
5839,-37.71674346923828,144.5587158203125
5840,-37.71677017211914,144.55874633789062
5841,-37.7167854309082,144.55880737304688
5842,-37.71681594848633,144.55909729003906
5843,-37.717010498046875,144.5607147216797
5844,-37.71702194213867,144.56076049804688
5845,-37.717041015625,144.560791015625
5846,-37.71706771850586,144.56080627441406
5847,-37.717105865478516,144.56082153320312
5848,-37.717708587646484,144.56069946289062
5849,-37.717742919921875,144.56068420410156
5850,-37.71776580810547,144.56065368652344
5851,-37.717777252197266,144.56060791015625
5852,-37.717777252197266,144.56056213378906
5853,-37.71760559082031,144.55911254882812
5854,-37.71758270263672,144.55902099609375
5855,-37.71754837036133,144.55894470214844
5856,-37.71709060668945,144.5753173828125
5857,-37.71710205078125,144.5753936767578
5858,-37.71719741821289,144.5762176513672
5859,-37.71721267700195,144.5763397216797
5860,-37.717308044433594,144.5771942138672
5861,-37.717315673828125,144.57725524902344
5862,-37.71973419189453,144.5779571533203
5863,-37.7197265625,144.577880859375
5864,-37.7194709777832,144.5758819580078
5865,-37.71946334838867,144.57579040527344
5866,-37.71860122680664,144.5750274658203
5867,-37.71858596801758,144.57492065429688
5868,-37.7183952331543,144.5734100341797
5869,-37.7183952331543,144.57334899902344
5870,-37.718414306640625,144.57330322265625
5871,-37.71845626831055,144.57327270507812
5872,-37.718505859375,144.57325744628906
5873,-37.71852111816406,144.57325744628906
5874,-37.719024658203125,144.5733184814453
5875,-37.71914291381836,144.57333374023438
5876,-37.71917724609375,144.57334899902344
5877,-37.71919631958008,144.57339477539062
5878,-37.719207763671875,144.57351684570312
5879,-37.71935272216797,144.5747833251953
5880,-37.719364166259766,144.57489013671875
5881,-37.71923828125,144.57334899902344
5882,-37.719459533691406,144.5733642578125
5883,-37.718074798583984,144.57322692871094
5884,-37.71821212768555,144.57322692871094
5885,-37.71831512451172,144.5732421875
5886,-37.71833419799805,144.5732421875
5887,-37.71567153930664,144.57740783691406
5888,-37.715721130371094,144.57740783691406
5889,-37.71803665161133,144.5771942138672
5890,-37.717506408691406,144.5583038330078
5891,-37.71757125854492,144.5583038330078
5892,-37.718223571777344,144.5581817626953
5893,-37.71832275390625,144.5581512451172
5894,-37.71546936035156,144.5756378173828
5895,-37.715476989746094,144.57569885253906
5896,-37.71556854248047,144.5764923095703
5897,-37.71577072143555,144.57823181152344
5898,-37.71578598022461,144.5782928466797
5899,-37.717037200927734,144.55441284179688
5900,-37.71704864501953,144.5544891357422
5901,-37.7173957824707,144.55735778808594
5902,-37.7175178527832,144.5583953857422
5903,-37.71757125854492,144.55880737304688
5904,-37.71757125854492,144.55886840820312
5905,-37.71757125854492,144.5588836669922
5906,-37.7175178527832,144.5589599609375
5907,-37.71749496459961,144.55897521972656
5908,-37.716880798339844,144.55908203125
5909,-37.71895217895508,144.57801818847656
5910,-37.7188835144043,144.57803344726562
5911,-37.71863555908203,144.57806396484375
5912,-37.72013473510742,144.5779266357422
5913,-37.71894073486328,144.57794189453125
5914,-37.718692779541016,144.5760040283203
5915,-37.718685150146484,144.57594299316406
5916,-37.71700668334961,144.5608673095703
5917,-37.716983795166016,144.5609588623047
5918,-37.71700668334961,144.56114196777344
5919,-37.71845245361328,144.55972290039062
5920,-37.71855545043945,144.5597381591797
5921,-37.71915054321289,144.5596160888672
5922,-37.719337463378906,144.55958557128906
5923,-37.720272064208984,144.55941772460938
5924,-37.720314025878906,144.5594024658203
5925,-37.72035217285156,144.5593719482422
5926,-37.72041702270508,144.55931091308594
5927,-37.717567443847656,144.57522583007812
5928,-37.71771240234375,144.5752716064453
5929,-37.717987060546875,144.5751495361328
5930,-37.71796798706055,144.5751495361328
5931,-37.71785354614258,144.57510375976562
5932,-37.71786880493164,144.57521057128906
5933,-37.71797180175781,144.57516479492188
5934,-37.71768569946289,144.5751495361328
5935,-37.71466064453125,144.57579040527344
5936,-37.71474075317383,144.57577514648438
5937,-37.71976852416992,144.57481384277344
5938,-37.71562194824219,144.5764923095703
5939,-37.7171516418457,144.57635498046875
5940,-37.7177619934082,144.57530212402344
5941,-37.71784973144531,144.57545471191406
5942,-37.717838287353516,144.5752716064453
5943,-37.71820831298828,144.5785675048828
5944,-37.71817398071289,144.57826232910156
5945,-37.71815872192383,144.57809448242188
5946,-37.71804428100586,144.57725524902344
5947,-37.717926025390625,144.576171875
5948,-37.71791458129883,144.57608032226562
5949,-37.71785354614258,144.5754852294922
5950,-37.717342376708984,144.57237243652344
5951,-37.717350006103516,144.57244873046875
5952,-37.71745681762695,144.57333374023438
5953,-37.71757125854492,144.57427978515625
5954,-37.71765899658203,144.57484436035156
5955,-37.71767807006836,144.57496643066406
5956,-37.71768569946289,144.5749969482422
5957,-37.71769332885742,144.57504272460938
5958,-37.71769714355469,144.5751190185547
5959,-37.71783447265625,144.57508850097656
5960,-37.71778869628906,144.57501220703125
5961,-37.7177848815918,144.57496643066406
5962,-37.717689514160156,144.57424926757812
5963,-37.717567443847656,144.5733184814453
5964,-37.71745300292969,144.5724334716797
5965,-37.717445373535156,144.57235717773438
5966,-37.71797561645508,144.57606506347656
5967,-37.7197380065918,144.57579040527344
5968,-37.719539642333984,144.57579040527344
5969,-37.717681884765625,144.57518005371094
5970,-37.71768569946289,144.57521057128906
5971,-37.71769714355469,144.5752410888672
5972,-37.717735290527344,144.57528686523438
5973,-37.71778869628906,144.57530212402344
5974,-37.71781539916992,144.57528686523438
5975,-37.717857360839844,144.5752410888672
5976,-37.717872619628906,144.57518005371094
5977,-37.71786880493164,144.5751495361328
5978,-37.71780776977539,144.5750732421875
5979,-37.717777252197266,144.57505798339844
5980,-37.717742919921875,144.5750732421875
5981,-37.717716217041016,144.57508850097656
5982,-37.71750259399414,144.57427978515625
5983,-37.71689987182617,144.57440185546875
5984,-37.71685791015625,144.57440185546875
5985,-37.71683883666992,144.57437133789062
5986,-37.716819763183594,144.5743408203125
5987,-37.71681213378906,144.5742645263672
5988,-37.71808624267578,144.57809448242188
5989,-37.715850830078125,144.5782928466797
5990,-37.71571350097656,144.5783233642578
5991,-37.715694427490234,144.57833862304688
5992,-37.71548080444336,144.578369140625
5993,-37.66051483154297,144.56875610351562
5994,-37.6605110168457,144.5690460205078
5995,-37.66049575805664,144.56912231445312
5996,-37.660484313964844,144.56915283203125
5997,-37.71383285522461,144.56153869628906
5998,-37.71381759643555,144.5614471435547
5999,-37.71372985839844,144.5607452392578
6000,-37.71366882324219,144.5602264404297
6001,-37.71361541748047,144.5598602294922
6002,-37.713584899902344,144.5597381591797
6003,-37.713584899902344,144.55972290039062
6004,-37.713558197021484,144.55963134765625
6005,-37.71348571777344,144.5594482421875
6006,-37.658103942871094,144.59866333007812
6007,-37.65829086303711,144.59861755371094
6008,-37.6585693359375,144.59857177734375
6009,-37.659000396728516,144.59841918945312
6010,-37.659366607666016,144.59823608398438
6011,-37.659420013427734,144.5982208251953
6012,-37.6588249206543,144.59388732910156
6013,-37.658935546875,144.5940399169922
6014,-37.65895462036133,144.5940704345703
6015,-37.658992767333984,144.59410095214844
6016,-37.6595458984375,144.5948486328125
6017,-37.65970993041992,144.59490966796875
6018,-37.66007995605469,144.5948486328125
6019,-37.65716552734375,144.59156799316406
6020,-37.65715408325195,144.59158325195312
6021,-37.65701675415039,144.5915985107422
6022,-37.65549850463867,144.6008758544922
6023,-37.65547561645508,144.6007080078125
6024,-37.655460357666016,144.60055541992188
6025,-37.65532684326172,144.5994110107422
6026,-37.65530014038086,144.5991668701172
6027,-37.65516662597656,144.59812927246094
6028,-37.655147552490234,144.5979766845703
6029,-37.654876708984375,144.59556579589844
6030,-37.65486145019531,144.59552001953125
6031,-37.65485382080078,144.59547424316406
6032,-37.654850006103516,144.595458984375
6033,-37.65482711791992,144.5951690673828
6034,-37.66465759277344,144.59210205078125
6035,-37.66465759277344,144.59197998046875
6036,-37.664493560791016,144.590576171875
6037,-37.6644287109375,144.59002685546875
6038,-37.664405822753906,144.58990478515625
6039,-37.66436004638672,144.58981323242188
6040,-37.664302825927734,144.5897674560547
6041,-37.66422653198242,144.58975219726562
6042,-37.663455963134766,144.58970642089844
6043,-37.662872314453125,144.58937072753906
6044,-37.66239929199219,144.5885772705078
6045,-37.662193298339844,144.58819580078125
6046,-37.661808013916016,144.58790588378906
6047,-37.6617317199707,144.5879364013672
6048,-37.661197662353516,144.5884552001953
6049,-37.66141128540039,144.59027099609375
6050,-37.66140365600586,144.5906219482422
6051,-37.66139221191406,144.59068298339844
6052,-37.65689468383789,144.59326171875
6053,-37.65660858154297,144.59298706054688
6054,-37.65626907348633,144.59283447265625
6055,-37.65614318847656,144.59280395507812
6056,-37.655967712402344,144.59280395507812
6057,-37.65580368041992,144.5928192138672
6058,-37.654632568359375,144.59304809570312
6059,-37.6549072265625,144.59555053710938
6060,-37.655433654785156,144.5954132080078
6061,-37.65559005737305,144.5954132080078
6062,-37.65574645996094,144.595458984375
6063,-37.6564826965332,144.59584045410156
6064,-37.65656280517578,144.59588623046875
6065,-37.65724563598633,144.59149169921875
6066,-37.657230377197266,144.5914764404297
6067,-37.65721893310547,144.59146118164062
6068,-37.65720748901367,144.5914306640625
6069,-37.65714645385742,144.59095764160156
6070,-37.656883239746094,144.5888214111328
6071,-37.65678024291992,144.58795166015625
6072,-37.7059440612793,144.54835510253906
6073,-37.70601272583008,144.54833984375
6074,-37.70665740966797,144.5482177734375
6075,-37.70738220214844,144.54808044433594
6076,-37.70745849609375,144.54806518554688
6077,-37.708091735839844,144.54795837402344
6078,-37.70830154418945,144.5478973388672
6079,-37.70848846435547,144.54783630371094
6080,-37.70854187011719,144.54779052734375
6081,-37.70857620239258,144.5477294921875
6082,-37.70860290527344,144.54774475097656
6083,-37.70863723754883,144.54774475097656
6084,-37.70866775512695,144.54776000976562
6085,-37.70927429199219,144.5478057861328
6086,-37.709312438964844,144.54782104492188
6087,-37.7093391418457,144.54782104492188
6088,-37.70941162109375,144.5477752685547
6089,-37.710182189941406,144.54689025878906
6090,-37.71041488647461,144.546630859375
6091,-37.71146011352539,144.54641723632812
6092,-37.711517333984375,144.5463409423828
6093,-37.71157455444336,144.54637145996094
6094,-37.71160888671875,144.54637145996094
6095,-37.71163558959961,144.54637145996094
6096,-37.71183395385742,144.5463409423828
6097,-37.71187973022461,144.54632568359375
6098,-37.71152877807617,144.5462646484375
6099,-37.71152877807617,144.54620361328125
6100,-37.71156311035156,144.54559326171875
6101,-37.7115592956543,144.54550170898438
6102,-37.71153259277344,144.5454559326172
6103,-37.71155548095703,144.54537963867188
6104,-37.7115592956543,144.5453643798828
6105,-37.71156311035156,144.54531860351562
6106,-37.7115592956543,144.54522705078125
6107,-37.70962142944336,144.54493713378906
6108,-37.70972442626953,144.5457763671875
6109,-37.709754943847656,144.5460205078125
6110,-37.7098274230957,144.5462646484375
6111,-37.70992660522461,144.54649353027344
6112,-37.71014404296875,144.5468292236328
6113,-37.709800720214844,144.54576110839844
6114,-37.714508056640625,144.5486602783203
6115,-37.714569091796875,144.5486297607422
6116,-37.71495819091797,144.54843139648438
6117,-37.71162796020508,144.5526580810547
6118,-37.711544036865234,144.55262756347656
6119,-37.711483001708984,144.55258178710938
6120,-37.71089553833008,144.5518798828125
6121,-37.710880279541016,144.55181884765625
6122,-37.71088790893555,144.55177307128906
6123,-37.710914611816406,144.5517120361328
6124,-37.711116790771484,144.55152893066406
6125,-37.71123504638672,144.5513458251953
6126,-37.71127700805664,144.55128479003906
6127,-37.7113151550293,144.55123901367188
6128,-37.711341857910156,144.55123901367188
6129,-37.71137619018555,144.55123901367188
6130,-37.71202850341797,144.55197143554688
6131,-37.71207809448242,144.55201721191406
6132,-37.711585998535156,144.55081176757812
6133,-37.7114143371582,144.5510711669922
6134,-37.71139907836914,144.5511016845703
6135,-37.71139144897461,144.55111694335938
6136,-37.71068572998047,144.5518798828125
6137,-37.71076202392578,144.5518341064453
6138,-37.71080017089844,144.5518035888672
6139,-37.71083068847656,144.55178833007812
6140,-37.710853576660156,144.55177307128906
6141,-37.71255111694336,144.55142211914062
6142,-37.71253204345703,144.5513916015625
6143,-37.712520599365234,144.55136108398438
6144,-37.7125129699707,144.55133056640625
6145,-37.71250915527344,144.55130004882812
6146,-37.71249008178711,144.55126953125
6147,-37.711849212646484,144.55050659179688
6148,-37.71184539794922,144.55047607421875
6149,-37.71184158325195,144.55044555664062
6150,-37.711849212646484,144.5504150390625
6151,-37.71186828613281,144.55038452148438
6152,-37.7121696472168,144.54986572265625
6153,-37.71220016479492,144.54981994628906
6154,-37.71223449707031,144.54978942871094
6155,-37.7122688293457,144.54978942871094
6156,-37.712303161621094,144.5498046875
6157,-37.713539123535156,144.55126953125
6158,-37.713584899902344,144.55133056640625
6159,-37.71164321899414,144.5507354736328
6160,-37.71179962158203,144.55050659179688
6161,-37.71181869506836,144.55047607421875
6162,-37.71249008178711,144.54953002929688
6163,-37.712398529052734,144.54957580566406
6164,-37.71232604980469,144.5496063232422
6165,-37.71230697631836,144.54962158203125
6166,-37.712284088134766,144.54965209960938
6167,-37.71226119995117,144.5497283935547
6168,-37.71226119995117,144.5497589111328
6169,-37.708003997802734,144.55760192871094
6170,-37.707759857177734,144.55784606933594
6171,-37.70771408081055,144.5579071044922
6172,-37.70769119262695,144.55795288085938
6173,-37.707679748535156,144.55801391601562
6174,-37.71057891845703,144.5540008544922
6175,-37.71000289916992,144.55332946777344
6176,-37.70998001098633,144.55328369140625
6177,-37.709957122802734,144.55325317382812
6178,-37.70995330810547,144.55322265625
6179,-37.709957122802734,144.5531768798828
6180,-37.709957122802734,144.5531768798828
6181,-37.710079193115234,144.55252075195312
6182,-37.71009063720703,144.55242919921875
6183,-37.71010208129883,144.55239868164062
6184,-37.71013641357422,144.55235290527344
6185,-37.71017074584961,144.55235290527344
6186,-37.71021270751953,144.55233764648438
6187,-37.71025466918945,144.5523681640625
6188,-37.71085739135742,144.55308532714844
6189,-37.71088790893555,144.5531005859375
6190,-37.710941314697266,144.55311584472656
6191,-37.71099853515625,144.55319213867188
6192,-37.711021423339844,144.55322265625
6193,-37.711036682128906,144.5532684326172
6194,-37.71104431152344,144.5532989501953
6195,-37.711055755615234,144.5533447265625
6196,-37.7110595703125,144.55337524414062
6197,-37.711063385009766,144.5533905029297
6198,-37.7110595703125,144.55340576171875
6199,-37.709842681884766,144.5536651611328
6200,-37.70991134643555,144.55337524414062
6201,-37.709922790527344,144.55332946777344
6202,-37.70993423461914,144.5532989501953
6203,-37.710540771484375,144.55201721191406
6204,-37.710262298583984,144.55223083496094
6205,-37.71025466918945,144.55224609375
6206,-37.71024703979492,144.55226135253906
6207,-37.70718765258789,144.55865478515625
6208,-37.70762252807617,144.5591583251953
6209,-37.707679748535156,144.55923461914062
6210,-37.71040725708008,144.5555877685547
6211,-37.71034240722656,144.5555419921875
6212,-37.710296630859375,144.5554962158203
6213,-37.71025085449219,144.55538940429688
6214,-37.7102165222168,144.5552520751953
6215,-37.71009063720703,144.5547332763672
6216,-37.7100944519043,144.55471801757812
6217,-37.71010208129883,144.5546875
6218,-37.71012496948242,144.5546417236328
6219,-37.71019744873047,144.5545196533203
6220,-37.71028518676758,144.55441284179688
6221,-37.71062469482422,144.55393981933594
6222,-37.71099090576172,144.553466796875
6223,-37.71101379394531,144.55343627929688
6224,-37.711029052734375,144.55343627929688
6225,-37.71106719970703,144.55340576171875
6226,-37.71107864379883,144.55340576171875
6227,-37.711090087890625,144.5534210205078
6228,-37.71110153198242,144.5534210205078
6229,-37.71110916137695,144.5534210205078
6230,-37.71112060546875,144.55343627929688
6231,-37.71112823486328,144.55343627929688
6232,-37.71153259277344,144.55389404296875
6233,-37.71158981323242,144.553955078125
6234,-37.71438980102539,144.54978942871094
6235,-37.7143440246582,144.54974365234375
6236,-37.71379089355469,144.54908752441406
6237,-37.71373748779297,144.54905700683594
6238,-37.71371841430664,144.54904174804688
6239,-37.71369171142578,144.54904174804688
6240,-37.7136116027832,144.54905700683594
6241,-37.71345138549805,144.54913330078125
6242,-37.713130950927734,144.5492706298828
6243,-37.71309280395508,144.54928588867188
6244,-37.71305465698242,144.54934692382812
6245,-37.71305465698242,144.54937744140625
6246,-37.71305465698242,144.54942321777344
6247,-37.71306610107422,144.54945373535156
6248,-37.713932037353516,144.55047607421875
6249,-37.7139778137207,144.550537109375
6250,-37.71269226074219,144.54945373535156
6251,-37.712921142578125,144.54934692382812
6252,-37.71294021606445,144.54933166503906
6253,-37.71296310424805,144.54933166503906
6254,-37.71299362182617,144.54933166503906
6255,-37.7029914855957,144.56472778320312
6256,-37.70297622680664,144.56455993652344
6257,-37.70301055908203,144.56443786621094
6258,-37.70307540893555,144.5643768310547
6259,-37.7047119140625,144.56304931640625
6260,-37.70526123046875,144.5626220703125
6261,-37.70537185668945,144.56251525878906
6262,-37.705596923828125,144.562255859375
6263,-37.70578384399414,144.56202697753906
6264,-37.706024169921875,144.5615234375
6265,-37.706111907958984,144.5613555908203
6266,-37.70614242553711,144.56129455566406
6267,-37.706298828125,144.56106567382812
6268,-37.707069396972656,144.56002807617188
6269,-37.707130432128906,144.55984497070312
6270,-37.707252502441406,144.5597686767578
6271,-37.7076301574707,144.55929565429688
6272,-37.70817565917969,144.55857849121094
6273,-37.70867156982422,144.55789184570312
6274,-37.70884323120117,144.55767822265625
6275,-37.708885192871094,144.55767822265625
6276,-37.70893859863281,144.5576934814453
6277,-37.709075927734375,144.5577850341797
6278,-37.70911407470703,144.55780029296875
6279,-37.70915222167969,144.55780029296875
6280,-37.709190368652344,144.55776977539062
6281,-37.710479736328125,144.55606079101562
6282,-37.71052932739258,144.55599975585938
6283,-37.71055221557617,144.55592346191406
6284,-37.71052932739258,144.5558319091797
6285,-37.71044158935547,144.55569458007812
6286,-37.71041488647461,144.55563354492188
6287,-37.710426330566406,144.55555725097656
6288,-37.710479736328125,144.55548095703125
6289,-37.71154022216797,144.5540771484375
6290,-37.7115592956543,144.55401611328125
6291,-37.711631774902344,144.5539093017578
6292,-37.711708068847656,144.55384826660156
6293,-37.71208953857422,144.55331420898438
6294,-37.71305465698242,144.55203247070312
6295,-37.71348190307617,144.55148315429688
6296,-37.71366500854492,144.55120849609375
6297,-37.71390914916992,144.55075073242188
6298,-37.71394729614258,144.55064392089844
6299,-37.71403884887695,144.55047607421875
6300,-37.714115142822266,144.55038452148438
6301,-37.71464157104492,144.54920959472656
6302,-37.714656829833984,144.5491180419922
6303,-37.714595794677734,144.54891967773438
6304,-37.712059020996094,144.5532684326172
6305,-37.711647033691406,144.55276489257812
6306,-37.711639404296875,144.552734375
6307,-37.71163558959961,144.55271911621094
6308,-37.711631774902344,144.55270385742188
6309,-37.71162796020508,144.5526885986328
6310,-37.71162796020508,144.55267333984375
6311,-37.71162796020508,144.55264282226562
6312,-37.71163558959961,144.55262756347656
6313,-37.711639404296875,144.5526123046875
6314,-37.7116584777832,144.55258178710938
6315,-37.71168518066406,144.55255126953125
6316,-37.71251678466797,144.5514373779297
6317,-37.712589263916016,144.55142211914062
6318,-37.712615966796875,144.5514373779297
6319,-37.712650299072266,144.5514678955078
6320,-37.71302032470703,144.55191040039062
6321,-37.713035583496094,144.55194091796875
6322,-37.71304702758789,144.5519561767578
6323,-37.70709991455078,144.55979919433594
6324,-37.70682907104492,144.55946350097656
6325,-37.706825256347656,144.5594024658203
6326,-37.70684051513672,144.55934143066406
6327,-37.706886291503906,144.55923461914062
6328,-37.706939697265625,144.55911254882812
6329,-37.70699691772461,144.55899047851562
6330,-37.707149505615234,144.5587158203125
6331,-37.70743179321289,144.5582733154297
6332,-37.70756912231445,144.55804443359375
6333,-37.70762252807617,144.55801391601562
6334,-37.70771408081055,144.5580291748047
6335,-37.7081184387207,144.5585174560547
6336,-37.69679260253906,144.5434112548828
6337,-37.69676971435547,144.543212890625
6338,-37.69132995605469,144.53976440429688
6339,-37.69136047363281,144.53973388671875
6340,-37.691402435302734,144.5397186279297
6341,-37.69434356689453,144.53915405273438
6342,-37.694393157958984,144.53915405273438
6343,-37.694454193115234,144.53924560546875
6344,-37.6944580078125,144.5392608642578
6345,-37.69446563720703,144.53932189941406
6346,-37.697078704833984,144.54576110839844
6347,-37.696964263916016,144.54483032226562
6348,-37.702213287353516,144.547607421875
6349,-37.7022705078125,144.54803466796875
6350,-37.702274322509766,144.54811096191406
6351,-37.69051742553711,144.56423950195312
6352,-37.69037628173828,144.56394958496094
6353,-37.690277099609375,144.56370544433594
6354,-37.69019317626953,144.56346130371094
6355,-37.69010925292969,144.5631866455078
6356,-37.69003677368164,144.5629119873047
6357,-37.689979553222656,144.56265258789062
6358,-37.689918518066406,144.56231689453125
6359,-37.689857482910156,144.56192016601562
6360,-37.68972396850586,144.56121826171875
6361,-37.684242248535156,144.56834411621094
6362,-37.684234619140625,144.56845092773438
6363,-37.684226989746094,144.5687713623047
6364,-37.684139251708984,144.57020568847656
6365,-37.68412780761719,144.57034301757812
6366,-37.68333435058594,144.5804443359375
6367,-37.68331527709961,144.58045959472656
6368,-37.68328857421875,144.58050537109375
6369,-37.68328094482422,144.58055114746094
6370,-37.683284759521484,144.58058166503906
6371,-37.68328857421875,144.5806121826172
6372,-37.68330001831055,144.5806427001953
6373,-37.683311462402344,144.58065795898438
6374,-37.68296813964844,144.5858917236328
6375,-37.68299865722656,144.58590698242188
6376,-37.68302917480469,144.58590698242188
6377,-37.68305969238281,144.5858917236328
6378,-37.683082580566406,144.58587646484375
6379,-37.6830940246582,144.58567810058594
6380,-37.68309020996094,144.5855255126953
6381,-37.68308639526367,144.58546447753906
6382,-37.683101654052734,144.58523559570312
6383,-37.6832275390625,144.58349609375
6384,-37.68324279785156,144.5832977294922
6385,-37.68325424194336,144.58314514160156
6386,-37.68354415893555,144.57919311523438
6387,-37.68332290649414,144.58071899414062
6388,-37.683326721191406,144.58078002929688
6389,-37.683326721191406,144.58091735839844
6390,-37.683319091796875,144.58099365234375
6391,-37.68318176269531,144.58279418945312
6392,-37.683162689208984,144.58303833007812
6393,-37.68315505981445,144.5831298828125
6394,-37.68642807006836,144.598388671875
6395,-37.68647384643555,144.59832763671875
6396,-37.68775177001953,144.59689331054688
6397,-37.687862396240234,144.59678649902344
6398,-37.68798828125,144.59671020507812
6399,-37.68811798095703,144.5966796875
6400,-37.68879318237305,144.5965576171875
6401,-37.68931579589844,144.59646606445312
6402,-37.67595672607422,144.5975341796875
6403,-37.675540924072266,144.59764099121094
6404,-37.67543029785156,144.59768676757812
6405,-37.67496109008789,144.59779357910156
6406,-37.674522399902344,144.59791564941406
6407,-37.659664154052734,144.59869384765625
6408,-37.65972137451172,144.59866333007812
6409,-37.660316467285156,144.5984344482422
6410,-37.66050720214844,144.59837341308594
6411,-37.66069793701172,144.5983428955078
6412,-37.660911560058594,144.59840393066406
6413,-37.66136932373047,144.59884643554688
6414,-37.66144943237305,144.59910583496094
6415,-37.66155242919922,144.60000610351562
6416,-37.661556243896484,144.60003662109375
6417,-37.66156005859375,144.60009765625
6418,-37.66154098510742,144.6001434326172
6419,-37.66146469116211,144.60028076171875
6420,-37.657161712646484,144.59495544433594
6421,-37.65721893310547,144.5950164794922
6422,-37.657928466796875,144.59573364257812
6423,-37.65848159790039,144.5963134765625
6424,-37.65869140625,144.59666442871094
6425,-37.659358978271484,144.5980682373047
6426,-37.65956497192383,144.59861755371094
6427,-37.68271255493164,144.5481719970703
6428,-37.682762145996094,144.54843139648438
6429,-37.682796478271484,144.54864501953125
6430,-37.682865142822266,144.5492706298828
6431,-37.682918548583984,144.5497283935547
6432,-37.682918548583984,144.54983520507812
6433,-37.68292236328125,144.54994201660156
6434,-37.69194030761719,144.5771484375
6435,-37.69126510620117,144.5772705078125
6436,-37.68611526489258,144.57850646972656
6437,-37.68605422973633,144.5793914794922
6438,-37.68598556518555,144.5802459716797
6439,-37.68594741821289,144.58067321777344
6440,-37.68593978881836,144.580810546875
6441,-37.685935974121094,144.5808868408203
6442,-37.68592834472656,144.5809783935547
6443,-37.6859245300293,144.58103942871094
6444,-37.685829162597656,144.5823211669922
6445,-37.68574523925781,144.58328247070312
6446,-37.68574142456055,144.5833282470703
6447,-37.70905303955078,144.56463623046875
6448,-37.71125793457031,144.56422424316406
6449,-37.712833404541016,144.5639190673828
6450,-37.71067428588867,144.56980895996094
6451,-37.71059036254883,144.56982421875
6452,-37.70963668823242,144.57000732421875
6453,-37.70887756347656,144.57015991210938
6454,-37.662200927734375,144.58985900878906
6455,-37.66232681274414,144.5902099609375
6456,-37.66236114501953,144.59046936035156
6457,-37.662376403808594,144.59056091308594
6458,-37.67042922973633,144.59194946289062
6459,-37.67098617553711,144.592041015625
6460,-37.67117691040039,144.5919952392578
6461,-37.67134475708008,144.59190368652344
6462,-37.6577262878418,144.599853515625
6463,-37.65910339355469,144.5994873046875
6464,-37.65961837768555,144.5992889404297
6465,-37.65970993041992,144.5992431640625
6466,-37.661869049072266,144.58909606933594
6467,-37.662357330322266,144.58860778808594
6468,-37.66908645629883,144.59228515625
6469,-37.66914367675781,144.59237670898438
6470,-37.66918182373047,144.59251403808594
6471,-37.66917419433594,144.59292602539062
6472,-37.662879943847656,144.59791564941406
6473,-37.66352462768555,144.59776306152344
6474,-37.67583084106445,144.5967254638672
6475,-37.675785064697266,144.59683227539062
6476,-37.67572021484375,144.5970001220703
6477,-37.675601959228516,144.5970916748047
6478,-37.675384521484375,144.5972442626953
6479,-37.675018310546875,144.59747314453125
6480,-37.674442291259766,144.59767150878906
6481,-37.67292404174805,144.59796142578125
6482,-37.6693000793457,144.593505859375
6483,-37.66973114013672,144.59341430664062
6484,-37.66925048828125,144.5933074951172
6485,-37.66929626464844,144.59376525878906
6486,-37.66790008544922,144.59695434570312
6487,-37.66793441772461,144.5968017578125
6488,-37.667945861816406,144.59661865234375
6489,-37.6678352355957,144.5962677001953
6490,-37.667720794677734,144.5961151123047
6491,-37.66754913330078,144.59600830078125
6492,-37.66742706298828,144.59597778320312
6493,-37.6663932800293,144.59617614746094
6494,-37.666343688964844,144.59617614746094
6495,-37.671165466308594,144.59303283691406
6496,-37.67118453979492,144.5931854248047
6497,-37.67121124267578,144.5933380126953
6498,-37.67124557495117,144.5934295654297
6499,-37.67147445678711,144.59378051757812
6500,-37.67384719848633,144.59596252441406
6501,-37.673866271972656,144.59617614746094
6502,-37.67387771606445,144.5968475341797
6503,-37.67386245727539,144.59507751464844
6504,-37.67391586303711,144.5945281982422
6505,-37.67391586303711,144.5943603515625
6506,-37.67389678955078,144.5941619873047
6507,-37.673885345458984,144.5940399169922
6508,-37.6643180847168,144.59681701660156
6509,-37.660518646240234,144.5994110107422
6510,-37.66096878051758,144.59933471679688
6511,-37.661346435546875,144.59915161132812
6512,-37.6710090637207,144.5972900390625
6513,-37.67093276977539,144.59722900390625
6514,-37.67080307006836,144.59695434570312
6515,-37.66537857055664,144.5923614501953
6516,-37.665733337402344,144.59249877929688
6517,-37.6659049987793,144.5926055908203
6518,-37.66607666015625,144.59280395507812
6519,-37.66636276245117,144.59323120117188
6520,-37.66646194458008,144.593505859375
6521,-37.66657638549805,144.593994140625
6522,-37.66657257080078,144.5940399169922
6523,-37.66654968261719,144.59410095214844
6524,-37.66651916503906,144.59413146972656
6525,-37.66648483276367,144.5941619873047
6526,-37.666202545166016,144.59422302246094
6527,-37.6649284362793,144.5945281982422
6528,-37.66501235961914,144.59449768066406
6529,-37.66571807861328,144.59432983398438
6530,-37.669456481933594,144.5924530029297
6531,-37.673057556152344,144.59425354003906
6532,-37.67306900024414,144.59487915039062
6533,-37.67305374145508,144.59532165527344
6534,-37.67302322387695,144.59576416015625
6535,-37.67292785644531,144.59669494628906
6536,-37.672916412353516,144.59678649902344
6537,-37.672882080078125,144.5972137451172
6538,-37.67290115356445,144.59768676757812
6539,-37.67292404174805,144.59791564941406
6540,-37.671939849853516,144.59681701660156
6541,-37.671791076660156,144.5972137451172
6542,-37.67463302612305,144.59458923339844
6543,-37.67488098144531,144.5947265625
6544,-37.674983978271484,144.59474182128906
6545,-37.67529296875,144.59469604492188
6546,-37.66328811645508,144.59368896484375
6547,-37.66367721557617,144.59375
6548,-37.66379928588867,144.59376525878906
6549,-37.66424560546875,144.59385681152344
6550,-37.6643180847168,144.5938720703125
6551,-37.66445541381836,144.59317016601562
6552,-37.6644287109375,144.59329223632812
6553,-37.66415786743164,144.59463500976562
6554,-37.66934585571289,144.5941162109375
6555,-37.66938400268555,144.5942840576172
6556,-37.669376373291016,144.5944366455078
6557,-37.672183990478516,144.59544372558594
6558,-37.67186737060547,144.59503173828125
6559,-37.67028045654297,144.59439086914062
6560,-37.6617546081543,144.59535217285156
6561,-37.66176986694336,144.595458984375
6562,-37.66183090209961,144.59597778320312
6563,-37.66701889038086,144.59481811523438
6564,-37.667049407958984,144.594970703125
6565,-37.667205810546875,144.59518432617188
6566,-37.66737747192383,144.59547424316406
6567,-37.66743087768555,144.59579467773438
6568,-37.67212677001953,144.5964813232422
6569,-37.672794342041016,144.59719848632812
6570,-37.672447204589844,144.59716796875
6571,-37.6722526550293,144.59706115722656
6572,-37.67453384399414,144.5955352783203
6573,-37.674949645996094,144.5963897705078
6574,-37.66331100463867,144.59674072265625
6575,-37.662723541259766,144.59695434570312
6576,-37.6646842956543,144.6273651123047
6577,-37.67936706542969,144.62506103515625
6578,-37.67994689941406,144.63072204589844
6579,-37.677772521972656,144.6369171142578
6580,-37.65082550048828,144.6297149658203
6581,-37.6739616394043,144.62576293945312
6582,-37.678688049316406,144.62493896484375
6583,-37.671592712402344,144.60379028320312
6584,-37.6732063293457,144.5703887939453
6585,-37.674049377441406,144.5702362060547
6586,-37.67631149291992,144.56979370117188
6587,-37.67703628540039,144.56967163085938
6588,-37.67732620239258,144.56961059570312
6589,-37.704750061035156,144.56439208984375
6590,-37.70614242553711,144.56411743164062
6591,-37.706947326660156,144.56396484375
6592,-37.707637786865234,144.56382751464844
6593,-37.7078742980957,144.5637664794922
6594,-37.70793914794922,144.56375122070312
6595,-37.7000617980957,144.5508270263672
6596,-37.700069427490234,144.55062866210938
6597,-37.700077056884766,144.55050659179688
6598,-37.70008850097656,144.5504150390625
6599,-37.70398712158203,144.57228088378906
6600,-37.7039909362793,144.57232666015625
6601,-37.70405960083008,144.57289123535156
6602,-37.704166412353516,144.57376098632812
6603,-37.698448181152344,144.55064392089844
6604,-37.69853210449219,144.5506591796875
6605,-37.69940948486328,144.55050659179688
6606,-37.69979476928711,144.55044555664062
6607,-37.69987106323242,144.55043029785156
6608,-37.699886322021484,144.55043029785156
6609,-37.699951171875,144.55044555664062
6610,-37.69996643066406,144.5504608154297
6611,-37.70001220703125,144.55056762695312
6612,-37.700035095214844,144.55067443847656
6613,-37.69993209838867,144.55027770996094
6614,-37.69985580444336,144.55032348632812
6615,-37.69974899291992,144.55035400390625
6616,-37.69939422607422,144.55043029785156
6617,-37.698524475097656,144.55059814453125
6618,-37.6999626159668,144.55023193359375
6619,-37.6999397277832,144.55026245117188
6620,-37.69991683959961,144.55030822753906
6621,-37.699913024902344,144.5503387451172
6622,-37.69991683959961,144.55038452148438
6623,-37.699928283691406,144.5504150390625
6624,-37.69999313354492,144.5504608154297
6625,-37.70001983642578,144.5504608154297
6626,-37.70004653930664,144.5504608154297
6627,-37.700069427490234,144.55044555664062
6628,-37.70009994506836,144.55038452148438
6629,-37.700103759765625,144.55035400390625
6630,-37.70009994506836,144.55030822753906
6631,-37.70009231567383,144.55027770996094
6632,-37.7000732421875,144.5502471923828
6633,-37.70004653930664,144.55023193359375
6634,-37.70001983642578,144.5502166748047
6635,-37.699989318847656,144.55023193359375
6636,-37.69961166381836,144.54660034179688
6637,-37.69956970214844,144.54661560058594
6638,-37.69953536987305,144.54664611816406
6639,-37.699493408203125,144.54676818847656
6640,-37.69950866699219,144.5468292236328
6641,-37.699588775634766,144.54690551757812
6642,-37.69962692260742,144.54690551757812
6643,-37.69966125488281,144.54689025878906
6644,-37.699729919433594,144.5467987060547
6645,-37.69973373413086,144.54673767089844
6646,-37.6997184753418,144.5466766357422
6647,-37.699954986572266,144.550048828125
6648,-37.699954986572266,144.55015563964844
6649,-37.70417404174805,144.57382202148438
6650,-37.704200744628906,144.5740509033203
6651,-37.70428466796875,144.57472229003906
6652,-37.704288482666016,144.5747528076172
6653,-37.70429611206055,144.5748291015625
6654,-37.70002365112305,144.55014038085938
6655,-37.699989318847656,144.55001831054688
6656,-37.701351165771484,144.56149291992188
6657,-37.70121383666992,144.56031799316406
6658,-37.701171875,144.55992126464844
6659,-37.70113754272461,144.5596160888672
6660,-37.701080322265625,144.55909729003906
6661,-37.692867279052734,144.55059814453125
6662,-37.692848205566406,144.5506591796875
6663,-37.69276428222656,144.55088806152344
6664,-37.69270324707031,144.55108642578125
6665,-37.69267272949219,144.55130004882812
6666,-37.692657470703125,144.55149841308594
6667,-37.69266891479492,144.5518341064453
6668,-37.69285583496094,144.55355834960938
6669,-37.692874908447266,144.55372619628906
6670,-37.69301986694336,144.55499267578125
6671,-37.69302749633789,144.55514526367188
6672,-37.693031311035156,144.5552520751953
6673,-37.6929931640625,144.55555725097656
6674,-37.69297790527344,144.5556640625
6675,-37.69561767578125,144.55035400390625
6676,-37.69562530517578,144.5504150390625
6677,-37.69584655761719,144.5521697998047
6678,-37.69596862792969,144.55311584472656
6679,-37.69602584838867,144.55325317382812
6680,-37.69607925415039,144.5534210205078
6681,-37.696128845214844,144.5538330078125
6682,-37.69633483886719,144.55560302734375
6683,-37.69553756713867,144.55026245117188
6684,-37.695472717285156,144.55027770996094
6685,-37.6949577331543,144.55039978027344
6686,-37.69485855102539,144.55043029785156
6687,-37.694091796875,144.5505828857422
6688,-37.69348907470703,144.55067443847656
6689,-37.69334030151367,144.55068969726562
6690,-37.69320297241211,144.5506591796875
6691,-37.69304275512695,144.55059814453125
6692,-37.69303512573242,144.55059814453125
6693,-37.6929817199707,144.55056762695312
6694,-37.69569778442383,144.5502471923828
6695,-37.6956901550293,144.5502166748047
6696,-37.695674896240234,144.55018615722656
6697,-37.695648193359375,144.5501708984375
6698,-37.695621490478516,144.55015563964844
6699,-37.695587158203125,144.55015563964844
6700,-37.69556427001953,144.55018615722656
6701,-37.6955451965332,144.55020141601562
6702,-37.69553756713867,144.5502471923828
6703,-37.6955451965332,144.55030822753906
6704,-37.695560455322266,144.55032348632812
6705,-37.695587158203125,144.55035400390625
6706,-37.69564437866211,144.55035400390625
6707,-37.6956672668457,144.5503387451172
6708,-37.69568634033203,144.55030822753906
6709,-37.69569778442383,144.55027770996094
6710,-37.69838333129883,144.5506591796875
6711,-37.69782257080078,144.55078125
6712,-37.697696685791016,144.55078125
6713,-37.697566986083984,144.55076599121094
6714,-37.69743728637695,144.55072021484375
6715,-37.697349548339844,144.55062866210938
6716,-37.69719696044922,144.5504913330078
6717,-37.69690704345703,144.55026245117188
6718,-37.696720123291016,144.55015563964844
6719,-37.6966438293457,144.55014038085938
6720,-37.69654083251953,144.55010986328125
6721,-37.69635772705078,144.55010986328125
6722,-37.69574737548828,144.55023193359375
6723,-37.69558334350586,144.550048828125
6724,-37.69557571411133,144.54995727539062
6725,-37.695594787597656,144.5498046875
6726,-37.69564437866211,144.5496063232422
6727,-37.69566345214844,144.5494842529297
6728,-37.6956901550293,144.54937744140625
6729,-37.6956787109375,144.54925537109375
6730,-37.69566345214844,144.5491485595703
6731,-37.695594787597656,144.54855346679688
6732,-37.695499420166016,144.54776000976562
6733,-37.695491790771484,144.54771423339844
6734,-37.68636703491211,144.5677032470703
6735,-37.68621826171875,144.56773376464844
6736,-37.68451690673828,144.5641326904297
6737,-37.68450927734375,144.56427001953125
6738,-37.68503189086914,144.55874633789062
6739,-37.68507766723633,144.55809020996094
6740,-37.68510055541992,144.5577850341797
6741,-37.685157775878906,144.5569610595703
6742,-37.68524932861328,144.55563354492188
6743,-37.685279846191406,144.55511474609375
6744,-37.68529510498047,144.55502319335938
6745,-37.685302734375,144.55499267578125
6746,-37.68467712402344,144.56326293945312
6747,-37.684688568115234,144.5630645751953
6748,-37.684722900390625,144.56271362304688
6749,-37.68756103515625,144.567626953125
6750,-37.687538146972656,144.56747436523438
6751,-37.68519592285156,144.56602478027344
6752,-37.68486022949219,144.5659942626953
6753,-37.68488693237305,144.55905151367188
6754,-37.684814453125,144.56039428710938
6755,-37.684261322021484,144.56805419921875
6756,-37.66780090332031,144.57249450683594
6757,-37.667808532714844,144.572265625
6758,-37.667762756347656,144.5717315673828
6759,-37.667755126953125,144.57164001464844
6760,-37.66777038574219,144.57151794433594
6761,-37.673118591308594,144.57127380371094
6762,-37.67302322387695,144.57073974609375
6763,-37.67302322387695,144.5706787109375
6764,-37.67302322387695,144.57058715820312
6765,-37.67302703857422,144.5704803466797
6766,-37.669342041015625,144.57431030273438
6767,-37.66939163208008,144.57467651367188
6768,-37.66944885253906,144.57473754882812
6769,-37.66953659057617,144.57473754882812
6770,-37.67018508911133,144.57461547851562
6771,-37.67023468017578,144.57464599609375
6772,-37.670265197753906,144.57472229003906
6773,-37.6703987121582,144.57583618164062
6774,-37.670433044433594,144.57591247558594
6775,-37.67047882080078,144.5759735107422
6776,-37.6705436706543,144.57595825195312
6777,-37.67158889770508,144.57577514648438
6778,-37.67182922363281,144.5757293701172
6779,-37.67202377319336,144.5756378173828
6780,-37.67215347290039,144.57553100585938
6781,-37.67230987548828,144.5753173828125
6782,-37.67238235473633,144.57518005371094
6783,-37.67241668701172,144.574951171875
6784,-37.67243194580078,144.57473754882812
6785,-37.67240905761719,144.574462890625
6786,-37.67240524291992,144.57443237304688
6787,-37.67234802246094,144.57371520996094
6788,-37.67234802246094,144.57350158691406
6789,-37.67238998413086,144.57325744628906
6790,-37.67245864868164,144.5730438232422
6791,-37.6726188659668,144.57278442382812
6792,-37.67271423339844,144.5726776123047
6793,-37.672889709472656,144.57260131835938
6794,-37.668087005615234,144.57452392578125
6795,-37.668182373046875,144.57452392578125
6796,-37.6596565246582,144.57083129882812
6797,-37.659629821777344,144.57083129882812
6798,-37.659610748291016,144.5708465576172
6799,-37.65959167480469,144.57086181640625
6800,-37.65958023071289,144.57089233398438
6801,-37.65958023071289,144.5709228515625
6802,-37.659584045410156,144.57095336914062
6803,-37.65959167480469,144.5709686279297
6804,-37.659603118896484,144.5709991455078
6805,-37.65961837768555,144.5709991455078
6806,-37.659637451171875,144.57101440429688
6807,-37.6596565246582,144.57101440429688
6808,-37.6596794128418,144.57101440429688
6809,-37.65970230102539,144.5709991455078
6810,-37.65972137451172,144.5709686279297
6811,-37.65972900390625,144.57093811035156
6812,-37.659732818603516,144.57090759277344
6813,-37.659725189208984,144.5708770751953
6814,-37.65971374511719,144.57086181640625
6815,-37.659698486328125,144.5708465576172
6816,-37.65967559814453,144.57083129882812
6817,-37.65970993041992,144.5715789794922
6818,-37.65973663330078,144.57249450683594
6819,-37.65978240966797,144.57302856445312
6820,-37.658687591552734,144.5660858154297
6821,-37.65885543823242,144.56631469726562
6822,-37.65907287597656,144.5665740966797
6823,-37.65910720825195,144.5666046142578
6824,-37.659725189208984,144.5673065185547
6825,-37.65976333618164,144.56735229492188
6826,-37.6598014831543,144.56739807128906
6827,-37.659820556640625,144.56744384765625
6828,-37.65983581542969,144.5675048828125
6829,-37.65984344482422,144.5675506591797
6830,-37.65984344482422,144.56759643554688
6831,-37.65983200073242,144.56765747070312
6832,-37.65981674194336,144.5677032470703
6833,-37.659793853759766,144.56773376464844
6834,-37.65969467163086,144.56790161132812
6835,-37.65966033935547,144.56797790527344
6836,-37.659629821777344,144.5680694580078
6837,-37.65960693359375,144.56817626953125
6838,-37.65958786010742,144.5682830810547
6839,-37.65958023071289,144.56838989257812
6840,-37.65958023071289,144.56849670410156
6841,-37.659584045410156,144.5685577392578
6842,-37.65959930419922,144.56871032714844
6843,-37.659637451171875,144.5691375732422
6844,-37.65964889526367,144.56959533691406
6845,-37.65964126586914,144.5698699951172
6846,-37.65963363647461,144.57044982910156
6847,-37.659637451171875,144.57058715820312
6848,-37.65964889526367,144.57073974609375
6849,-37.65951919555664,144.57093811035156
6850,-37.65946960449219,144.57095336914062
6851,-37.659358978271484,144.5709686279297
6852,-37.65869903564453,144.57110595703125
6853,-37.6598014831543,144.57089233398438
6854,-37.659908294677734,144.5708770751953
6855,-37.66049575805664,144.5707550048828
6856,-37.660560607910156,144.5707550048828
6857,-37.659664154052734,144.57110595703125
6858,-37.659912109375,144.57301330566406
6859,-37.659847259521484,144.5724639892578
6860,-37.659820556640625,144.5722198486328
6861,-37.66456604003906,144.57180786132812
6862,-37.664306640625,144.572021484375
6863,-37.66469955444336,144.57177734375
6864,-37.66468048095703,144.5717010498047
6865,-37.66464614868164,144.571533203125
6866,-37.664703369140625,144.57203674316406
6867,-37.66482162475586,144.57199096679688
6868,-37.66489791870117,144.57196044921875
6869,-37.665199279785156,144.57188415527344
6870,-37.66322708129883,144.56385803222656
6871,-37.66324996948242,144.56382751464844
6872,-37.66326141357422,144.56378173828125
6873,-37.66325759887695,144.563720703125
6874,-37.66324234008789,144.5636749267578
6875,-37.66321563720703,144.5636444091797
6876,-37.66318130493164,144.56362915039062
6877,-37.66314697265625,144.56362915039062
6878,-37.663108825683594,144.5636444091797
6879,-37.66307830810547,144.56365966796875
6880,-37.663055419921875,144.56370544433594
6881,-37.663047790527344,144.5637664794922
6882,-37.66305160522461,144.56381225585938
6883,-37.6630744934082,144.56385803222656
6884,-37.66310119628906,144.5638885498047
6885,-37.66313934326172,144.56390380859375
6886,-37.663177490234375,144.56390380859375
6887,-37.665000915527344,144.57186889648438
6888,-37.664859771728516,144.57183837890625
6889,-37.66481018066406,144.57183837890625
6890,-37.66473388671875,144.57180786132812
6891,-37.660823822021484,144.5728302001953
6892,-37.66133117675781,144.57273864746094
6893,-37.66142654418945,144.57272338867188
6894,-37.661521911621094,144.57269287109375
6895,-37.661563873291016,144.57269287109375
6896,-37.6617431640625,144.57264709472656
6897,-37.6645393371582,144.5718536376953
6898,-37.66452407836914,144.5718994140625
6899,-37.66453170776367,144.57196044921875
6900,-37.664554595947266,144.57200622558594
6901,-37.664588928222656,144.57205200195312
6902,-37.66462707519531,144.5720672607422
6903,-37.664669036865234,144.5720672607422
6904,-37.664737701416016,144.57200622558594
6905,-37.664756774902344,144.57196044921875
6906,-37.664764404296875,144.57191467285156
6907,-37.664756774902344,144.5718536376953
6908,-37.6646614074707,144.57176208496094
6909,-37.66461944580078,144.57176208496094
6910,-37.664581298828125,144.57179260253906
6911,-37.66447830200195,144.57199096679688
6912,-37.66462326049805,144.5717010498047
6913,-37.6639518737793,144.5699462890625
6914,-37.66392135620117,144.56991577148438
6915,-37.66386413574219,144.5698699951172
6916,-37.66374588012695,144.56976318359375
6917,-37.66360092163086,144.569580078125
6918,-37.66359329223633,144.569580078125
6919,-37.66347885131836,144.56932067871094
6920,-37.66307067871094,144.5684356689453
6921,-37.66304397583008,144.568359375
6922,-37.66301345825195,144.56825256347656
6923,-37.662967681884766,144.568115234375
6924,-37.662925720214844,144.56790161132812
6925,-37.66288757324219,144.567626953125
6926,-37.66286087036133,144.56736755371094
6927,-37.662864685058594,144.5672607421875
6928,-37.66286849975586,144.56707763671875
6929,-37.66291427612305,144.5668487548828
6930,-37.66301345825195,144.56629943847656
6931,-37.66303634643555,144.56617736816406
6932,-37.6639289855957,144.56358337402344
6933,-37.66413116455078,144.56350708007812
6934,-37.664371490478516,144.56346130371094
6935,-37.66447448730469,144.5634765625
6936,-37.66448211669922,144.56358337402344
6937,-37.66459274291992,144.56454467773438
6938,-37.664756774902344,144.5657501220703
6939,-37.66294479370117,144.5637664794922
6940,-37.66282272338867,144.56378173828125
6941,-37.66264343261719,144.5637664794922
6942,-37.662452697753906,144.5637664794922
6943,-37.66163635253906,144.56393432617188
6944,-37.66127014160156,144.56399536132812
6945,-37.67188262939453,144.56369018554688
6946,-37.67207336425781,144.5654296875
6947,-37.663150787353516,144.56349182128906
6948,-37.663150787353516,144.5634765625
6949,-37.66313171386719,144.56332397460938
6950,-37.664817810058594,144.56581115722656
6951,-37.66563034057617,144.5657958984375
6952,-37.66571807861328,144.56576538085938
6953,-37.666072845458984,144.56536865234375
6954,-37.666587829589844,144.5647430419922
6955,-37.666683197021484,144.5645751953125
6956,-37.66673278808594,144.5643768310547
6957,-37.66682052612305,144.56398010253906
6958,-37.66687774658203,144.5638427734375
6959,-37.66712951660156,144.56353759765625
6960,-37.66730499267578,144.56349182128906
6961,-37.66743087768555,144.56349182128906
6962,-37.667564392089844,144.56350708007812
6963,-37.66773223876953,144.5635528564453
6964,-37.667991638183594,144.56370544433594
6965,-37.66830825805664,144.5639190673828
6966,-37.66843795776367,144.56396484375
6967,-37.66862869262695,144.56396484375
6968,-37.668827056884766,144.56394958496094
6969,-37.669029235839844,144.5638427734375
6970,-37.669281005859375,144.5636749267578
6971,-37.669551849365234,144.5635986328125
6972,-37.66975784301758,144.5635528564453
6973,-37.67000198364258,144.56353759765625
6974,-37.670204162597656,144.5635528564453
6975,-37.67045593261719,144.56353759765625
6976,-37.671722412109375,144.56329345703125
6977,-37.670616149902344,144.57089233398438
6978,-37.6703987121582,144.5709228515625
6979,-37.66957092285156,144.57107543945312
6980,-37.66683578491211,144.5716094970703
6981,-37.66582489013672,144.57180786132812
6982,-37.665489196777344,144.57186889648438
6983,-37.682003021240234,144.58297729492188
6984,-37.68208312988281,144.58299255371094
6985,-37.682838439941406,144.58309936523438
6986,-37.681644439697266,144.58567810058594
6987,-37.68246078491211,144.58572387695312
6988,-37.682701110839844,144.58572387695312
6989,-37.68600082397461,144.5835418701172
6990,-37.68635940551758,144.58358764648438
6991,-37.686824798583984,144.5836639404297
6992,-37.68708801269531,144.58364868164062
6993,-37.68777084350586,144.58351135253906
6994,-37.6880989074707,144.5834503173828
6995,-37.6883659362793,144.58340454101562
6996,-37.688453674316406,144.58338928222656
6997,-37.68936538696289,144.5832061767578
6998,-37.68186569213867,144.58311462402344
6999,-37.68185043334961,144.58322143554688
7000,-37.681800842285156,144.58358764648438
7001,-37.681758880615234,144.583984375
7002,-37.68172836303711,144.5844268798828
7003,-37.681663513183594,144.58538818359375
7004,-37.6816520690918,144.5855255126953
7005,-37.683258056640625,144.58303833007812
7006,-37.68342208862305,144.5808868408203
7007,-37.683441162109375,144.58079528808594
7008,-37.68348693847656,144.5806884765625
7009,-37.683143615722656,144.58328247070312
7010,-37.683128356933594,144.5834503173828
7011,-37.682987213134766,144.58541870117188
7012,-37.682979583740234,144.58547973632812
7013,-37.6829833984375,144.5855255126953
7014,-37.682987213134766,144.5856475830078
7015,-37.68870544433594,144.57705688476562
7016,-37.68864822387695,144.57656860351562
7017,-37.68855285644531,144.5757598876953
7018,-37.68803024291992,144.57139587402344
7019,-37.68798065185547,144.57107543945312
7020,-37.68452453613281,144.58592224121094
7021,-37.68460464477539,144.58590698242188
7022,-37.684688568115234,144.58592224121094
7023,-37.68532943725586,144.58596801757812
7024,-37.685367584228516,144.58595275878906
7025,-37.68541717529297,144.5859375
7026,-37.68546676635742,144.58590698242188
7027,-37.68549728393555,144.58587646484375
7028,-37.685523986816406,144.58583068847656
7029,-37.68555450439453,144.58570861816406
7030,-37.68458938598633,144.5833740234375
7031,-37.684654235839844,144.5833740234375
7032,-37.68468475341797,144.5833740234375
7033,-37.685020446777344,144.5834197998047
7034,-37.68510437011719,144.5834197998047
7035,-37.68558120727539,144.58348083496094
7036,-37.68558883666992,144.58349609375
7037,-37.68564987182617,144.58352661132812
7038,-37.68571853637695,144.5835723876953
7039,-37.685604095458984,144.585205078125
7040,-37.68558120727539,144.5855255126953
7041,-37.685569763183594,144.5856170654297
7042,-37.689964294433594,144.57752990722656
7043,-37.6899528503418,144.57752990722656
7044,-37.68988800048828,144.57754516601562
7045,-37.6891975402832,144.5776824951172
7046,-37.70546340942383,144.5745849609375
7047,-37.70543670654297,144.5745849609375
7048,-37.705406188964844,144.57460021972656
7049,-37.705352783203125,144.57460021972656
7050,-37.70468521118164,144.5747528076172
7051,-37.70439910888672,144.57481384277344
7052,-37.685081481933594,144.56649780273438
7053,-37.68511962890625,144.5664520263672
7054,-37.68513870239258,144.56643676757812
7055,-37.6851806640625,144.56629943847656
7056,-37.6851806640625,144.5662841796875
7057,-37.6955451965332,144.60267639160156
7058,-37.69551086425781,144.60159301757812
7059,-37.69548034667969,144.60076904296875
7060,-37.6954460144043,144.59971618652344
7061,-37.69521713256836,144.5927734375
7062,-37.695152282714844,144.5909423828125
7063,-37.6950798034668,144.5897979736328
7064,-37.69498825073242,144.58876037597656
7065,-37.69488525390625,144.58798217773438
7066,-37.694766998291016,144.5872344970703
7067,-37.69465255737305,144.58657836914062
7068,-37.69451141357422,144.58596801757812
7069,-37.69438552856445,144.58546447753906
7070,-37.694297790527344,144.58509826660156
7071,-37.7170524597168,144.64125061035156
7072,-37.71504592895508,144.6384735107422
7073,-37.71417236328125,144.6372528076172
7074,-37.71405792236328,144.6370849609375
7075,-37.71402359008789,144.6370391845703
7076,-37.713829040527344,144.6367645263672
7077,-37.71305465698242,144.6356964111328
7078,-37.71260452270508,144.6350555419922
7079,-37.69272994995117,144.6044464111328
7080,-37.697235107421875,144.61370849609375
7081,-37.69743728637695,144.61412048339844
7082,-37.69776153564453,144.61473083496094
7083,-37.698020935058594,144.6151885986328
7084,-37.69850158691406,144.61598205566406
7085,-37.702354431152344,144.62139892578125
7086,-37.70999526977539,144.57373046875
7087,-37.711116790771484,144.5735321044922
7088,-37.71119689941406,144.57351684570312
7089,-37.70810317993164,144.563720703125
7090,-37.70903778076172,144.5635528564453
7091,-37.71076202392578,144.56321716308594
7092,-37.71159362792969,144.56307983398438
7093,-37.70186233520508,144.56484985351562
7094,-37.702056884765625,144.56484985351562
7095,-37.702880859375,144.5647430419922
7096,-37.70313262939453,144.564697265625
7097,-37.70404815673828,144.5645294189453
7098,-37.70410919189453,144.56451416015625
7099,-37.70458984375,144.56442260742188
7100,-37.68495178222656,144.55979919433594
7101,-37.684974670410156,144.5595245361328
7102,-37.685001373291016,144.55914306640625
7103,-37.68500518798828,144.55911254882812
7104,-37.68476867675781,144.5610809326172
7105,-37.684696197509766,144.56204223632812
7106,-37.6845703125,144.56326293945312
7107,-37.684566497802734,144.56329345703125
7108,-37.68475341796875,144.5634307861328
7109,-37.68489074707031,144.56344604492188
7110,-37.713199615478516,144.562744140625
7111,-37.7137336730957,144.56265258789062
7112,-37.713890075683594,144.5626220703125
7113,-37.71406555175781,144.56259155273438
7114,-37.71578598022461,144.56227111816406
7115,-37.7164306640625,144.56214904785156
7116,-37.716793060302734,144.5620880126953
7117,-37.71833038330078,144.56178283691406
7118,-37.71857833862305,144.56173706054688
7119,-37.68440246582031,144.5606689453125
7120,-37.68434524536133,144.56068420410156
7121,-37.68406295776367,144.56068420410156
7122,-37.68369674682617,144.56076049804688
7123,-37.6834831237793,144.5608673095703
7124,-37.68328857421875,144.5609588623047
7125,-37.68289566040039,144.5612335205078
7126,-37.68272018432617,144.56143188476562
7127,-37.68257522583008,144.56161499023438
7128,-37.68244552612305,144.56178283691406
7129,-37.682281494140625,144.56204223632812
7130,-37.68210983276367,144.56228637695312
7131,-37.682044982910156,144.5623321533203
7132,-37.681846618652344,144.56251525878906
7133,-37.68178176879883,144.5625762939453
7134,-37.68117904663086,144.56289672851562
7135,-37.68095397949219,144.56292724609375
7136,-37.68061065673828,144.56298828125
7137,-37.680328369140625,144.5629425048828
7138,-37.6800422668457,144.5628662109375
7139,-37.67988967895508,144.56280517578125
7140,-37.67962646484375,144.56268310546875
7141,-37.67906951904297,144.56228637695312
7142,-37.678802490234375,144.56207275390625
7143,-37.67845153808594,144.56170654296875
7144,-37.67799377441406,144.56117248535156
7145,-37.67770004272461,144.5607147216797
7146,-37.67759704589844,144.56057739257812
7147,-37.67744445800781,144.5604248046875
7148,-37.6772575378418,144.56028747558594
7149,-37.677162170410156,144.5602264404297
7150,-37.67482376098633,144.5543975830078
7151,-37.674896240234375,144.5547637939453
7152,-37.674983978271484,144.55511474609375
7153,-37.675113677978516,144.5555419921875
7154,-37.67530059814453,144.55613708496094
7155,-37.67536544799805,144.55642700195312
7156,-37.67550277709961,144.5572509765625
7157,-37.67554473876953,144.55764770507812
7158,-37.675655364990234,144.55853271484375
7159,-37.67572021484375,144.55902099609375
7160,-37.67576217651367,144.5594024658203
7161,-37.675872802734375,144.5601348876953
7162,-37.67705154418945,144.56019592285156
7163,-37.67696762084961,144.56016540527344
7164,-37.67653274536133,144.56008911132812
7165,-37.67625427246094,144.56015014648438
7166,-37.67599868774414,144.56019592285156
7167,-37.67595291137695,144.56021118164062
7168,-37.68136215209961,144.56883239746094
7169,-37.68211364746094,144.5686798095703
7170,-37.68235397338867,144.56863403320312
7171,-37.68317794799805,144.56849670410156
7172,-37.680233001708984,144.5775604248047
7173,-37.679073333740234,144.57740783691406
7174,-37.678890228271484,144.57740783691406
7175,-37.67531967163086,144.57809448242188
7176,-37.67456817626953,144.5782470703125
7177,-37.67628479003906,144.5972137451172
7178,-37.67626953125,144.59713745117188
7179,-37.67621612548828,144.5967254638672
7180,-37.67669677734375,144.59605407714844
7181,-37.67656326293945,144.59620666503906
7182,-37.6765022277832,144.5962677001953
7183,-37.676456451416016,144.59632873535156
7184,-37.67640686035156,144.59637451171875
7185,-37.67631912231445,144.59642028808594
7186,-37.676090240478516,144.5966033935547
7187,-37.67610168457031,144.59683227539062
7188,-37.67610549926758,144.5970916748047
7189,-37.67609405517578,144.5972137451172
7190,-37.67605972290039,144.59732055664062
7191,-37.67601013183594,144.5974884033203
7192,-37.676517486572266,144.5980987548828
7193,-37.67672348022461,144.59805297851562
7194,-37.67689895629883,144.5980224609375
7195,-37.67716598510742,144.59803771972656
7196,-37.67726135253906,144.5980224609375
7197,-37.67717361450195,144.5979461669922
7198,-37.67689514160156,144.59786987304688
7199,-37.67667007446289,144.59779357910156
7200,-37.67652893066406,144.5977020263672
7201,-37.67317199707031,144.59817504882812
7202,-37.67282485961914,144.59825134277344
7203,-37.67628479003906,144.5966033935547
7204,-37.676334381103516,144.59652709960938
7205,-37.6763801574707,144.5964813232422
7206,-37.67658615112305,144.59629821777344
7207,-37.674964904785156,144.59788513183594
7208,-37.67543029785156,144.597900390625
7209,-37.675540924072266,144.597900390625
7210,-37.67560577392578,144.59791564941406
7211,-37.675689697265625,144.5979461669922
7212,-37.67577362060547,144.59799194335938
7213,-37.675926208496094,144.59811401367188
7214,-37.662139892578125,144.60025024414062
7215,-37.662025451660156,144.60028076171875
7216,-37.661746978759766,144.60032653808594
7217,-37.661643981933594,144.60035705566406
7218,-37.661556243896484,144.60037231445312
7219,-37.661502838134766,144.60037231445312
7220,-37.6606559753418,144.60052490234375
7221,-37.66050338745117,144.60055541992188
7222,-37.660430908203125,144.60057067871094
7223,-37.660404205322266,144.60057067871094
7224,-37.66586685180664,144.59405517578125
7225,-37.66583251953125,144.59397888183594
7226,-37.665775299072266,144.59385681152344
7227,-37.66571044921875,144.59376525878906
7228,-37.66560363769531,144.59361267089844
7229,-37.66553497314453,144.59352111816406
7230,-37.665435791015625,144.5934295654297
7231,-37.66527557373047,144.5933380126953
7232,-37.665130615234375,144.59326171875
7233,-37.66462707519531,144.59307861328125
7234,-37.66457748413086,144.5930633544922
7235,-37.665992736816406,144.59420776367188
7236,-37.66592025756836,144.59413146972656
7237,-37.665889739990234,144.59425354003906
7238,-37.66588592529297,144.59426879882812
7239,-37.6658821105957,144.59429931640625
7240,-37.6658821105957,144.59432983398438
7241,-37.6658935546875,144.5943603515625
7242,-37.66591262817383,144.59437561035156
7243,-37.665958404541016,144.59439086914062
7244,-37.66598129272461,144.59439086914062
7245,-37.6660041809082,144.59437561035156
7246,-37.66602325439453,144.5943603515625
7247,-37.66603088378906,144.59434509277344
7248,-37.666038513183594,144.5943145751953
7249,-37.666038513183594,144.59426879882812
7250,-37.6660270690918,144.59423828125
7251,-37.6660041809082,144.59420776367188
7252,-37.66596984863281,144.5941925048828
7253,-37.66594314575195,144.5941925048828
7254,-37.665924072265625,144.59420776367188
7255,-37.66590118408203,144.59422302246094
7256,-37.66669845581055,144.59913635253906
7257,-37.66668701171875,144.59906005859375
7258,-37.66660690307617,144.59835815429688
7259,-37.666290283203125,144.59573364257812
7260,-37.66628646850586,144.59571838378906
7261,-37.66624069213867,144.59515380859375
7262,-37.66621780395508,144.5950164794922
7263,-37.66616439819336,144.5948486328125
7264,-37.666053771972656,144.5945281982422
7265,-37.66604232788086,144.59445190429688
7266,-37.66579818725586,144.59429931640625
7267,-37.665767669677734,144.5943145751953
7268,-37.666107177734375,144.5942840576172
7269,-37.66612243652344,144.5942840576172
7270,-37.66611099243164,144.59422302246094
7271,-37.66608810424805,144.59422302246094
7272,-37.666046142578125,144.59422302246094
7273,-37.6658821105957,144.59414672851562
7274,-37.665771484375,144.59434509277344
7275,-37.66579818725586,144.59434509277344
7276,-37.66585922241211,144.5943603515625
7277,-37.65677261352539,144.6009063720703
7278,-37.65636444091797,144.59751892089844
7279,-37.65635681152344,144.59718322753906
7280,-37.656368255615234,144.5968475341797
7281,-37.65641403198242,144.5965118408203
7282,-37.656490325927734,144.59619140625
7283,-37.65663528442383,144.59567260742188
7284,-37.656707763671875,144.59552001953125
7285,-37.656829833984375,144.5952911376953
7286,-37.656925201416016,144.5951385498047
7287,-37.656978607177734,144.59506225585938
7288,-37.65701675415039,144.5950164794922
7289,-37.65705108642578,144.59495544433594
7290,-37.66008758544922,144.5911407470703
7291,-37.66023254394531,144.59059143066406
7292,-37.66061782836914,144.59178161621094
7293,-37.66053771972656,144.59156799316406
7294,-37.66046142578125,144.59146118164062
7295,-37.660152435302734,144.59120178222656
7296,-37.678340911865234,144.5443115234375
7297,-37.6789665222168,144.54421997070312
7298,-37.679012298583984,144.54421997070312
7299,-37.6790657043457,144.54425048828125
7300,-37.67919921875,144.54425048828125
7301,-37.679237365722656,144.54425048828125
7302,-37.67930603027344,144.5442657470703
7303,-37.679847717285156,144.54446411132812
7304,-37.67998504638672,144.5444793701172
7305,-37.67906188964844,144.54409790039062
7306,-37.679046630859375,144.54412841796875
7307,-37.67904281616211,144.54417419433594
7308,-37.67905044555664,144.54421997070312
7309,-37.679080963134766,144.5442657470703
7310,-37.67910385131836,144.54428100585938
7311,-37.679134368896484,144.54428100585938
7312,-37.679161071777344,144.54428100585938
7313,-37.6791877746582,144.5442657470703
7314,-37.67921829223633,144.5442352294922
7315,-37.67922592163086,144.54420471191406
7316,-37.679229736328125,144.54415893554688
7317,-37.67922592163086,144.54412841796875
7318,-37.67921447753906,144.54409790039062
7319,-37.67919158935547,144.5440673828125
7320,-37.679161071777344,144.54405212402344
7321,-37.67911911010742,144.54405212402344
7322,-37.6790771484375,144.54473876953125
7323,-37.679134368896484,144.54461669921875
7324,-37.67915344238281,144.54452514648438
7325,-37.67917251586914,144.54437255859375
7326,-37.67908477783203,144.54434204101562
7327,-37.67909622192383,144.54446411132812
7328,-37.67908477783203,144.5446319580078
7329,-37.677642822265625,144.54432678222656
7330,-37.677520751953125,144.54432678222656
7331,-37.677040100097656,144.54417419433594
7332,-37.67677688598633,144.5440673828125
7333,-37.6760139465332,144.54379272460938
7334,-37.6759033203125,144.5437774658203
7335,-37.675750732421875,144.54379272460938
7336,-37.67555618286133,144.54383850097656
7337,-37.67478942871094,144.54397583007812
7338,-37.674476623535156,144.54403686523438
7339,-37.674312591552734,144.54408264160156
7340,-37.67418670654297,144.54412841796875
7341,-37.67402648925781,144.54420471191406
7342,-37.67387008666992,144.54428100585938
7343,-37.6737174987793,144.54434204101562
7344,-37.673580169677734,144.54437255859375
7345,-37.673431396484375,144.5443572998047
7346,-37.67329788208008,144.54429626464844
7347,-37.67316818237305,144.544189453125
7348,-37.67300033569336,144.54412841796875
7349,-37.672828674316406,144.5441436767578
7350,-37.672420501708984,144.54420471191406
7351,-37.67988586425781,144.54440307617188
7352,-37.679351806640625,144.544189453125
7353,-37.67928695678711,144.54417419433594
7354,-37.68096160888672,144.54481506347656
7355,-37.6811637878418,144.54490661621094
7356,-37.68135070800781,144.54507446289062
7357,-37.681434631347656,144.54527282714844
7358,-37.68146896362305,144.54541015625
7359,-37.681495666503906,144.54556274414062
7360,-37.681522369384766,144.54574584960938
7361,-37.681644439697266,144.5464630126953
7362,-37.68171310424805,144.54676818847656
7363,-37.68181228637695,144.5469207763672
7364,-37.68190002441406,144.54702758789062
7365,-37.682044982910156,144.5471649169922
7366,-37.68278121948242,144.54795837402344
7367,-37.68265151977539,144.54782104492188
7368,-37.68259048461914,144.5477752685547
7369,-37.6822395324707,144.54736328125
7370,-37.68303680419922,144.54794311523438
7371,-37.68290328979492,144.54798889160156
7372,-37.68288040161133,144.5479736328125
7373,-37.68281173706055,144.5479736328125
7374,-37.682674407958984,144.54803466796875
7375,-37.68260955810547,144.54808044433594
7376,-37.682437896728516,144.54818725585938
7377,-37.68284606933594,144.54811096191406
7378,-37.68290710449219,144.5480499267578
7379,-37.68260955810547,144.54815673828125
7380,-37.68262481689453,144.54815673828125
7381,-37.68269729614258,144.54815673828125
7382,-37.68301010131836,144.54991149902344
7383,-37.682857513427734,144.54861450195312
7384,-37.68283462524414,144.54847717285156
7385,-37.68281936645508,144.54827880859375
7386,-37.682838439941406,144.5481414794922
7387,-37.682212829589844,144.54742431640625
7388,-37.68257141113281,144.54783630371094
7389,-37.68263244628906,144.54791259765625
7390,-37.682682037353516,144.5480194091797
7391,-37.68266677856445,144.54806518554688
7392,-37.68267059326172,144.54811096191406
7393,-37.682682037353516,144.5481414794922
7394,-37.68274688720703,144.54818725585938
7395,-37.68278121948242,144.54818725585938
7396,-37.68281555175781,144.5481719970703
7397,-37.68285369873047,144.54808044433594
7398,-37.68284606933594,144.54803466796875
7399,-37.68283462524414,144.54800415039062
7400,-37.68275451660156,144.54795837402344
7401,-37.68272399902344,144.5479736328125
7402,-37.682701110839844,144.54798889160156
7403,-37.683082580566406,144.55003356933594
7404,-37.683135986328125,144.55001831054688
7405,-37.68269348144531,144.5500946044922
7406,-37.68290328979492,144.55006408691406
7407,-37.685237884521484,144.5546875
7408,-37.68521499633789,144.55503845214844
7409,-37.685211181640625,144.55511474609375
7410,-37.68516540527344,144.55563354492188
7411,-37.68498611450195,144.5578155517578
7412,-37.684932708740234,144.5584259033203
7413,-37.68490219116211,144.55882263183594
7414,-37.68490219116211,144.55885314941406
7415,-37.684898376464844,144.55889892578125
7416,-37.68534851074219,144.5545196533203
7417,-37.68533706665039,144.55441284179688
7418,-37.68533706665039,144.55429077148438
7419,-37.685482025146484,144.55184936523438
7420,-37.6855583190918,144.55064392089844
7421,-37.68523406982422,144.5545196533203
7422,-37.68521499633789,144.55455017089844
7423,-37.68520736694336,144.55458068847656
7424,-37.68520736694336,144.5546112060547
7425,-37.685218811035156,144.55465698242188
7426,-37.685264587402344,144.55470275878906
7427,-37.6852912902832,144.55470275878906
7428,-37.68532180786133,144.55470275878906
7429,-37.68534469604492,144.55467224121094
7430,-37.685359954833984,144.55465698242188
7431,-37.68537139892578,144.5546112060547
7432,-37.68537139892578,144.55459594726562
7433,-37.68537139892578,144.55458068847656
7434,-37.685359954833984,144.55455017089844
7435,-37.685340881347656,144.5545196533203
7436,-37.68531799316406,144.55450439453125
7437,-37.6852912902832,144.5544891357422
7438,-37.68526077270508,144.55450439453125
7439,-37.68515396118164,144.5545654296875
7440,-37.68513870239258,144.55462646484375
7441,-37.71086883544922,144.56884765625
7442,-37.7108039855957,144.5689697265625
7443,-37.710723876953125,144.56918334960938
7444,-37.71067810058594,144.56942749023438
7445,-37.710670471191406,144.56961059570312
7446,-37.71076583862305,144.57077026367188
7447,-37.71406173706055,144.57296752929688
7448,-37.714332580566406,144.5729217529297
7449,-37.6806526184082,144.5568389892578
7450,-37.6810188293457,144.5574493408203
7451,-37.68108367919922,144.55758666992188
7452,-37.681114196777344,144.55772399902344
7453,-37.68114471435547,144.5579376220703
7454,-37.6823844909668,144.5571746826172
7455,-37.68229293823242,144.55747985839844
7456,-37.68218231201172,144.55763244628906
7457,-37.682071685791016,144.5576629638672
7458,-37.68191909790039,144.55764770507812
7459,-37.68299102783203,144.55889892578125
7460,-37.68290328979492,144.55885314941406
7461,-37.68266677856445,144.55874633789062
7462,-37.68217086791992,144.5586700439453
7463,-37.68192672729492,144.55868530273438
7464,-37.68168640136719,144.55874633789062
7465,-37.681312561035156,144.55885314941406
7466,-37.678802490234375,144.55812072753906
7467,-37.67857360839844,144.55691528320312
7468,-37.6781005859375,144.55844116210938
7469,-37.67808532714844,144.55841064453125
7470,-37.67790603637695,144.55738830566406
7471,-37.67953109741211,144.55796813964844
7472,-37.679443359375,144.5573272705078
7473,-37.67924499511719,144.55653381347656
7474,-37.67741394042969,144.55934143066406
7475,-37.677486419677734,144.5593719482422
7476,-37.67772674560547,144.55946350097656
7477,-37.67795944213867,144.5594940185547
7478,-37.678184509277344,144.5594940185547
7479,-37.678466796875,144.5594482421875
7480,-37.67881393432617,144.55935668945312
7481,-37.680397033691406,144.55938720703125
7482,-37.680335998535156,144.5594024658203
7483,-37.680179595947266,144.55941772460938
7484,-37.6795654296875,144.5591278076172
7485,-37.6803092956543,144.5630340576172
7486,-37.6801872253418,144.5636444091797
7487,-37.68061447143555,144.56285095214844
7488,-37.68062973022461,144.562255859375
7489,-37.680965423583984,144.5630340576172
7490,-37.68098068237305,144.56326293945312
7491,-37.68098068237305,144.56356811523438
7492,-37.68098449707031,144.56422424316406
7493,-37.68101501464844,144.56460571289062
7494,-37.6810302734375,144.56492614746094
7495,-37.684268951416016,144.56275939941406
7496,-37.6842041015625,144.56275939941406
7497,-37.68376541137695,144.5626983642578
7498,-37.67966842651367,144.5625762939453
7499,-37.679935455322266,144.56182861328125
7500,-37.682518005371094,144.56187438964844
7501,-37.68275833129883,144.56219482421875
7502,-37.6828498840332,144.5623321533203
7503,-37.68292999267578,144.56253051757812
7504,-37.68301010131836,144.56280517578125
7505,-37.68421173095703,144.56370544433594
7506,-37.684139251708984,144.56369018554688
7507,-37.68385314941406,144.5636749267578
7508,-37.68364334106445,144.56369018554688
7509,-37.68318176269531,144.56381225585938
7510,-37.67885208129883,144.5619659423828
7511,-37.67890548706055,144.56185913085938
7512,-37.679195404052734,144.56141662597656
7513,-37.68467712402344,144.55679321289062
7514,-37.684608459472656,144.55677795410156
7515,-37.684112548828125,144.55667114257812
7516,-37.68311309814453,144.56478881835938
7517,-37.683685302734375,144.56466674804688
7518,-37.68384552001953,144.56463623046875
7519,-37.68403244018555,144.5646514892578
7520,-37.684104919433594,144.56463623046875
7521,-37.68450927734375,144.55914306640625
7522,-37.684444427490234,144.5591278076172
7523,-37.68388366699219,144.5590057373047
7524,-37.684593200683594,144.55796813964844
7525,-37.68452835083008,144.55795288085938
7526,-37.68400573730469,144.55792236328125
7527,-37.683837890625,144.55780029296875
7528,-37.68367385864258,144.56065368652344
7529,-37.68359375,144.56028747558594
7530,-37.68357849121094,144.56008911132812
7531,-37.68361282348633,144.55990600585938
7532,-37.681697845458984,144.55654907226562
7533,-37.681732177734375,144.5564727783203
7534,-37.681766510009766,144.5563201904297
7535,-37.68175506591797,144.55616760253906
7536,-37.68171310424805,144.55564880371094
7537,-37.681724548339844,144.55552673339844
7538,-37.68178939819336,144.55540466308594
7539,-37.681884765625,144.55535888671875
7540,-37.6823844909668,144.5552978515625
7541,-37.68252944946289,144.55532836914062
7542,-37.682647705078125,144.555419921875
7543,-37.682682037353516,144.55560302734375
7544,-37.682655334472656,144.5557403564453
7545,-37.68257141113281,144.5560302734375
7546,-37.681087493896484,144.55636596679688
7547,-37.681053161621094,144.55613708496094
7548,-37.680992126464844,144.55587768554688
7549,-37.680904388427734,144.55572509765625
7550,-37.68086624145508,144.55569458007812
7551,-37.68079376220703,144.55563354492188
7552,-37.68067932128906,144.55560302734375
7553,-37.68058395385742,144.55560302734375
7554,-37.680442810058594,144.55563354492188
7555,-37.67997360229492,144.55606079101562
7556,-37.679935455322266,144.55618286132812
7557,-37.68292236328125,144.55735778808594
7558,-37.683021545410156,144.5572509765625
7559,-37.68316650390625,144.5570068359375
7560,-37.68339538574219,144.55621337890625
7561,-37.68428421020508,144.55389404296875
7562,-37.68379211425781,144.5538330078125
7563,-37.6749153137207,144.56570434570312
7564,-37.674739837646484,144.56578063964844
7565,-37.674583435058594,144.56578063964844
7566,-37.67428970336914,144.56581115722656
7567,-37.674129486083984,144.56585693359375
7568,-37.67391586303711,144.5659942626953
7569,-37.67684555053711,144.56668090820312
7570,-37.67681884765625,144.56651306152344
7571,-37.676761627197266,144.56634521484375
7572,-37.67667770385742,144.56610107421875
7573,-37.67490768432617,144.56488037109375
7574,-37.67509078979492,144.5648651123047
7575,-37.67528533935547,144.5648651123047
7576,-37.675445556640625,144.5648651123047
7577,-37.67711639404297,144.5649871826172
7578,-37.677040100097656,144.56504821777344
7579,-37.676902770996094,144.56512451171875
7580,-37.67676544189453,144.565185546875
7581,-37.676639556884766,144.56520080566406
7582,-37.676513671875,144.5652313232422
7583,-37.67641067504883,144.5652618408203
7584,-37.676326751708984,144.56532287597656
7585,-37.67610549926758,144.56553649902344
7586,-37.67515563964844,144.56600952148438
7587,-37.675262451171875,144.5659637451172
7588,-37.67546844482422,144.56578063964844
7589,-37.67597198486328,144.56396484375
7590,-37.676109313964844,144.56455993652344
7591,-37.67519760131836,144.56649780273438
7592,-37.67500686645508,144.5665740966797
7593,-37.67479705810547,144.56663513183594
7594,-37.67439651489258,144.566650390625
7595,-37.677677154541016,144.56918334960938
7596,-37.67677307128906,144.56935119628906
7597,-37.67605972290039,144.56948852539062
7598,-37.67542266845703,144.56961059570312
7599,-37.674686431884766,144.56979370117188
7600,-37.67402267456055,144.56993103027344
7601,-37.67319869995117,144.57005310058594
7602,-37.67381286621094,144.5674285888672
7603,-37.6737060546875,144.5677490234375
7604,-37.67366409301758,144.5679931640625
7605,-37.67367172241211,144.5681915283203
7606,-37.673702239990234,144.5684051513672
7607,-37.67376708984375,144.5687255859375
7608,-37.67387008666992,144.56907653808594
7609,-37.67394256591797,144.56935119628906
7610,-37.67400360107422,144.56980895996094
7611,-37.67381286621094,144.569091796875
7612,-37.67367935180664,144.5691375732422
7613,-37.67353820800781,144.56915283203125
7614,-37.67330551147461,144.5691680908203
7615,-37.676475524902344,144.5711212158203
7616,-37.67686462402344,144.5742645263672
7617,-37.67687225341797,144.5744171142578
7618,-37.6767463684082,144.57447814941406
7619,-37.676124572753906,144.5745849609375
7620,-37.672576904296875,144.57272338867188
7621,-37.67245864868164,144.5725860595703
7622,-37.672271728515625,144.57240295410156
7623,-37.67186737060547,144.5721435546875
7624,-37.671531677246094,144.57205200195312
7625,-37.671260833740234,144.572021484375
7626,-37.67095184326172,144.57208251953125
7627,-37.67068099975586,144.5722198486328
7628,-37.667259216308594,144.56898498535156
7629,-37.66727828979492,144.56895446777344
7630,-37.66728210449219,144.56890869140625
7631,-37.66727828979492,144.56886291503906
7632,-37.66727066040039,144.56884765625
7633,-37.6672477722168,144.5688018798828
7634,-37.66722106933594,144.56878662109375
7635,-37.66718292236328,144.5687713623047
7636,-37.66714859008789,144.56878662109375
7637,-37.667118072509766,144.5688018798828
7638,-37.66709518432617,144.56884765625
7639,-37.667083740234375,144.56887817382812
7640,-37.667083740234375,144.56890869140625
7641,-37.667091369628906,144.56895446777344
7642,-37.66712188720703,144.56900024414062
7643,-37.66715621948242,144.56903076171875
7644,-37.66719055175781,144.56903076171875
7645,-37.6672248840332,144.5690155029297
7646,-37.66801834106445,144.5744171142578
7647,-37.66526794433594,144.57054138183594
7648,-37.66535949707031,144.57069396972656
7649,-37.66539001464844,144.57089233398438
7650,-37.6663703918457,144.5662841796875
7651,-37.66641616821289,144.5663299560547
7652,-37.666526794433594,144.56640625
7653,-37.6666145324707,144.56649780273438
7654,-37.66667556762695,144.56658935546875
7655,-37.6667366027832,144.5666961669922
7656,-37.66678237915039,144.5668182373047
7657,-37.66685104370117,144.56712341308594
7658,-37.667137145996094,144.5687255859375
7659,-37.66752243041992,144.57135009765625
7660,-37.667518615722656,144.5714111328125
7661,-37.66752624511719,144.5714569091797
7662,-37.66754913330078,144.57150268554688
7663,-37.66757583618164,144.57154846191406
7664,-37.667598724365234,144.57156372070312
7665,-37.66764450073242,144.5715789794922
7666,-37.66769027709961,144.5715789794922
7667,-37.6677360534668,144.57154846191406
7668,-37.66778564453125,144.5714874267578
7669,-37.66779708862305,144.5714569091797
7670,-37.66780471801758,144.57139587402344
7671,-37.66780090332031,144.57135009765625
7672,-37.667781829833984,144.5712890625
7673,-37.66775131225586,144.57125854492188
7674,-37.667720794677734,144.57122802734375
7675,-37.66769027709961,144.5712127685547
7676,-37.66765594482422,144.5712127685547
7677,-37.66761779785156,144.57122802734375
7678,-37.66758728027344,144.5712432861328
7679,-37.66756057739258,144.57127380371094
7680,-37.667537689208984,144.57130432128906
7681,-37.66731262207031,144.56884765625
7682,-37.6683464050293,144.5684814453125
7683,-37.668495178222656,144.5684051513672
7684,-37.668792724609375,144.5682830810547
7685,-37.668861389160156,144.56825256347656
7686,-37.669593811035156,144.5712432861328
7687,-37.66960525512695,144.5713348388672
7688,-37.669647216796875,144.57168579101562
7689,-37.669700622558594,144.57186889648438
7690,-37.66980743408203,144.572021484375
7691,-37.670021057128906,144.572265625
7692,-37.67011642456055,144.57247924804688
7693,-37.67015838623047,144.57278442382812
7694,-37.670143127441406,144.57301330566406
7695,-37.67006301879883,144.57337951660156
7696,-37.67005157470703,144.57354736328125
7697,-37.67002868652344,144.57363891601562
7698,-37.66998291015625,144.5736846923828
7699,-37.66936492919922,144.5738067626953
7700,-37.66933059692383,144.57383728027344
7701,-37.66930389404297,144.57386779785156
7702,-37.66929626464844,144.5739288330078
7703,-37.66929244995117,144.5737762451172
7704,-37.669273376464844,144.57369995117188
7705,-37.669105529785156,144.57232666015625
7706,-37.66761779785156,144.5716094970703
7707,-37.667640686035156,144.57168579101562
7708,-37.66765594482422,144.57174682617188
7709,-37.667667388916016,144.57177734375
7710,-37.667728424072266,144.57223510742188
7711,-37.66451644897461,144.57069396972656
7712,-37.66457748413086,144.57069396972656
7713,-37.66521072387695,144.570556640625
7714,-37.66530990600586,144.57041931152344
7715,-37.665122985839844,144.56861877441406
7716,-37.665077209472656,144.5685272216797
7717,-37.66810607910156,144.57135009765625
7718,-37.66798400878906,144.57131958007812
7719,-37.667869567871094,144.5712890625
7720,-37.66716766357422,144.56907653808594
7721,-37.667171478271484,144.56907653808594
7722,-37.66718673706055,144.56915283203125
7723,-37.667205810546875,144.56932067871094
7724,-37.6672477722168,144.5696563720703
7725,-37.667335510253906,144.57000732421875
7726,-37.667545318603516,144.57086181640625
7727,-37.66757583618164,144.57101440429688
7728,-37.66757583618164,144.571044921875
7729,-37.667579650878906,144.57115173339844
7730,-37.66706848144531,144.57156372070312
7731,-37.66730499267578,144.57154846191406
7732,-37.667415618896484,144.571533203125
7733,-37.667518615722656,144.57154846191406
7734,-37.66704559326172,144.5689239501953
7735,-37.666141510009766,144.56910705566406
7736,-37.666072845458984,144.56912231445312
7737,-37.6685791015625,144.56690979003906
7738,-37.66851806640625,144.5669403076172
7739,-37.66798782348633,144.56724548339844
7740,-37.66764450073242,144.5673828125
7741,-37.665401458740234,144.56732177734375
7742,-37.665550231933594,144.56710815429688
7743,-37.66563415527344,144.5670166015625
7744,-37.66584777832031,144.56686401367188
7745,-37.66603088378906,144.5667266845703
7746,-37.666160583496094,144.56661987304688
7747,-37.66622543334961,144.5665740966797
7748,-37.66628646850586,144.5664825439453
7749,-37.666385650634766,144.56614685058594
7750,-37.666446685791016,144.5659637451172
7751,-37.666473388671875,144.56593322753906
7752,-37.66656494140625,144.56578063964844
7753,-37.6666374206543,144.56561279296875
7754,-37.66669464111328,144.56544494628906
7755,-37.666751861572266,144.5653533935547
7756,-37.666847229003906,144.5653076171875
7757,-37.667301177978516,144.56532287597656
7758,-37.667415618896484,144.56536865234375
7759,-37.66752243041992,144.5654754638672
7760,-37.66768264770508,144.56565856933594
7761,-37.66817855834961,144.5662078857422
7762,-37.668373107910156,144.56649780273438
7763,-37.66849136352539,144.56671142578125
7764,-37.66852951049805,144.56678771972656
7765,-37.668704986572266,144.56727600097656
7766,-37.668785095214844,144.5676727294922
7767,-37.668827056884766,144.5680389404297
7768,-37.66888427734375,144.568359375
7769,-37.66890335083008,144.56845092773438
7770,-37.66900634765625,144.5687713623047
7771,-37.66912841796875,144.56903076171875
7772,-37.66923522949219,144.56922912597656
7773,-37.669334411621094,144.56935119628906
7774,-37.669349670410156,144.56944274902344
7775,-37.66765594482422,144.5710906982422
7776,-37.66764831542969,144.57102966308594
7777,-37.66762161254883,144.57077026367188
7778,-37.6675910949707,144.57058715820312
7779,-37.66756820678711,144.57044982910156
7780,-37.667457580566406,144.57005310058594
7781,-37.667274475097656,144.5692596435547
7782,-37.6672477722168,144.5691375732422
7783,-37.66725540161133,144.5690460205078
7784,-37.665870666503906,144.56692504882812
7785,-37.665931701660156,144.5670928955078
7786,-37.66596221923828,144.56723022460938
7787,-37.66596984863281,144.5673828125
7788,-37.66595458984375,144.567626953125
7789,-37.66592788696289,144.5678253173828
7790,-37.665931701660156,144.56813049316406
7791,-37.66630935668945,144.57070922851562
7792,-37.66735076904297,144.57144165039062
7793,-37.667301177978516,144.57147216796875
7794,-37.667884826660156,144.57144165039062
7795,-37.667999267578125,144.5714111328125
7796,-37.671993255615234,144.56553649902344
7797,-37.67195129394531,144.5655517578125
7798,-37.67074203491211,144.56578063964844
7799,-37.67064666748047,144.56578063964844
7800,-37.670555114746094,144.56576538085938
7801,-37.670448303222656,144.5657196044922
7802,-37.670345306396484,144.56565856933594
7803,-37.67020034790039,144.56552124023438
7804,-37.67003631591797,144.56539916992188
7805,-37.6695556640625,144.56500244140625
7806,-37.66871643066406,144.5643310546875
7807,-37.66865921020508,144.56423950195312
7808,-37.668636322021484,144.5641326904297
7809,-37.66863250732422,144.5640869140625
7810,-37.67207717895508,144.56564331054688
7811,-37.67213821411133,144.56622314453125
7812,-37.67234802246094,144.56788635253906
7813,-37.672489166259766,144.5690155029297
7814,-37.67253875732422,144.5692138671875
7815,-37.67261505126953,144.5694122314453
7816,-37.66834259033203,144.5637969970703
7817,-37.668399810791016,144.56358337402344
7818,-37.66841506958008,144.56332397460938
7819,-37.668338775634766,144.56251525878906
7820,-37.66958999633789,144.56492614746094
7821,-37.6698112487793,144.5644989013672
7822,-37.66989517211914,144.56443786621094
7823,-37.670013427734375,144.5634002685547
7824,-37.670021057128906,144.56324768066406
7825,-37.67001724243164,144.56295776367188
7826,-37.66992950439453,144.56222534179688
7827,-37.67149353027344,144.56219482421875
7828,-37.670677185058594,144.56234741210938
7829,-37.66926574707031,144.5635528564453
7830,-37.66911697387695,144.56234741210938
7831,-37.67023849487305,144.56544494628906
7832,-37.670509338378906,144.56492614746094
7833,-37.670597076416016,144.5647735595703
7834,-37.67070770263672,144.56468200683594
7835,-37.67084884643555,144.5646209716797
7836,-37.6711311340332,144.56455993652344
7837,-37.67210006713867,144.5654296875
7838,-37.67204666137695,144.56544494628906
7839,-37.67202377319336,144.56546020507812
7840,-37.6720085144043,144.5654754638672
7841,-37.6719970703125,144.5655059814453
7842,-37.672000885009766,144.56556701660156
7843,-37.67201232910156,144.5655975341797
7844,-37.67203140258789,144.5656280517578
7845,-37.672054290771484,144.56564331054688
7846,-37.67210388183594,144.56564331054688
7847,-37.6721305847168,144.5656280517578
7848,-37.672149658203125,144.5655975341797
7849,-37.67216110229492,144.56556701660156
7850,-37.67216491699219,144.56553649902344
7851,-37.672157287597656,144.5655059814453
7852,-37.67214584350586,144.5654754638672
7853,-37.672122955322266,144.56544494628906
7854,-37.667579650878906,144.56336975097656
7855,-37.66761779785156,144.5630340576172
7856,-37.667625427246094,144.56295776367188
7857,-37.66762161254883,144.56289672851562
7858,-37.66759490966797,144.56275939941406
7859,-37.69460678100586,144.56900024414062
7860,-37.69459533691406,144.56890869140625
7861,-37.69430160522461,144.5664520263672
7862,-37.69429016113281,144.5663299560547
7863,-37.69454574584961,144.56907653808594
7864,-37.69451904296875,144.569091796875
7865,-37.693321228027344,144.56932067871094
7866,-37.69249725341797,144.56947326660156
7867,-37.69465637207031,144.5691680908203
7868,-37.694679260253906,144.56915283203125
7869,-37.6946907043457,144.56912231445312
7870,-37.694698333740234,144.569091796875
7871,-37.6946907043457,144.56906127929688
7872,-37.694679260253906,144.56903076171875
7873,-37.69466018676758,144.56900024414062
7874,-37.694637298583984,144.56900024414062
7875,-37.694580078125,144.56900024414062
7876,-37.69456100463867,144.56903076171875
7877,-37.694549560546875,144.56906127929688
7878,-37.69454574584961,144.56910705566406
7879,-37.694557189941406,144.5691375732422
7880,-37.694576263427734,144.5691680908203
7881,-37.69459915161133,144.56918334960938
7882,-37.69221115112305,144.56759643554688
7883,-37.69226837158203,144.56768798828125
7884,-37.69253158569336,144.5697479248047
7885,-37.6925048828125,144.5698699951172
7886,-37.69245147705078,144.5699462890625
7887,-37.69182586669922,144.57005310058594
7888,-37.691741943359375,144.57000732421875
7889,-37.691715240478516,144.56993103027344
7890,-37.69158935546875,144.56900024414062
7891,-37.6915283203125,144.56883239746094
7892,-37.69464874267578,144.57017517089844
7893,-37.694454193115234,144.57020568847656
7894,-37.69388961791992,144.5703582763672
7895,-37.693363189697266,144.57040405273438
7896,-37.69274139404297,144.57052612304688
7897,-37.695159912109375,144.5662384033203
7898,-37.69515609741211,144.56629943847656
7899,-37.69514846801758,144.5663604736328
7900,-37.695247650146484,144.56715393066406
7901,-37.695335388183594,144.5679473876953
7902,-37.69544982910156,144.5688934326172
7903,-37.69557571411133,144.56985473632812
7904,-37.6956787109375,144.57064819335938
7905,-37.69567108154297,144.5707244873047
7906,-37.69561767578125,144.57081604003906
7907,-37.69554138183594,144.57086181640625
7908,-37.69492721557617,144.5709686279297
7909,-37.69373321533203,144.56790161132812
7910,-37.6932487487793,144.5679931640625
7911,-37.693180084228516,144.5680389404297
7912,-37.69316864013672,144.56813049316406
7913,-37.69330978393555,144.56922912597656
7914,-37.695068359375,144.5719451904297
7915,-37.69614791870117,144.5717315673828
7916,-37.69621658325195,144.5717315673828
7917,-37.69626998901367,144.57174682617188
7918,-37.696311950683594,144.57179260253906
7919,-37.69633483886719,144.57186889648438
7920,-37.69658660888672,144.57351684570312
7921,-37.696815490722656,144.57498168945312
7922,-37.69677734375,144.57508850097656
7923,-37.696685791015625,144.57513427734375
7924,-37.69561767578125,144.57534790039062
7925,-37.69557571411133,144.57534790039062
7926,-37.69353485107422,144.56649780273438
7927,-37.693546295166016,144.56658935546875
7928,-37.69369888305664,144.56776428222656
7929,-37.693782806396484,144.5679931640625
7930,-37.69380569458008,144.56813049316406
7931,-37.694725036621094,144.5690460205078
7932,-37.69526290893555,144.56895446777344
7933,-37.6971549987793,144.5773468017578
7934,-37.69721603393555,144.57794189453125
7935,-37.699913024902344,144.56642150878906
7936,-37.700191497802734,144.5663604736328
7937,-37.702178955078125,144.56919860839844
7938,-37.7021598815918,144.56919860839844
7939,-37.70028305053711,144.5695037841797
7940,-37.701904296875,144.5660400390625
7941,-37.701820373535156,144.56605529785156
7942,-37.7009162902832,144.56622314453125
7943,-37.69562911987305,144.56985473632812
7944,-37.696144104003906,144.5697784423828
7945,-37.70079803466797,144.58030700683594
7946,-37.70074462890625,144.58026123046875
7947,-37.70051193237305,144.5800323486328
7948,-37.70027160644531,144.5799102783203
7949,-37.70222854614258,144.56912231445312
7950,-37.70222473144531,144.56906127929688
7951,-37.70214080810547,144.56809997558594
7952,-37.702022552490234,144.56704711914062
7953,-37.70179748535156,144.5651397705078
7954,-37.701778411865234,144.56497192382812
7955,-37.701934814453125,144.5670623779297
7956,-37.700035095214844,144.5674591064453
7957,-37.702064514160156,144.568115234375
7958,-37.700164794921875,144.56846618652344
7959,-37.693946838378906,144.57398986816406
7960,-37.6939582824707,144.5740509033203
7961,-37.694183349609375,144.5755157470703
7962,-37.6942253112793,144.5755615234375
7963,-37.69430160522461,144.57557678222656
7964,-37.695396423339844,144.57537841796875
7965,-37.69544219970703,144.5753631591797
7966,-37.69183349609375,144.574951171875
7967,-37.69188690185547,144.57493591308594
7968,-37.69251251220703,144.5748291015625
7969,-37.69315719604492,144.57693481445312
7970,-37.693145751953125,144.57681274414062
7971,-37.693138122558594,144.57676696777344
7972,-37.69309997558594,144.57667541503906
7973,-37.69302749633789,144.57664489746094
7974,-37.69218444824219,144.5767822265625
7975,-37.692100524902344,144.5767364501953
7976,-37.692039489746094,144.57664489746094
7977,-37.69196701049805,144.5760498046875
7978,-37.69171905517578,144.57400512695312
7979,-37.691715240478516,144.57391357421875
7980,-37.695186614990234,144.57376098632812
7981,-37.69318389892578,144.5741424560547
7982,-37.6931266784668,144.57415771484375
7983,-37.69530487060547,144.56715393066406
7984,-37.69551086425781,144.56715393066406
7985,-37.69580841064453,144.5670623779297
7986,-37.69793701171875,144.5714111328125
7987,-37.697879791259766,144.57142639160156
7988,-37.69720458984375,144.57159423828125
7989,-37.6971321105957,144.5716094970703
7990,-37.69757843017578,144.56849670410156
7991,-37.69763946533203,144.56849670410156
7992,-37.69820022583008,144.56837463378906
7993,-37.69837951660156,144.56834411621094
7994,-37.696895599365234,144.56570434570312
7995,-37.69690704345703,144.56585693359375
7996,-37.696922302246094,144.56597900390625
7997,-37.69704055786133,144.56695556640625
7998,-37.69551467895508,144.56887817382812
7999,-37.69669723510742,144.56866455078125
8000,-37.69676971435547,144.5686492919922
8001,-37.69898223876953,144.5730438232422
8002,-37.698280334472656,144.5731964111328
8003,-37.69822311401367,144.57321166992188
8004,-37.69739532470703,144.5733184814453
8005,-37.697330474853516,144.57333374023438
8006,-37.6966438293457,144.57350158691406
8007,-37.69735336303711,144.57301330566406
8008,-37.69731903076172,144.57296752929688
8009,-37.697322845458984,144.57289123535156
8010,-37.697330474853516,144.57281494140625
8011,-37.69731140136719,144.57276916503906
8012,-37.69705581665039,144.5710906982422
8013,-37.69685363769531,144.56939697265625
8014,-37.69682693481445,144.56935119628906
8015,-37.69683837890625,144.5692901611328
8016,-37.69684982299805,144.56922912597656
8017,-37.69681930541992,144.5691375732422
8018,-37.69658660888672,144.56715393066406
8019,-37.696598052978516,144.5670623779297
8020,-37.695404052734375,144.5679473876953
8021,-37.69554901123047,144.5679473876953
8022,-37.69590759277344,144.56785583496094
8023,-37.69721221923828,144.5636749267578
8024,-37.69723129272461,144.563720703125
8025,-37.69730758666992,144.5638885498047
8026,-37.697349548339844,144.5640411376953
8027,-37.6973762512207,144.564208984375
8028,-37.6973762512207,144.56442260742188
8029,-37.697425842285156,144.56480407714844
8030,-37.69505310058594,144.56472778320312
8031,-37.695133209228516,144.56466674804688
8032,-37.6953125,144.56460571289062
8033,-37.695743560791016,144.56442260742188
8034,-37.69602584838867,144.56427001953125
8035,-37.69630432128906,144.56405639648438
8036,-37.69645690917969,144.56396484375
8037,-37.69659423828125,144.5638885498047
8038,-37.696903228759766,144.5637969970703
8039,-37.69781494140625,144.56324768066406
8040,-37.69803237915039,144.56314086914062
8041,-37.698211669921875,144.5631103515625
8042,-37.69839096069336,144.5631561279297
8043,-37.698543548583984,144.563232421875
8044,-37.69869613647461,144.56346130371094
8045,-37.69879913330078,144.56369018554688
8046,-37.6988639831543,144.5640106201172
8047,-37.69894027709961,144.564453125
8048,-37.699031829833984,144.56509399414062
8049,-37.69904708862305,144.56521606445312
8050,-37.695762634277344,144.56448364257812
8051,-37.69581985473633,144.56471252441406
8052,-37.69589614868164,144.56509399414062
8053,-37.69278335571289,144.55723571777344
8054,-37.692684173583984,144.55723571777344
8055,-37.6923942565918,144.55726623535156
8056,-37.69202423095703,144.55734252929688
8057,-37.69184494018555,144.55740356445312
8058,-37.69168472290039,144.5574951171875
8059,-37.69142150878906,144.5577392578125
8060,-37.691261291503906,144.5579833984375
8061,-37.691246032714844,144.55801391601562
8062,-37.691097259521484,144.55841064453125
8063,-37.691009521484375,144.55885314941406
8064,-37.69102478027344,144.5592498779297
8065,-37.69110870361328,144.5595703125
8066,-37.69121551513672,144.55987548828125
8067,-37.691402435302734,144.56021118164062
8068,-37.691810607910156,144.560791015625
8069,-37.69211959838867,144.56112670898438
8070,-37.692256927490234,144.56121826171875
8071,-37.69239807128906,144.561279296875
8072,-37.69261169433594,144.56134033203125
8073,-37.692962646484375,144.56134033203125
8074,-37.69340515136719,144.56118774414062
8075,-37.693641662597656,144.56106567382812
8076,-37.693729400634766,144.56101989746094
8077,-37.69379806518555,144.5609893798828
8078,-37.69290542602539,144.55821228027344
8079,-37.69281005859375,144.55824279785156
8080,-37.692569732666016,144.5583038330078
8081,-37.69221115112305,144.5583953857422
8082,-37.691864013671875,144.5585174560547
8083,-37.693359375,144.56011962890625
8084,-37.69328308105469,144.56016540527344
8085,-37.69310760498047,144.5602569580078
8086,-37.69290542602539,144.56033325195312
8087,-37.692691802978516,144.56031799316406
8088,-37.6923942565918,144.56024169921875
8089,-37.6990852355957,144.56442260742188
8090,-37.69941711425781,144.5643310546875
8091,-37.69957733154297,144.56431579589844
8092,-37.69984817504883,144.5643310546875
8093,-37.693092346191406,144.55918884277344
8094,-37.69301223754883,144.55921936035156
8095,-37.69279861450195,144.5592803955078
8096,-37.692474365234375,144.55935668945312
8097,-37.691871643066406,144.55943298339844
8098,-37.696468353271484,144.5640106201172
8099,-37.6965217590332,144.56422424316406
8100,-37.69657516479492,144.56443786621094
8101,-37.69660186767578,144.5646514892578
8102,-37.696659088134766,144.56494140625
8103,-37.69868087768555,144.5629119873047
8104,-37.69873046875,144.5628204345703
8105,-37.69879150390625,144.56277465820312
8106,-37.699119567871094,144.56277465820312
8107,-37.69923782348633,144.56277465820312
8108,-37.69932556152344,144.56285095214844
8109,-37.69955062866211,144.56314086914062
8110,-37.69961929321289,144.56326293945312
8111,-37.699649810791016,144.5635528564453
8112,-37.695674896240234,144.5556640625
8113,-37.695655822753906,144.5557098388672
8114,-37.695308685302734,144.55674743652344
8115,-37.69512939453125,144.55723571777344
8116,-37.69508361816406,144.5576171875
8117,-37.695072174072266,144.55770874023438
8118,-37.69876480102539,144.55502319335938
8119,-37.698753356933594,144.554931640625
8120,-37.698577880859375,144.55357360839844
8121,-37.698360443115234,144.5586395263672
8122,-37.69831848144531,144.55870056152344
8123,-37.69804000854492,144.55908203125
8124,-37.69770431518555,144.5595245361328
8125,-37.69510269165039,144.56149291992188
8126,-37.69511032104492,144.56155395507812
8127,-37.695167541503906,144.5618896484375
8128,-37.695308685302734,144.56211853027344
8129,-37.69911193847656,144.55892944335938
8130,-37.699100494384766,144.558837890625
8131,-37.69890213012695,144.5572509765625
8132,-37.69364929199219,144.55772399902344
8133,-37.69365692138672,144.55780029296875
8134,-37.69373321533203,144.558349609375
8135,-37.69389343261719,144.55908203125
8136,-37.69969940185547,144.55484008789062
8137,-37.700111389160156,144.55506896972656
8138,-37.70020294189453,144.55511474609375
8139,-37.70030212402344,144.55511474609375
8140,-37.700469970703125,144.5550994873047
8141,-37.700592041015625,144.5550994873047
8142,-37.69349670410156,144.56040954589844
8143,-37.69356918334961,144.5603485107422
8144,-37.69380187988281,144.56016540527344
8145,-37.694305419921875,144.55987548828125
8146,-37.69807815551758,144.55787658691406
8147,-37.6980094909668,144.55789184570312
8148,-37.697540283203125,144.5579833984375
8149,-37.69737243652344,144.55812072753906
8150,-37.69722366333008,144.55828857421875
8151,-37.6971549987793,144.55841064453125
8152,-37.69694519042969,144.55877685546875
8153,-37.696807861328125,144.5589599609375
8154,-37.696529388427734,144.55918884277344
8155,-37.695247650146484,144.5567169189453
8156,-37.69512176513672,144.556640625
8157,-37.69443893432617,144.55662536621094
8158,-37.69554138183594,144.56146240234375
8159,-37.69552230834961,144.56134033203125
8160,-37.695499420166016,144.5612335205078
8161,-37.695465087890625,144.56097412109375
8162,-37.695411682128906,144.56065368652344
8163,-37.6953239440918,144.560302734375
8164,-37.6952018737793,144.56005859375
8165,-37.695030212402344,144.55987548828125
8166,-37.69466018676758,144.55764770507812
8167,-37.69466018676758,144.55772399902344
8168,-37.69465637207031,144.55892944335938
8169,-37.70066833496094,144.55577087402344
8170,-37.70054626464844,144.5557861328125
8171,-37.698787689208984,144.5561065673828
8172,-37.694725036621094,144.56146240234375
8173,-37.69472885131836,144.56138610839844
8174,-37.69472885131836,144.561279296875
8175,-37.694664001464844,144.56092834472656
8176,-37.69459915161133,144.5607147216797
8177,-37.69953536987305,144.55487060546875
8178,-37.69797134399414,144.55517578125
8179,-37.697811126708984,144.5552215576172
8180,-37.69743728637695,144.55531311035156
8181,-37.69719314575195,144.555419921875
8182,-37.69691467285156,144.5555419921875
8183,-37.69644546508789,144.5556182861328
8184,-37.69618225097656,144.55567932128906
8185,-37.695960998535156,144.5557098388672
8186,-37.69520568847656,144.55551147460938
8187,-37.69478988647461,144.55557250976562
8188,-37.694549560546875,144.55560302734375
8189,-37.6943473815918,144.55564880371094
8190,-37.69419479370117,144.5556640625
8191,-37.693931579589844,144.55563354492188
8192,-37.69374465942383,144.55563354492188
8193,-37.693607330322266,144.55569458007812
8194,-37.69337844848633,144.5557861328125
8195,-37.69321823120117,144.5558319091797
8196,-37.69309997558594,144.55580139160156
8197,-37.69301986694336,144.5557861328125
8198,-37.696773529052734,144.5602264404297
8199,-37.69681930541992,144.56024169921875
8200,-37.69712448120117,144.56031799316406
8201,-37.697296142578125,144.56039428710938
8202,-37.69782257080078,144.5607452392578
8203,-37.69781494140625,144.5552978515625
8204,-37.69782257080078,144.55569458007812
8205,-37.69789505004883,144.55633544921875
8206,-37.69813537597656,144.55816650390625
8207,-37.698219299316406,144.5584259033203
8208,-37.698585510253906,144.558837890625
8209,-37.698760986328125,144.5589141845703
8210,-37.69902801513672,144.55894470214844
8211,-37.700050354003906,144.5587615966797
8212,-37.70087814331055,144.55862426757812
8213,-37.7009391784668,144.55860900878906
8214,-37.69717788696289,144.55532836914062
8215,-37.69702911376953,144.5541229248047
8216,-37.69703674316406,144.55401611328125
8217,-37.697105407714844,144.55397033691406
8218,-37.6972770690918,144.55393981933594
8219,-37.697471618652344,144.55381774902344
8220,-37.69752502441406,144.55380249023438
8221,-37.69766616821289,144.5537567138672
8222,-37.697750091552734,144.5537567138672
8223,-37.69780349731445,144.55386352539062
8224,-37.697879791259766,144.55445861816406
8225,-37.69782257080078,144.5563507080078
8226,-37.69715118408203,144.5564727783203
8227,-37.69691848754883,144.5565185546875
8228,-37.696598052978516,144.556396484375
8229,-37.69651412963867,144.5563507080078
8230,-37.69645690917969,144.55636596679688
8231,-37.69641876220703,144.55636596679688
8232,-37.69636154174805,144.5564727783203
8233,-37.696014404296875,144.5576629638672
8234,-37.69597244262695,144.55780029296875
8235,-37.69581985473633,144.5580596923828
8236,-37.6957893371582,144.55810546875
8237,-37.6965446472168,144.56080627441406
8238,-37.696475982666016,144.56072998046875
8239,-37.69629669189453,144.56053161621094
8240,-37.696067810058594,144.5601348876953
8241,-37.6971549987793,144.55654907226562
8242,-37.697166442871094,144.5566864013672
8243,-37.697147369384766,144.55690002441406
8244,-37.695926666259766,144.56130981445312
8245,-37.6959342956543,144.56137084960938
8246,-37.696044921875,144.56179809570312
8247,-37.70057678222656,144.55496215820312
8248,-37.70045852661133,144.55499267578125
8249,-37.7004280090332,144.5550079345703
8250,-37.700313568115234,144.5550079345703
8251,-37.70015335083008,144.55499267578125
8252,-37.700035095214844,144.5586700439453
8253,-37.69984436035156,144.5570831298828
8254,-37.69286346435547,144.55795288085938
8255,-37.69294738769531,144.55792236328125
8256,-37.69327163696289,144.5578155517578
8257,-37.693809509277344,144.5576629638672
8258,-37.694122314453125,144.55764770507812
8259,-37.6943473815918,144.55763244628906
8260,-37.69525909423828,144.55780029296875
8261,-37.695533752441406,144.5579376220703
8262,-37.695865631103516,144.5582275390625
8263,-37.69605255126953,144.5584716796875
8264,-37.69670104980469,144.55960083007812
8265,-37.6967658996582,144.55990600585938
8266,-37.69666290283203,144.560546875
8267,-37.696163177490234,144.56114196777344
8268,-37.69575500488281,144.56138610839844
8269,-37.69449996948242,144.56149291992188
8270,-37.694313049316406,144.5615997314453
8271,-37.69425964355469,144.56167602539062
8272,-37.69522476196289,144.55540466308594
8273,-37.6953239440918,144.55490112304688
8274,-37.69534683227539,144.5546875
8275,-37.69535446166992,144.55447387695312
8276,-37.69529724121094,144.553955078125
8277,-37.695831298828125,144.5582733154297
8278,-37.695594787597656,144.5586395263672
8279,-37.695556640625,144.55877685546875
8280,-37.695556640625,144.55894470214844
8281,-37.69567108154297,144.55931091308594
8282,-37.67028045654297,144.5908203125
8283,-37.67029571533203,144.5907745361328
8284,-37.67045593261719,144.5902862548828
8285,-37.670475006103516,144.59011840820312
8286,-37.67047119140625,144.58999633789062
8287,-37.67045593261719,144.58985900878906
8288,-37.67040252685547,144.5896453857422
8289,-37.6702995300293,144.58938598632812
8290,-37.67023849487305,144.5892333984375
8291,-37.67020797729492,144.58909606933594
8292,-37.67019271850586,144.5889129638672
8293,-37.67024612426758,144.58834838867188
8294,-37.670257568359375,144.58822631835938
8295,-37.67030334472656,144.58753967285156
8296,-37.67033386230469,144.5872344970703
8297,-37.67033386230469,144.58717346191406
8298,-37.67033004760742,144.58705139160156
8299,-37.670326232910156,144.58692932128906
8300,-37.67030334472656,144.58677673339844
8301,-37.67023849487305,144.5865020751953
8302,-37.670188903808594,144.5863037109375
8303,-37.67010498046875,144.5861053466797
8304,-37.669979095458984,144.58592224121094
8305,-37.66984176635742,144.58572387695312
8306,-37.669742584228516,144.58558654785156
8307,-37.66962432861328,144.58546447753906
8308,-37.669471740722656,144.58538818359375
8309,-37.669315338134766,144.5853271484375
8310,-37.6690559387207,144.5853729248047
8311,-37.66883850097656,144.58551025390625
8312,-37.66859436035156,144.58580017089844
8313,-37.6683349609375,144.58599853515625
8314,-37.672828674316406,144.58680725097656
8315,-37.67280578613281,144.58680725097656
8316,-37.67278289794922,144.58682250976562
8317,-37.672767639160156,144.5868377685547
8318,-37.67275619506836,144.58685302734375
8319,-37.67274856567383,144.58689880371094
8320,-37.67275619506836,144.58692932128906
8321,-37.672767639160156,144.58694458007812
8322,-37.672786712646484,144.5869598388672
8323,-37.67280578613281,144.58697509765625
8324,-37.672828674316406,144.58697509765625
8325,-37.672847747802734,144.5869598388672
8326,-37.67286682128906,144.58694458007812
8327,-37.672874450683594,144.58692932128906
8328,-37.672882080078125,144.58689880371094
8329,-37.67287826538086,144.5868682861328
8330,-37.67286682128906,144.5868377685547
8331,-37.6728515625,144.58682250976562
8332,-37.672725677490234,144.58689880371094
8333,-37.67238998413086,144.58688354492188
8334,-37.672245025634766,144.5869140625
8335,-37.67208480834961,144.58706665039062
8336,-37.6719970703125,144.5872802734375
8337,-37.67195129394531,144.587646484375
8338,-37.6718635559082,144.58871459960938
8339,-37.67182922363281,144.5892333984375
8340,-37.671871185302734,144.58944702148438
8341,-37.67195129394531,144.589599609375
8342,-37.67213821411133,144.58981323242188
8343,-37.67219924926758,144.5898895263672
8344,-37.67266845703125,144.58877563476562
8345,-37.672611236572266,144.5891571044922
8346,-37.672508239746094,144.58941650390625
8347,-37.67240524291992,144.58961486816406
8348,-37.67735290527344,144.58242797851562
8349,-37.677345275878906,144.5823516845703
8350,-37.677242279052734,144.58148193359375
8351,-37.678199768066406,144.58523559570312
8352,-37.67771530151367,144.58816528320312
8353,-37.67776870727539,144.58860778808594
8354,-37.67639923095703,144.58152770996094
8355,-37.67634201049805,144.58154296875
8356,-37.67522430419922,144.58177185058594
8357,-37.676334381103516,144.5838165283203
8358,-37.676551818847656,144.58554077148438
8359,-37.67692184448242,144.57888793945312
8360,-37.67693328857422,144.57899475097656
8361,-37.67704772949219,144.57997131347656
8362,-37.66942596435547,144.591552734375
8363,-37.66903305053711,144.5916290283203
8364,-37.678489685058594,144.5878143310547
8365,-37.678279876708984,144.5860137939453
8366,-37.669044494628906,144.5919647216797
8367,-37.669063568115234,144.59185791015625
8368,-37.66898727416992,144.59124755859375
8369,-37.668914794921875,144.591064453125
8370,-37.67765426635742,144.5787353515625
8371,-37.67618179321289,144.5790252685547
8372,-37.676170349121094,144.57904052734375
8373,-37.676124572753906,144.57907104492188
8374,-37.6768684387207,144.58819580078125
8375,-37.676883697509766,144.5883331298828
8376,-37.67698669433594,144.58917236328125
8377,-37.676971435546875,144.58924865722656
8378,-37.676876068115234,144.58935546875
8379,-37.67813491821289,144.59059143066406
8380,-37.67774200439453,144.59027099609375
8381,-37.67766189575195,144.59011840820312
8382,-37.676856994628906,144.58811950683594
8383,-37.67665481567383,144.5863494873047
8384,-37.67859649658203,144.5897979736328
8385,-37.67829895019531,144.58953857421875
8386,-37.678165435791016,144.58949279785156
8387,-37.67658996582031,144.5825653076172
8388,-37.6765251159668,144.58258056640625
8389,-37.67643356323242,144.5825958251953
8390,-37.6753044128418,144.5828094482422
8391,-37.67462158203125,144.58294677734375
8392,-37.674537658691406,144.5829620361328
8393,-37.69207763671875,144.58396911621094
8394,-37.692115783691406,144.5838623046875
8395,-37.69206237792969,144.5832977294922
8396,-37.691978454589844,144.5830535888672
8397,-37.69071578979492,144.58482360839844
8398,-37.69076919555664,144.5849609375
8399,-37.690799713134766,144.5851593017578
8400,-37.69076919555664,144.58554077148438
8401,-37.69086456298828,144.5869903564453
8402,-37.6908073425293,144.58633422851562
8403,-37.688838958740234,144.5789031982422
8404,-37.687843322753906,144.57907104492188
8405,-37.69096755981445,144.58424377441406
8406,-37.69096755981445,144.5841064453125
8407,-37.691139221191406,144.58346557617188
8408,-37.691497802734375,144.58689880371094
8409,-37.69145202636719,144.58648681640625
8410,-37.69148635864258,144.5860595703125
8411,-37.688961029052734,144.5799560546875
8412,-37.687950134277344,144.58013916015625
8413,-37.689212799072266,144.58203125
8414,-37.68821334838867,144.58221435546875
8415,-37.69149398803711,144.5843048095703
8416,-37.69157028198242,144.58526611328125
8417,-37.68984603881836,144.58480834960938
8418,-37.68987274169922,144.58485412597656
8419,-37.689666748046875,144.58448791503906
8420,-37.68740463256836,144.5728759765625
8421,-37.687320709228516,144.57225036621094
8422,-37.68709182739258,144.57308959960938
8423,-37.68730545043945,144.57489013671875
8424,-37.68747329711914,144.57626342773438
8425,-37.68512725830078,144.57177734375
8426,-37.685054779052734,144.57310485839844
8427,-37.685150146484375,144.57337951660156
8428,-37.68516159057617,144.573486328125
8429,-37.68508529663086,144.57449340820312
8430,-37.68496322631836,144.576171875
8431,-37.68589782714844,144.57630920410156
8432,-37.685890197753906,144.57676696777344
8433,-37.689483642578125,144.57200622558594
8434,-37.68887710571289,144.57211303710938
8435,-37.678531646728516,144.56796264648438
8436,-37.67843246459961,144.56715393066406
8437,-37.67839431762695,144.5669403076172
8438,-37.678340911865234,144.5667724609375
8439,-37.67900085449219,144.56320190429688
8440,-37.67909240722656,144.56349182128906
8441,-37.67916488647461,144.5636749267578
8442,-37.679264068603516,144.5637969970703
8443,-37.67939376831055,144.5639190673828
8444,-37.67947006225586,144.56402587890625
8445,-37.682342529296875,144.5688018798828
8446,-37.68215560913086,144.57125854492188
8447,-37.68216323852539,144.57135009765625
8448,-37.682228088378906,144.57138061523438
8449,-37.682865142822266,144.5711669921875
8450,-37.682952880859375,144.57110595703125
8451,-37.6829719543457,144.5709991455078
8452,-37.68316650390625,144.5686492919922
8453,-37.68138122558594,144.56898498535156
8454,-37.68144989013672,144.56954956054688
8455,-37.68144989013672,144.5696563720703
8456,-37.681419372558594,144.5701141357422
8457,-37.68132400512695,144.5711669921875
8458,-37.68126678466797,144.57208251953125
8459,-37.68135452270508,144.57009887695312
8460,-37.68098068237305,144.57005310058594
8461,-37.679832458496094,144.5702362060547
8462,-37.67955017089844,144.5652618408203
8463,-37.679847717285156,144.56484985351562
8464,-37.680030822753906,144.56468200683594
8465,-37.68024826049805,144.5645751953125
8466,-37.68102264404297,144.57444763183594
8467,-37.680755615234375,144.5744171142578
8468,-37.68048858642578,144.57437133789062
8469,-37.68126678466797,144.57115173339844
8470,-37.68086624145508,144.5711212158203
8471,-37.68022918701172,144.57122802734375
8472,-37.67954635620117,144.56674194335938
8473,-37.67915344238281,144.56690979003906
8474,-37.679447174072266,144.5658416748047
8475,-37.67928695678711,144.56585693359375
8476,-37.679054260253906,144.56594848632812
8477,-37.678810119628906,144.56610107421875
8478,-37.68063735961914,144.58302307128906
8479,-37.680545806884766,144.58424377441406
8480,-37.6805419921875,144.58428955078125
8481,-37.68051528930664,144.58465576171875
8482,-37.680458068847656,144.58544921875
8483,-37.68047332763672,144.58558654785156
8484,-37.680442810058594,144.5846710205078
8485,-37.68000411987305,144.5847625732422
8486,-37.679901123046875,144.58477783203125
8487,-37.67982864379883,144.58474731445312
8488,-37.679786682128906,144.58468627929688
8489,-37.679744720458984,144.58432006835938
8490,-37.67971420288086,144.58401489257812
8491,-37.68057632446289,144.58566284179688
8492,-37.68062973022461,144.58566284179688
8493,-37.681556701660156,144.58567810058594
8494,-37.66170883178711,144.57769775390625
8495,-37.66167068481445,144.5777130126953
8496,-37.6606559753418,144.57789611816406
8497,-37.66044998168945,144.5779266357422
8498,-37.661319732666016,144.5742950439453
8499,-37.661285400390625,144.57431030273438
8500,-37.661258697509766,144.57432556152344
8501,-37.66123580932617,144.57435607910156
8502,-37.661224365234375,144.57440185546875
8503,-37.66122055053711,144.57443237304688
8504,-37.661231994628906,144.57447814941406
8505,-37.661251068115234,144.5745086669922
8506,-37.661277770996094,144.5745391845703
8507,-37.661312103271484,144.5745391845703
8508,-37.66133499145508,144.5745391845703
8509,-37.6613655090332,144.57452392578125
8510,-37.66139221191406,144.5745086669922
8511,-37.66141128540039,144.574462890625
8512,-37.66141891479492,144.57443237304688
8513,-37.661415100097656,144.5743865966797
8514,-37.661399841308594,144.57435607910156
8515,-37.661376953125,144.57432556152344
8516,-37.661346435546875,144.5742950439453
8517,-37.66150665283203,144.57374572753906
8518,-37.6614990234375,144.5739288330078
8519,-37.66145706176758,144.57408142089844
8520,-37.6613883972168,144.57418823242188
8521,-37.661155700683594,144.57443237304688
8522,-37.65971755981445,144.5746307373047
8523,-37.65947723388672,144.57469177246094
8524,-37.665443420410156,144.58468627929688
8525,-37.665367126464844,144.5845184326172
8526,-37.66533279418945,144.58419799804688
8527,-37.66529083251953,144.58306884765625
8528,-37.66526412963867,144.58291625976562
8529,-37.66520690917969,144.58277893066406
8530,-37.6644287109375,144.58152770996094
8531,-37.661949157714844,144.57933044433594
8532,-37.66187286376953,144.57933044433594
8533,-37.66065216064453,144.57957458496094
8534,-37.66154861450195,144.57603454589844
8535,-37.661476135253906,144.5760498046875
8536,-37.660221099853516,144.5762939453125
8537,-37.661415100097656,144.57484436035156
8538,-37.661720275878906,144.57740783691406
8539,-37.6617431640625,144.5775146484375
8540,-37.66178894042969,144.577880859375
8541,-37.66179656982422,144.57801818847656
8542,-37.662044525146484,144.57994079589844
8543,-37.66203308105469,144.58013916015625
8544,-37.661991119384766,144.580322265625
8545,-37.66189193725586,144.58056640625
8546,-37.661842346191406,144.58074951171875
8547,-37.66178894042969,144.58074951171875
8548,-37.66173553466797,144.580810546875
8549,-37.66166687011719,144.58090209960938
8550,-37.66150665283203,144.58103942871094
8551,-37.66134262084961,144.5811309814453
8552,-37.66120910644531,144.58119201660156
8553,-37.66046142578125,144.58132934570312
8554,-37.66320037841797,144.5849609375
8555,-37.66323471069336,144.5846710205078
8556,-37.66288757324219,144.5829315185547
8557,-37.6614875793457,144.57424926757812
8558,-37.66154861450195,144.57408142089844
8559,-37.661590576171875,144.57386779785156
8560,-37.6616096496582,144.5736846923828
8561,-37.6674690246582,144.58531188964844
8562,-37.66746520996094,144.58514404296875
8563,-37.66678237915039,144.5793914794922
8564,-37.675994873046875,144.56118774414062
8565,-37.6758918762207,144.5612030029297
8566,-37.67560577392578,144.56124877929688
8567,-37.675174713134766,144.5613250732422
8568,-37.67504119873047,144.56137084960938
8569,-37.67479705810547,144.56146240234375
8570,-37.6745719909668,144.56158447265625
8571,-37.6743278503418,144.5616912841797
8572,-37.67392349243164,144.5618133544922
8573,-37.673702239990234,144.56185913085938
8574,-37.67280197143555,144.56166076660156
8575,-37.672630310058594,144.56153869628906
8576,-37.6724853515625,144.5614013671875
8577,-37.67243194580078,144.5613250732422
8578,-37.672386169433594,144.5612030029297
8579,-37.672359466552734,144.56100463867188
8580,-37.67231369018555,144.56069946289062
8581,-37.67229461669922,144.56056213378906
8582,-37.67217254638672,144.55960083007812
8583,-37.672149658203125,144.55941772460938
8584,-37.67212677001953,144.55897521972656
8585,-37.672210693359375,144.55799865722656
8586,-37.672367095947266,144.5574188232422
8587,-37.672454833984375,144.5570831298828
8588,-37.67252731323242,144.55673217773438
8589,-37.67259979248047,144.5560302734375
8590,-37.6726188659668,144.5558319091797
8591,-37.6726188659668,144.5555419921875
8592,-37.672611236572266,144.55528259277344
8593,-37.672584533691406,144.5550079345703
8594,-37.67255783081055,144.55477905273438
8595,-37.67232894897461,144.55386352539062
8596,-37.672218322753906,144.5533905029297
8597,-37.67210006713867,144.55245971679688
8598,-37.67138671875,144.56065368652344
8599,-37.67139434814453,144.56053161621094
8600,-37.67140197753906,144.5601043701172
8601,-37.67131805419922,144.55935668945312
8602,-37.67124557495117,144.5588836669922
8603,-37.67108917236328,144.55850219726562
8604,-37.6708869934082,144.55819702148438
8605,-37.67073440551758,144.5580291748047
8606,-37.670555114746094,144.55783081054688
8607,-37.670413970947266,144.5576629638672
8608,-37.67043685913086,144.55763244628906
8609,-37.67045593261719,144.55760192871094
8610,-37.67046356201172,144.5575714111328
8611,-37.67045974731445,144.5575408935547
8612,-37.670448303222656,144.5574951171875
8613,-37.67042922973633,144.55747985839844
8614,-37.67040252685547,144.5574493408203
8615,-37.670372009277344,144.5574493408203
8616,-37.67034149169922,144.55746459960938
8617,-37.670318603515625,144.55747985839844
8618,-37.6702995300293,144.55751037597656
8619,-37.670291900634766,144.55755615234375
8620,-37.670291900634766,144.5575714111328
8621,-37.6702995300293,144.5576171875
8622,-37.670318603515625,144.55764770507812
8623,-37.67034149169922,144.5576629638672
8624,-37.670372009277344,144.55767822265625
8625,-37.670658111572266,144.55404663085938
8626,-37.67057418823242,144.55406188964844
8627,-37.66984939575195,144.55422973632812
8628,-37.671119689941406,144.5610809326172
8629,-37.67058181762695,144.56114196777344
8630,-37.670352935791016,144.56124877929688
8631,-37.67019271850586,144.56129455566406
8632,-37.670040130615234,144.56130981445312
8633,-37.66987228393555,144.56130981445312
8634,-37.66970443725586,144.5613250732422
8635,-37.669429779052734,144.5614013671875
8636,-37.66899490356445,144.5615234375
8637,-37.66888427734375,144.5615234375
8638,-37.668792724609375,144.56143188476562
8639,-37.66874694824219,144.56126403808594
8640,-37.66862106323242,144.55999755859375
8641,-37.66853713989258,144.55935668945312
8642,-37.66840744018555,144.55828857421875
8643,-37.66839599609375,144.5581817626953
8644,-37.6694450378418,144.55918884277344
8645,-37.66946029663086,144.55931091308594
8646,-37.6696891784668,144.5612030029297
8647,-37.670257568359375,144.55715942382812
8648,-37.67023468017578,144.55691528320312
8649,-37.67023468017578,144.556640625
8650,-37.6702880859375,144.5563507080078
8651,-37.6704216003418,144.55601501464844
8652,-37.67048263549805,144.5558319091797
8653,-37.67055130004883,144.55564880371094
8654,-37.670589447021484,144.55551147460938
8655,-37.6706657409668,144.55511474609375
8656,-37.67069625854492,144.55477905273438
8657,-37.67069625854492,144.55447387695312
8658,-37.67057800292969,144.5533905029297
8659,-37.67143630981445,144.56114196777344
8660,-37.67146301269531,144.56109619140625
8661,-37.671478271484375,144.56105041503906
8662,-37.671478271484375,144.56100463867188
8663,-37.67146682739258,144.56097412109375
8664,-37.67144775390625,144.56094360351562
8665,-37.67142105102539,144.5609130859375
8666,-37.67139434814453,144.5609130859375
8667,-37.67136764526367,144.56089782714844
8668,-37.67134094238281,144.5609130859375
8669,-37.67131805419922,144.56092834472656
8670,-37.671295166015625,144.5609588623047
8671,-37.67127990722656,144.5609893798828
8672,-37.6712760925293,144.56101989746094
8673,-37.6712760925293,144.56105041503906
8674,-37.67128372192383,144.5610809326172
8675,-37.67129898071289,144.5611114501953
8676,-37.67131423950195,144.56114196777344
8677,-37.67133712768555,144.5611572265625
8678,-37.67136001586914,144.5611572265625
8679,-37.67138671875,144.5611572265625
8680,-37.67141342163086,144.5611572265625
8681,-37.672523498535156,144.5550079345703
8682,-37.672279357910156,144.5550537109375
8683,-37.6720085144043,144.55508422851562
8684,-37.67160415649414,144.5550537109375
8685,-37.67021942138672,144.5563201904297
8686,-37.66992950439453,144.5562286376953
8687,-37.6698112487793,144.55621337890625
8688,-37.66969299316406,144.55625915527344
8689,-37.669410705566406,144.55674743652344
8690,-37.669403076171875,144.55686950683594
8691,-37.67047119140625,144.5560302734375
8692,-37.670894622802734,144.55624389648438
8693,-37.6710319519043,144.55621337890625
8694,-37.672264099121094,144.55389404296875
8695,-37.672027587890625,144.55401611328125
8696,-37.67181396484375,144.55409240722656
8697,-37.671512603759766,144.55410766601562
8698,-37.67253494262695,144.5560302734375
8699,-37.672088623046875,144.55596923828125
8700,-37.671905517578125,144.5559844970703
8701,-37.67172622680664,144.5560302734375
8702,-37.67214584350586,144.5579833984375
8703,-37.67194366455078,144.55792236328125
8704,-37.67238235473633,144.55706787109375
8705,-37.672096252441406,144.55697631835938
8706,-37.67184066772461,144.55697631835938
8707,-37.67094802856445,144.55813598632812
8708,-37.67109680175781,144.55796813964844
8709,-37.671165466308594,144.55784606933594
8710,-37.671207427978516,144.5576934814453
8711,-37.67115020751953,144.5570831298828
8712,-37.673545837402344,144.55653381347656
8713,-37.673587799072266,144.55636596679688
8714,-37.673614501953125,144.5561981201172
8715,-37.67361068725586,144.55609130859375
8716,-37.673587799072266,144.55599975585938
8717,-37.67350387573242,144.55577087402344
8718,-37.67402267456055,144.55950927734375
8719,-37.674354553222656,144.55960083007812
8720,-37.6725959777832,144.5615997314453
8721,-37.67242431640625,144.56190490722656
8722,-37.67404556274414,144.5581512451172
8723,-37.673828125,144.55813598632812
8724,-37.67372131347656,144.55810546875
8725,-37.67341613769531,144.55792236328125
8726,-37.67391586303711,144.56088256835938
8727,-37.673465728759766,144.56094360351562
8728,-37.672245025634766,144.55958557128906
8729,-37.67232131958008,144.5595703125
8730,-37.67253875732422,144.5595703125
8731,-37.67274856567383,144.55960083007812
8732,-37.67546081542969,144.5576629638672
8733,-37.674808502197266,144.55780029296875
8734,-37.67415237426758,144.55860900878906
8735,-37.674556732177734,144.5586395263672
8736,-37.67336654663086,144.55662536621094
8737,-37.673255920410156,144.55703735351562
8738,-37.67386245727539,144.55995178222656
8739,-37.673728942871094,144.5599365234375
8740,-37.67356872558594,144.5599365234375
8741,-37.673397064208984,144.5599822998047
8742,-37.67237854003906,144.56068420410156
8743,-37.672828674316406,144.56053161621094
8744,-37.675567626953125,144.5585479736328
8745,-37.67524719238281,144.55859375
8746,-37.67437744140625,144.56399536132812
8747,-37.6743278503418,144.56375122070312
8748,-37.67417907714844,144.5634307861328
8749,-37.67312240600586,144.56503295898438
8750,-37.67302322387695,144.56494140625
8751,-37.67273712158203,144.56455993652344
8752,-37.6737060546875,144.56190490722656
8753,-37.67372131347656,144.56224060058594
8754,-37.67372512817383,144.5624237060547
8755,-37.673675537109375,144.56283569335938
8756,-37.675079345703125,144.56387329101562
8757,-37.67506790161133,144.56375122070312
8758,-37.6750373840332,144.5635528564453
8759,-37.67485809326172,144.56321716308594
8760,-37.67433547973633,144.56175231933594
8761,-37.674381256103516,144.56198120117188
8762,-37.67439651489258,144.56231689453125
8763,-37.674354553222656,144.56260681152344
8764,-37.67302703857422,144.5635528564453
8765,-37.672847747802734,144.5636444091797
8766,-37.67262268066406,144.56369018554688
8767,-37.672908782958984,144.56280517578125
8768,-37.672733306884766,144.5628204345703
8769,-37.672508239746094,144.56277465820312
8770,-37.67505645751953,144.56143188476562
8771,-37.67510223388672,144.5616912841797
8772,-37.675106048583984,144.56195068359375
8773,-37.6750602722168,144.5623779296875
8774,-37.6754150390625,144.569580078125
8775,-37.67536163330078,144.56919860839844
8776,-37.675315856933594,144.56898498535156
8777,-37.675262451171875,144.5688018798828
8778,-37.67357635498047,144.56710815429688
8779,-37.67372131347656,144.56678771972656
8780,-37.674766540527344,144.5675811767578
8781,-37.67478942871094,144.56785583496094
8782,-37.67479705810547,144.5681610107422
8783,-37.676761627197266,144.56930541992188
8784,-37.67668914794922,144.5688018798828
8785,-37.67362976074219,144.56820678710938
8786,-37.67318344116211,144.56826782226562
8787,-37.67402267456055,144.56434631347656
8788,-37.674137115478516,144.5647430419922
8789,-37.674163818359375,144.5648651123047
8790,-37.674137115478516,144.5649871826172
8791,-37.67605209350586,144.56944274902344
8792,-37.675994873046875,144.56900024414062
8793,-37.675968170166016,144.56869506835938
8794,-37.67376708984375,144.56838989257812
8795,-37.674110412597656,144.56829833984375
8796,-37.675315856933594,144.56741333007812
8797,-37.675418853759766,144.56781005859375
8798,-37.6755256652832,144.5679931640625
8799,-37.6729736328125,144.56614685058594
8800,-37.67324447631836,144.5661163330078
8801,-37.673274993896484,144.56707763671875
8802,-37.67310333251953,144.5673828125
8803,-37.67327117919922,144.56503295898438
8804,-37.67350769042969,144.5652618408203
8805,-37.674678802490234,144.56973266601562
8806,-37.674644470214844,144.5694122314453
8807,-37.674617767333984,144.5692596435547
8808,-37.67454147338867,144.56895446777344
8809,-37.67699432373047,144.55715942382812
8810,-37.67692184448242,144.55715942382812
8811,-37.676761627197266,144.5571746826172
8812,-37.676612854003906,144.55714416503906
8813,-37.676414489746094,144.55703735351562
8814,-37.67633056640625,144.55702209472656
8815,-37.67626190185547,144.5570526123047
8816,-37.67371368408203,144.5521697998047
8817,-37.67381286621094,144.5530242919922
8818,-37.67332077026367,144.55419921875
8819,-37.67328643798828,144.55442810058594
8820,-37.67327880859375,144.5546417236328
8821,-37.67333221435547,144.55491638183594
8822,-37.677040100097656,144.5576934814453
8823,-37.676979064941406,144.55772399902344
8824,-37.67671203613281,144.5578155517578
8825,-37.67641067504883,144.5579833984375
8826,-37.67462921142578,144.55364990234375
8827,-37.6743049621582,144.5537109375
8828,-37.67580032348633,144.5590057373047
8829,-37.676177978515625,144.55894470214844
8830,-37.676353454589844,144.5589599609375
8831,-37.6766242980957,144.55906677246094
8832,-37.67353057861328,144.55410766601562
8833,-37.673580169677734,144.5538330078125
8834,-37.67226791381836,144.55337524414062
8835,-37.672767639160156,144.55322265625
8836,-37.6730842590332,144.5531768798828
8837,-37.67683792114258,144.56434631347656
8838,-37.67690658569336,144.56430053710938
8839,-37.677162170410156,144.5641326904297
8840,-37.678775787353516,144.56480407714844
8841,-37.678627014160156,144.56442260742188
8842,-37.67805099487305,144.5652313232422
8843,-37.67803955078125,144.5651092529297
8844,-37.6779899597168,144.5648956298828
8845,-37.67790603637695,144.5647430419922
8846,-37.677791595458984,144.56460571289062
8847,-37.67670822143555,144.5767364501953
8848,-37.6750373840332,144.57708740234375
8849,-37.6749153137207,144.57705688476562
8850,-37.67478561401367,144.57701110839844
8851,-37.674705505371094,144.576904296875
8852,-37.67463684082031,144.5767059326172
8853,-37.67459487915039,144.5763397216797
8854,-37.674747467041016,144.57708740234375
8855,-37.67466354370117,144.57728576660156
8856,-37.674591064453125,144.57740783691406
8857,-37.671875,144.58763122558594
8858,-37.67106246948242,144.5875244140625
8859,-37.66978454589844,144.58555603027344
8860,-37.67013168334961,144.58522033691406
8861,-37.67020034790039,144.5850830078125
8862,-37.67023468017578,144.5849151611328
8863,-37.67011642456055,144.58396911621094
8864,-37.67010498046875,144.58387756347656
8865,-37.66936492919922,144.58387756347656
8866,-37.66933059692383,144.5840301513672
8867,-37.669227600097656,144.583984375
8868,-37.668819427490234,144.58546447753906
8869,-37.668724060058594,144.5852813720703
8870,-37.668663024902344,144.58511352539062
8871,-37.66856384277344,144.5841827392578
8872,-37.66931915283203,144.58526611328125
8873,-37.66938781738281,144.5845489501953
8874,-37.669376373291016,144.58436584472656
8875,-37.670188903808594,144.58375549316406
8876,-37.66999816894531,144.58384704589844
8877,-37.669944763183594,144.5837860107422
8878,-37.66862106323242,144.5841064453125
8879,-37.668453216552734,144.58413696289062
8880,-37.705238342285156,144.57337951660156
8881,-37.705543518066406,144.5731658935547
8882,-37.675567626953125,144.54391479492188
8883,-37.67567443847656,144.5448455810547
8884,-37.67574691772461,144.54544067382812
8885,-37.67578125,144.54568481445312
8886,-37.67578125,144.5458526611328
8887,-37.675697326660156,144.54632568359375
8888,-37.675682067871094,144.54673767089844
8889,-37.67566680908203,144.5474853515625
8890,-37.67564010620117,144.5476837158203
8891,-37.67561340332031,144.5478057861328
8892,-37.68435287475586,144.55287170410156
8893,-37.683982849121094,144.55282592773438
8894,-37.683876037597656,144.55282592773438
8895,-37.68348693847656,144.55288696289062
8896,-37.683631896972656,144.5477752685547
8897,-37.68363952636719,144.54783630371094
8898,-37.683773040771484,144.54898071289062
8899,-37.68453598022461,144.5475616455078
8900,-37.6845588684082,144.54763793945312
8901,-37.684574127197266,144.5476837158203
8902,-37.684600830078125,144.5477752685547
8903,-37.68456268310547,144.548828125
8904,-37.68431091308594,144.55088806152344
8905,-37.68467330932617,144.55038452148438
8906,-37.679019927978516,144.54530334472656
8907,-37.67892837524414,144.54615783691406
8908,-37.678916931152344,144.5462646484375
8909,-37.6788215637207,144.54739379882812
8910,-37.67881774902344,144.54750061035156
8911,-37.67884063720703,144.5475616455078
8912,-37.6783447265625,144.5440673828125
8913,-37.678428649902344,144.54312133789062
8914,-37.678428649902344,144.5429229736328
8915,-37.67837905883789,144.54241943359375
8916,-37.6783447265625,144.54234313964844
8917,-37.678306579589844,144.5423126220703
8918,-37.67827606201172,144.5422821044922
8919,-37.67818832397461,144.5422821044922
8920,-37.677669525146484,144.54237365722656
8921,-37.67760467529297,144.54241943359375
8922,-37.677581787109375,144.54254150390625
8923,-37.677635192871094,144.54295349121094
8924,-37.677635192871094,144.54307556152344
8925,-37.67754364013672,144.5441131591797
8926,-37.68471145629883,144.54673767089844
8927,-37.68468475341797,144.54664611816406
8928,-37.684669494628906,144.54653930664062
8929,-37.68478012084961,144.54478454589844
8930,-37.67916488647461,144.54400634765625
8931,-37.67925262451172,144.54330444335938
8932,-37.67927169799805,144.5430908203125
8933,-37.679264068603516,144.5429229736328
8934,-37.679161071777344,144.54205322265625
8935,-37.67911911010742,144.5416717529297
8936,-37.67314910888672,144.5430450439453
8937,-37.67317199707031,144.54322814941406
8938,-37.67317581176758,144.54327392578125
8939,-37.67319107055664,144.54344177246094
8940,-37.67908477783203,144.54530334472656
8941,-37.6796875,144.54539489746094
8942,-37.67978286743164,144.54544067382812
8943,-37.680572509765625,144.54571533203125
8944,-37.680660247802734,144.5457763671875
8945,-37.68074035644531,144.54588317871094
8946,-37.6807746887207,144.54605102539062
8947,-37.68089294433594,144.54666137695312
8948,-37.684417724609375,144.5518035888672
8949,-37.683807373046875,144.55174255371094
8950,-37.6837043762207,144.55174255371094
8951,-37.68312072753906,144.5518798828125
8952,-37.68321990966797,144.54788208007812
8953,-37.68336486816406,144.54783630371094
8954,-37.684425354003906,144.547607421875
8955,-37.68454360961914,144.54754638671875
8956,-37.68459701538086,144.54747009277344
8957,-37.68462371826172,144.54739379882812
8958,-37.68465042114258,144.54710388183594
8959,-37.68466567993164,144.54681396484375
8960,-37.68479537963867,144.5467071533203
8961,-37.68547058105469,144.54676818847656
8962,-37.68574905395508,144.5467987060547
8963,-37.67978286743164,144.54550170898438
8964,-37.67975616455078,144.546142578125
8965,-37.67971420288086,144.54629516601562
8966,-37.67965316772461,144.54638671875
8967,-37.67963409423828,144.54652404785156
8968,-37.67962646484375,144.5466766357422
8969,-37.67964553833008,144.54678344726562
8970,-37.67964553833008,144.54693603515625
8971,-37.679622650146484,144.547119140625
8972,-37.67958450317383,144.54754638671875
8973,-37.67490005493164,144.547607421875
8974,-37.67494201660156,144.54685974121094
8975,-37.67494583129883,144.54676818847656
8976,-37.67498779296875,144.546142578125
8977,-37.67499923706055,144.54583740234375
8978,-37.67498779296875,144.54568481445312
8979,-37.67497634887695,144.5456085205078
8980,-37.674964904785156,144.54547119140625
8981,-37.674800872802734,144.5440673828125
8982,-37.68280792236328,144.54928588867188
8983,-37.68263244628906,144.54931640625
8984,-37.68252182006836,144.54933166503906
8985,-37.68236541748047,144.5493621826172
8986,-37.68219757080078,144.5493621826172
8987,-37.682037353515625,144.5493927001953
8988,-37.68195724487305,144.54942321777344
8989,-37.681846618652344,144.5495147705078
8990,-37.67433547973633,144.54574584960938
8991,-37.67425537109375,144.54571533203125
8992,-37.6742057800293,144.54562377929688
8993,-37.674137115478516,144.54501342773438
8994,-37.67679214477539,144.54396057128906
8995,-37.676883697509766,144.54312133789062
8996,-37.6768913269043,144.54299926757812
8997,-37.67684555053711,144.54269409179688
8998,-37.67683029174805,144.54261779785156
8999,-37.67679977416992,144.54258728027344
9000,-37.676761627197266,144.54257202148438
9001,-37.676719665527344,144.54257202148438
9002,-37.67449951171875,144.5430145263672
9003,-37.67409133911133,144.5431671142578
9004,-37.67390060424805,144.54322814941406
9005,-37.6735954284668,144.54322814941406
9006,-37.67338180541992,144.54319763183594
9007,-37.67327117919922,144.5443878173828
9008,-37.67324447631836,144.54446411132812
9009,-37.67325210571289,144.54473876953125
9010,-37.67327117919922,144.54495239257812
9011,-37.67329025268555,144.54507446289062
9012,-37.6733283996582,144.54530334472656
9013,-37.67341995239258,144.54562377929688
9014,-37.67353439331055,144.5458984375
9015,-37.67364501953125,144.5460968017578
9016,-37.67375946044922,144.54627990722656
9017,-37.67392349243164,144.5464630126953
9018,-37.674095153808594,144.546630859375
9019,-37.67426300048828,144.54673767089844
9020,-37.67438507080078,144.54678344726562
9021,-37.67452621459961,144.54681396484375
9022,-37.674644470214844,144.5468292236328
9023,-37.67390441894531,144.54327392578125
9024,-37.67401123046875,144.5440673828125
9025,-37.6781005859375,144.54627990722656
9026,-37.67809295654297,144.5467071533203
9027,-37.678035736083984,144.546875
9028,-37.67801284790039,144.54769897460938
9029,-37.68012619018555,144.5438232421875
9030,-37.68040466308594,144.54388427734375
9031,-37.68073654174805,144.54393005371094
9032,-37.68090057373047,144.54393005371094
9033,-37.68095779418945,144.5439453125
9034,-37.681007385253906,144.5439910888672
9035,-37.68107604980469,144.54396057128906
9036,-37.68113327026367,144.5439453125
9037,-37.68147277832031,144.54393005371094
9038,-37.68165588378906,144.5438995361328
9039,-37.68199920654297,144.5438232421875
9040,-37.682064056396484,144.5438232421875
9041,-37.6821403503418,144.5438690185547
9042,-37.68217849731445,144.54380798339844
9043,-37.68225860595703,144.54379272460938
9044,-37.682472229003906,144.5437469482422
9045,-37.68282699584961,144.54367065429688
9046,-37.68291473388672,144.54364013671875
9047,-37.68313217163086,144.54347229003906
9048,-37.68317794799805,144.54344177246094
9049,-37.68391418457031,144.54373168945312
9050,-37.68391418457031,144.54376220703125
9051,-37.6838264465332,144.54513549804688
9052,-37.683780670166016,144.54525756835938
9053,-37.683815002441406,144.5453643798828
9054,-37.683815002441406,144.54547119140625
9055,-37.683753967285156,144.54641723632812
9056,-37.68372344970703,144.54653930664062
9057,-37.68366622924805,144.54660034179688
9058,-37.683563232421875,144.54666137695312
9059,-37.68308639526367,144.5467529296875
9060,-37.68299102783203,144.54672241210938
9061,-37.68292236328125,144.5466766357422
9062,-37.682498931884766,144.54617309570312
9063,-37.68246078491211,144.54608154296875
9064,-37.68214416503906,144.5438995361328
9065,-37.67702102661133,144.54425048828125
9066,-37.6767692565918,144.5453338623047
9067,-37.676753997802734,144.54554748535156
9068,-37.67677307128906,144.54571533203125
9069,-37.67686080932617,144.5462646484375
9070,-37.676876068115234,144.5463409423828
9071,-37.683074951171875,144.54249572753906
9072,-37.683006286621094,144.54251098632812
9073,-37.682403564453125,144.5426483154297
9074,-37.68233871459961,144.54266357421875
9075,-37.681007385253906,144.54405212402344
9076,-37.68101119995117,144.54437255859375
9077,-37.68099594116211,144.54452514648438
9078,-37.680973052978516,144.54466247558594
9079,-37.68096923828125,144.54470825195312
9080,-37.680965423583984,144.54476928710938
9081,-37.68381118774414,144.54127502441406
9082,-37.68381881713867,144.5413360595703
9083,-37.68398666381836,144.54278564453125
9084,-37.68070983886719,144.5417938232422
9085,-37.680843353271484,144.5428924560547
9086,-37.68087387084961,144.54296875
9087,-37.680946350097656,144.54299926757812
9088,-37.68144607543945,144.54298400878906
9089,-37.68153381347656,144.54295349121094
9090,-37.681575775146484,144.54290771484375
9091,-37.68159866333008,144.5427703857422
9092,-37.68147659301758,144.54165649414062
9093,-37.682952880859375,144.54144287109375
9094,-37.683021545410156,144.5414276123047
9095,-37.684303283691406,144.5411834716797
9096,-37.68467330932617,144.54110717773438
9097,-37.68473815917969,144.54115295410156
9098,-37.68475341796875,144.54116821289062
9099,-37.68477249145508,144.54119873046875
9100,-37.68488693237305,144.54217529296875
9101,-37.68489074707031,144.54229736328125
9102,-37.684810638427734,144.5436553955078
9103,-37.6848030090332,144.54371643066406
9104,-37.67852783203125,144.5462188720703
9105,-37.678192138671875,144.5462646484375
9106,-37.67802047729492,144.54627990722656
9107,-37.67721939086914,144.54632568359375
9108,-37.677162170410156,144.54632568359375
9109,-37.67662811279297,144.5464324951172
9110,-37.67649459838867,144.5464630126953
9111,-37.676422119140625,144.54647827148438
9112,-37.676231384277344,144.54647827148438
9113,-37.675758361816406,144.5463409423828
9114,-37.685672760009766,144.54385375976562
9115,-37.68487548828125,144.5437774658203
9116,-37.684715270996094,144.54376220703125
9117,-37.683998107910156,144.54368591308594
9118,-37.6838264465332,144.54367065429688
9119,-37.683502197265625,144.5436553955078
9120,-37.68332290649414,144.54359436035156
9121,-37.683143615722656,144.54330444335938
9122,-37.68312072753906,144.54312133789062
9123,-37.68312454223633,144.54290771484375
9124,-37.682884216308594,144.54090881347656
9125,-37.68375015258789,144.54525756835938
9126,-37.68312072753906,144.5452117919922
9127,-37.67802429199219,144.5460968017578
9128,-37.67802810668945,144.54605102539062
9129,-37.678077697753906,144.54588317871094
9130,-37.6781005859375,144.54541015625
9131,-37.67807388305664,144.5453338623047
9132,-37.677978515625,144.5452880859375
9133,-37.67751693725586,144.54534912109375
9134,-37.677242279052734,144.5477294921875
9135,-37.67727279663086,144.5478973388672
9136,-37.677284240722656,144.548095703125
9137,-37.67728042602539,144.54815673828125
9138,-37.68302917480469,144.54458618164062
9139,-37.68313980102539,144.54531860351562
9140,-37.68000793457031,144.54437255859375
9141,-37.680137634277344,144.543701171875
9142,-37.680137634277344,144.54368591308594
9143,-37.679954528808594,144.54209899902344
9144,-37.679962158203125,144.5420379638672
9145,-37.67643356323242,144.54762268066406
9146,-37.67638397216797,144.54815673828125
9147,-37.68623352050781,144.55477905273438
9148,-37.68622970581055,144.55484008789062
9149,-37.6861572265625,144.55596923828125
9150,-37.68630599975586,144.55471801757812
9151,-37.686405181884766,144.55470275878906
9152,-37.68669891357422,144.5547332763672
9153,-37.687110900878906,144.5547637939453
9154,-37.688026428222656,144.55462646484375
9155,-37.688053131103516,144.55453491210938
9156,-37.688045501708984,144.55450439453125
9157,-37.687744140625,144.55247497558594
9158,-37.68750762939453,144.55189514160156
9159,-37.687477111816406,144.5518341064453
9160,-37.687461853027344,144.55181884765625
9161,-37.68743896484375,144.5518035888672
9162,-37.68741226196289,144.5518035888672
9163,-37.687374114990234,144.5518035888672
9164,-37.68730926513672,144.55184936523438
9165,-37.687129974365234,144.55197143554688
9166,-37.68648910522461,144.55197143554688
9167,-37.68645477294922,144.55197143554688
9168,-37.68625259399414,144.55459594726562
9169,-37.686256408691406,144.55453491210938
9170,-37.6862678527832,144.554443359375
9171,-37.686279296875,144.55410766601562
9172,-37.6862907409668,144.553955078125
9173,-37.68630599975586,144.5538787841797
9174,-37.68619155883789,144.5546112060547
9175,-37.68617630004883,144.55462646484375
9176,-37.68616485595703,144.55465698242188
9177,-37.68616485595703,144.5546875
9178,-37.68617248535156,144.55471801757812
9179,-37.686187744140625,144.55474853515625
9180,-37.68620681762695,144.5547637939453
9181,-37.68626022338867,144.5547637939453
9182,-37.686283111572266,144.55474853515625
9183,-37.68629837036133,144.5547332763672
9184,-37.686309814453125,144.5546875
9185,-37.68630599975586,144.55465698242188
9186,-37.6862907409668,144.55462646484375
9187,-37.686275482177734,144.5546112060547
9188,-37.68622589111328,144.55459594726562
9189,-37.68620300292969,144.55459594726562
9190,-37.69351577758789,144.5479278564453
9191,-37.695404052734375,144.54763793945312
9192,-37.68523406982422,144.6063690185547
9193,-37.68516159057617,144.6062774658203
9194,-37.68505096435547,144.6061248779297
9195,-37.68366622924805,144.57766723632812
9196,-37.68367385864258,144.5775604248047
9197,-37.68381881713867,144.57557678222656
9198,-37.6838493347168,144.57498168945312
9199,-37.68241500854492,144.5778045654297
9200,-37.682247161865234,144.57777404785156
9201,-37.683528900146484,144.57814025878906
9202,-37.68352127075195,144.57830810546875
9203,-37.683406829833984,144.58006286621094
9204,-37.683387756347656,144.5802459716797
9205,-37.683372497558594,144.580322265625
9206,-37.6833610534668,144.5803680419922
9207,-37.695152282714844,144.56600952148438
9208,-37.69504165649414,144.5660400390625
9209,-37.69499969482422,144.56605529785156
9210,-37.69486618041992,144.5660858154297
9211,-37.694793701171875,144.5660858154297
9212,-37.6833610534668,144.58323669433594
9213,-37.6837272644043,144.58328247070312
9214,-37.68382263183594,144.58328247070312
9215,-37.68401336669922,144.58331298828125
9216,-37.68429946899414,144.58334350585938
9217,-37.68436813354492,144.58335876464844
9218,-37.68442916870117,144.58338928222656
9219,-37.68293380737305,144.585693359375
9220,-37.682743072509766,144.58572387695312
9221,-37.6827392578125,144.5857391357422
9222,-37.68291091918945,144.58578491210938
9223,-37.68454360961914,144.5834197998047
9224,-37.68457794189453,144.58340454101562
9225,-37.68460464477539,144.5833282470703
9226,-37.68460464477539,144.58328247070312
9227,-37.68458557128906,144.58323669433594
9228,-37.684566497802734,144.5832061767578
9229,-37.684532165527344,144.5831756591797
9230,-37.68449401855469,144.5831756591797
9231,-37.68446731567383,144.58319091796875
9232,-37.684444427490234,144.5832061767578
9233,-37.684417724609375,144.58323669433594
9234,-37.68440628051758,144.58326721191406
9235,-37.68440246582031,144.58331298828125
9236,-37.684410095214844,144.58335876464844
9237,-37.6844482421875,144.58340454101562
9238,-37.68446350097656,144.5834197998047
9239,-37.68450164794922,144.58343505859375
9240,-37.685630798339844,144.58348083496094
9241,-37.6856803894043,144.58355712890625
9242,-37.685760498046875,144.58355712890625
9243,-37.685794830322266,144.58352661132812
9244,-37.685813903808594,144.58346557617188
9245,-37.685813903808594,144.5834197998047
9246,-37.68579864501953,144.5833740234375
9247,-37.68577194213867,144.58334350585938
9248,-37.685699462890625,144.5833282470703
9249,-37.685665130615234,144.58335876464844
9250,-37.68564224243164,144.58338928222656
9251,-37.685630798339844,144.58343505859375
9252,-37.68470001220703,144.5806121826172
9253,-37.68464660644531,144.5806121826172
9254,-37.684627532958984,144.5806427001953
9255,-37.68460464477539,144.58067321777344
9256,-37.68458557128906,144.58071899414062
9257,-37.68458557128906,144.58078002929688
9258,-37.68459701538086,144.58082580566406
9259,-37.68461990356445,144.5808563232422
9260,-37.684661865234375,144.5808868408203
9261,-37.68470764160156,144.5808868408203
9262,-37.68475341796875,144.58087158203125
9263,-37.68478012084961,144.58084106445312
9264,-37.68479919433594,144.580810546875
9265,-37.684810638427734,144.58074951171875
9266,-37.68479919433594,144.5806884765625
9267,-37.684783935546875,144.58065795898438
9268,-37.68475341796875,144.58062744140625
9269,-37.68882751464844,144.57785034179688
9270,-37.68885040283203,144.5778350830078
9271,-37.68886184692383,144.57778930664062
9272,-37.68886184692383,144.5777587890625
9273,-37.68885040283203,144.57772827148438
9274,-37.6888313293457,144.57769775390625
9275,-37.68880844116211,144.5776824951172
9276,-37.688777923583984,144.5776824951172
9277,-37.68875503540039,144.57769775390625
9278,-37.68873596191406,144.5777130126953
9279,-37.688724517822266,144.57774353027344
9280,-37.688716888427734,144.57777404785156
9281,-37.68872833251953,144.57781982421875
9282,-37.688743591308594,144.57785034179688
9283,-37.68876266479492,144.57786560058594
9284,-37.68880081176758,144.57786560058594
9285,-37.681915283203125,144.58282470703125
9286,-37.68184280395508,144.58282470703125
9287,-37.68180465698242,144.58285522460938
9288,-37.681785583496094,144.5828857421875
9289,-37.6817741394043,144.58291625976562
9290,-37.68177032470703,144.58299255371094
9291,-37.681785583496094,144.58303833007812
9292,-37.68180847167969,144.58306884765625
9293,-37.68183517456055,144.58309936523438
9294,-37.68305206298828,144.58053588867188
9295,-37.68222427368164,144.58038330078125
9296,-37.68396759033203,144.5735321044922
9297,-37.68388748168945,144.57350158691406
9298,-37.68574905395508,144.58079528808594
9299,-37.684879302978516,144.58070373535156
9300,-37.687286376953125,144.5791778564453
9301,-37.68631362915039,144.57936096191406
9302,-37.686134338378906,144.57937622070312
9303,-37.680023193359375,144.57652282714844
9304,-37.680850982666016,144.5766143798828
9305,-37.68461990356445,144.58238220214844
9306,-37.68463134765625,144.58226013183594
9307,-37.68465042114258,144.58197021484375
9308,-37.68466567993164,144.58180236816406
9309,-37.684871673583984,144.58082580566406
9310,-37.68574142456055,144.58094787597656
9311,-37.688865661621094,144.56842041015625
9312,-37.68877410888672,144.5685577392578
9313,-37.67985153198242,144.57432556152344
9314,-37.67961120605469,144.57432556152344
9315,-37.679443359375,144.5743408203125
9316,-37.69624328613281,144.570556640625
9317,-37.69625473022461,144.5706329345703
9318,-37.696266174316406,144.57073974609375
9319,-37.696285247802734,144.5708770751953
9320,-37.68475341796875,144.5805206298828
9321,-37.684757232666016,144.5804443359375
9322,-37.68476104736328,144.5803985595703
9323,-37.68743896484375,144.5802459716797
9324,-37.68693542480469,144.58035278320312
9325,-37.68606185913086,144.5802459716797
9326,-37.68044662475586,144.57257080078125
9327,-37.68046188354492,144.5727996826172
9328,-37.68044662475586,144.5732421875
9329,-37.684234619140625,144.57022094726562
9330,-37.68449783325195,144.57025146484375
9331,-37.686790466308594,144.58457946777344
9332,-37.686805725097656,144.5843963623047
9333,-37.68679428100586,144.58419799804688
9334,-37.686798095703125,144.583984375
9335,-37.68681716918945,144.58377075195312
9336,-37.6958122253418,144.57081604003906
9337,-37.69574737548828,144.57078552246094
9338,-37.69571304321289,144.5707550048828
9339,-37.68765640258789,144.5823211669922
9340,-37.686988830566406,144.58245849609375
9341,-37.68689727783203,144.58245849609375
9342,-37.68590545654297,144.5823211669922
9343,-37.68458938598633,144.56857299804688
9344,-37.684608459472656,144.56863403320312
9345,-37.68461608886719,144.5686798095703
9346,-37.68461608886719,144.56874084472656
9347,-37.68447494506836,144.57052612304688
9348,-37.68446350097656,144.5706024169922
9349,-37.6844482421875,144.57064819335938
9350,-37.684410095214844,144.5707244873047
9351,-37.68402099609375,144.56863403320312
9352,-37.68398666381836,144.56875610351562
9353,-37.6839714050293,144.56886291503906
9354,-37.68386459350586,144.5703125
9355,-37.68385314941406,144.57046508789062
9356,-37.68385314941406,144.57061767578125
9357,-37.68387222290039,144.5707550048828
9358,-37.68339920043945,144.57701110839844
9359,-37.683372497558594,144.5767822265625
9360,-37.6837272644043,144.57208251953125
9361,-37.68378448486328,144.5718994140625
9362,-37.684268951416016,144.58746337890625
9363,-37.68426513671875,144.5875244140625
9364,-37.684261322021484,144.5876007080078
9365,-37.684288024902344,144.5876922607422
9366,-37.684322357177734,144.58775329589844
9367,-37.681884765625,144.5883026123047
9368,-37.68232727050781,144.5883026123047
9369,-37.6824836730957,144.58828735351562
9370,-37.6826286315918,144.5881805419922
9371,-37.68265914916992,144.58816528320312
9372,-37.682701110839844,144.58816528320312
9373,-37.6828498840332,144.58816528320312
9374,-37.671329498291016,144.55259704589844
9375,-37.671409606933594,144.55319213867188
9376,-37.707061767578125,144.57427978515625
9377,-37.707061767578125,144.57411193847656
9378,-37.707061767578125,144.57376098632812
9379,-37.707061767578125,144.5736541748047
9380,-37.7070426940918,144.57354736328125
9381,-37.70720291137695,144.57351684570312
9382,-37.70721435546875,144.57362365722656
9383,-37.708702087402344,144.57008361816406
9384,-37.70778274536133,144.5702667236328
9385,-37.70734405517578,144.57034301757812
9386,-37.70660400390625,144.5704803466797
9387,-37.70626449584961,144.57054138183594
9388,-37.70566940307617,144.57066345214844
9389,-37.70546340942383,144.57069396972656
9390,-37.70536422729492,144.5707244873047
9391,-37.66390609741211,144.5697784423828
9392,-37.663970947265625,144.5696563720703
9393,-37.66417694091797,144.56922912597656
9394,-37.6642951965332,144.56871032714844
9395,-37.66434097290039,144.56861877441406
9396,-37.664405822753906,144.5684814453125
9397,-37.66450500488281,144.56837463378906
9398,-37.66471481323242,144.56826782226562
9399,-37.66490173339844,144.5680694580078
9400,-37.66498565673828,144.56790161132812
9401,-37.665061950683594,144.56768798828125
9402,-37.66506576538086,144.5674591064453
9403,-37.66503143310547,144.5672607421875
9404,-37.664955139160156,144.56703186035156
9405,-37.66490173339844,144.56690979003906
9406,-37.66483688354492,144.5668182373047
9407,-37.664756774902344,144.56671142578125
9408,-37.664676666259766,144.566650390625
9409,-37.6645622253418,144.56658935546875
9410,-37.663875579833984,144.56639099121094
9411,-37.663734436035156,144.56634521484375
9412,-37.6633186340332,144.5663604736328
9413,-37.6630744934082,144.56631469726562
9414,-37.66146469116211,144.56996154785156
9415,-37.661643981933594,144.57106018066406
9416,-37.66164016723633,144.57113647460938
9417,-37.661624908447266,144.57118225097656
9418,-37.66160202026367,144.5712127685547
9419,-37.66157531738281,144.57122802734375
9420,-37.661537170410156,144.5712432861328
9421,-37.66146469116211,144.57127380371094
9422,-37.66128158569336,144.57131958007812
9423,-37.66102981567383,144.57139587402344
9424,-37.66090774536133,144.57147216796875
9425,-37.66083908081055,144.57150268554688
9426,-37.660789489746094,144.57151794433594
9427,-37.66075134277344,144.57151794433594
9428,-37.660709381103516,144.57151794433594
9429,-37.66067123413086,144.57147216796875
9430,-37.6606559753418,144.57142639160156
9431,-37.66064453125,144.57138061523438
9432,-37.66051483154297,144.57034301757812
9433,-37.6605110168457,144.56936645507812
9434,-37.6605110168457,144.5692901611328
9435,-37.6605110168457,144.5692138671875
9436,-37.66046905517578,144.56912231445312
9437,-37.66040802001953,144.56912231445312
9438,-37.65972137451172,144.5691375732422
9439,-37.67237854003906,144.5753936767578
9440,-37.67247772216797,144.57553100585938
9441,-37.67261505126953,144.5758056640625
9442,-37.672664642333984,144.5760040283203
9443,-37.672725677490234,144.5765380859375
9444,-37.67283630371094,144.5774688720703
9445,-37.672908782958984,144.57810974121094
9446,-37.67289733886719,144.57833862304688
9447,-37.67279815673828,144.57846069335938
9448,-37.67268753051758,144.5784912109375
9449,-37.67070770263672,144.57884216308594
9450,-37.670597076416016,144.57879638671875
9451,-37.670528411865234,144.5786895751953
9452,-37.670494079589844,144.57855224609375
9453,-37.67045974731445,144.57781982421875
9454,-37.67045593261719,144.5777587890625
9455,-37.67041778564453,144.57696533203125
9456,-37.67041015625,144.57679748535156
9457,-37.67042541503906,144.5760955810547
9458,-37.670440673828125,144.57606506347656
9459,-37.66365051269531,144.56985473632812
9460,-37.66350173950195,144.57000732421875
9461,-37.66326141357422,144.57017517089844
9462,-37.66303634643555,144.57029724121094
9463,-37.66278839111328,144.57037353515625
9464,-37.66264343261719,144.57037353515625
9465,-37.66236114501953,144.57025146484375
9466,-37.66223907470703,144.57044982910156
9467,-37.6622200012207,144.5705108642578
9468,-37.66228103637695,144.57098388671875
9469,-37.659122467041016,144.5687255859375
9470,-37.659095764160156,144.5685577392578
9471,-37.65904998779297,144.5683135986328
9472,-37.65882110595703,144.5677947998047
9473,-37.658721923828125,144.567626953125
9474,-37.65868377685547,144.5675811767578
9475,-37.65867614746094,144.56756591796875
9476,-37.65864944458008,144.5675506591797
9477,-37.65861892700195,144.56753540039062
9478,-37.6585807800293,144.56753540039062
9479,-37.65854263305664,144.5675506591797
9480,-37.658512115478516,144.5675811767578
9481,-37.65850067138672,144.5675811767578
9482,-37.658382415771484,144.5676727294922
9483,-37.65826416015625,144.56773376464844
9484,-37.65797424316406,144.5677947998047
9485,-37.657630920410156,144.56790161132812
9486,-37.65755844116211,144.5679168701172
9487,-37.657535552978516,144.56793212890625
9488,-37.657501220703125,144.56796264648438
9489,-37.6574821472168,144.5679931640625
9490,-37.657474517822266,144.56805419921875
9491,-37.657493591308594,144.56820678710938
9492,-37.65762710571289,144.5691680908203
9493,-37.65767288208008,144.56973266601562
9494,-37.65773391723633,144.5702667236328
9495,-37.65785217285156,144.5711212158203
9496,-37.65786361694336,144.57119750976562
9497,-37.65787887573242,144.57122802734375
9498,-37.657901763916016,144.57127380371094
9499,-37.65792465209961,144.57127380371094
9500,-37.6579704284668,144.5712890625
9501,-37.65800094604492,144.5712890625
9502,-37.65803146362305,144.57127380371094
9503,-37.657596588134766,144.5697479248047
9504,-37.65696334838867,144.56988525390625
9505,-37.65690231323242,144.56988525390625
9506,-37.6685791015625,144.57650756835938
9507,-37.66849899291992,144.57652282714844
9508,-37.66765213012695,144.57669067382812
9509,-37.671913146972656,144.5767059326172
9510,-37.672664642333984,144.57655334472656
9511,-37.670841217041016,144.57781982421875
9512,-37.67131042480469,144.57777404785156
9513,-37.672027587890625,144.57763671875
9514,-37.67278289794922,144.57748413085938
9515,-37.67118453979492,144.5768585205078
9516,-37.66387939453125,144.56460571289062
9517,-37.66394805908203,144.56466674804688
9518,-37.664546966552734,144.56454467773438
9519,-37.673011779785156,144.57838439941406
9520,-37.673404693603516,144.57835388183594
9521,-37.668182373046875,144.57545471191406
9522,-37.66811752319336,144.5755615234375
9523,-37.66809844970703,144.57559204101562
9524,-37.66759490966797,144.57571411132812
9525,-37.66233444213867,144.56956481933594
9526,-37.662315368652344,144.56967163085938
9527,-37.662315368652344,144.56968688964844
9528,-37.66230773925781,144.56980895996094
9529,-37.6623420715332,144.57020568847656
9530,-37.66602325439453,144.56529235839844
9531,-37.66572570800781,144.5648651123047
9532,-37.66550827026367,144.56312561035156
9533,-37.65864944458008,144.56744384765625
9534,-37.65895080566406,144.56700134277344
9535,-37.66130828857422,144.56814575195312
9536,-37.66117858886719,144.5681610107422
9537,-37.66081237792969,144.5682373046875
9538,-37.660762786865234,144.56826782226562
9539,-37.66237258911133,144.5648651123047
9540,-37.66300582885742,144.5650177001953
9541,-37.6630973815918,144.5651092529297
9542,-37.6720085144043,144.57337951660156
9543,-37.67171859741211,144.57321166992188
9544,-37.67142868041992,144.57310485839844
9545,-37.67118835449219,144.57308959960938
9546,-37.671043395996094,144.57313537597656
9547,-37.67094039916992,144.57322692871094
9548,-37.65956497192383,144.5698699951172
9549,-37.65932083129883,144.56988525390625
9550,-37.65886306762695,144.56996154785156
9551,-37.65839767456055,144.5701141357422
9552,-37.65780258178711,144.57025146484375
9553,-37.672340393066406,144.57444763183594
9554,-37.67231369018555,144.57444763183594
9555,-37.67201232910156,144.57443237304688
9556,-37.6717643737793,144.57437133789062
9557,-37.671409606933594,144.57420349121094
9558,-37.67122268676758,144.57415771484375
9559,-37.67109680175781,144.57420349121094
9560,-37.670169830322266,144.5707244873047
9561,-37.67009735107422,144.57070922851562
9562,-37.668121337890625,144.57110595703125
9563,-37.662513732910156,144.56597900390625
9564,-37.66239547729492,144.56593322753906
9565,-37.66202926635742,144.56568908691406
9566,-37.66196823120117,144.56565856933594
9567,-37.661930084228516,144.565673828125
9568,-37.661888122558594,144.56568908691406
9569,-37.661865234375,144.56573486328125
9570,-37.661861419677734,144.56581115722656
9571,-37.66187286376953,144.56588745117188
9572,-37.662017822265625,144.56712341308594
9573,-37.66201400756836,144.5672149658203
9574,-37.661991119384766,144.56735229492188
9575,-37.661983489990234,144.56741333007812
9576,-37.6619873046875,144.5674285888672
9577,-37.66199493408203,144.5675506591797
9578,-37.6711311340332,144.57505798339844
9579,-37.67124938964844,144.5750732421875
9580,-37.67134094238281,144.57513427734375
9581,-37.671478271484375,144.57533264160156
9582,-37.67157745361328,144.57557678222656
9583,-37.67158508300781,144.57569885253906
9584,-37.65846252441406,144.56607055664062
9585,-37.658443450927734,144.56610107421875
9586,-37.658409118652344,144.566162109375
9587,-37.6583137512207,144.56639099121094
9588,-37.65824890136719,144.56649780273438
9589,-37.65816116333008,144.56658935546875
9590,-37.65802001953125,144.56666564941406
9591,-37.65779495239258,144.5666961669922
9592,-37.65726852416992,144.56678771972656
9593,-37.664886474609375,144.56707763671875
9594,-37.66429901123047,144.56744384765625
9595,-37.66416549682617,144.56748962402344
9596,-37.663795471191406,144.56744384765625
9597,-37.66373062133789,144.56747436523438
9598,-37.66372299194336,144.5675506591797
9599,-37.66377639770508,144.56805419921875
9600,-37.65936279296875,144.56556701660156
9601,-37.659339904785156,144.56549072265625
9602,-37.65934371948242,144.56541442871094
9603,-37.65940856933594,144.56524658203125
9604,-37.659515380859375,144.56512451171875
9605,-37.65962600708008,144.56504821777344
9606,-37.65973663330078,144.5649871826172
9607,-37.65888595581055,144.56626892089844
9608,-37.65928649902344,144.5656280517578
9609,-37.65939712524414,144.5655975341797
9610,-37.659461975097656,144.5656280517578
9611,-37.66025161743164,144.56654357910156
9612,-37.66080856323242,144.56558227539062
9613,-37.66087341308594,144.56570434570312
9614,-37.66093444824219,144.5658721923828
9615,-37.6610107421875,144.5664520263672
9616,-37.66109085083008,144.5667724609375
9617,-37.66111373901367,144.56687927246094
9618,-37.6611213684082,144.5669403076172
9619,-37.66111755371094,144.56700134277344
9620,-37.661109924316406,144.56704711914062
9621,-37.66109085083008,144.56712341308594
9622,-37.66306686401367,144.5723419189453
9623,-37.663089752197266,144.57249450683594
9624,-37.663177490234375,144.57305908203125
9625,-37.66382598876953,144.57443237304688
9626,-37.66387176513672,144.5746307373047
9627,-37.663883209228516,144.57485961914062
9628,-37.66379928588867,144.57601928710938
9629,-37.6639404296875,144.57691955566406
9630,-37.66396713256836,144.5771026611328
9631,-37.663978576660156,144.57717895507812
9632,-37.65726089477539,144.56671142578125
9633,-37.65718460083008,144.56610107421875
9634,-37.657169342041016,144.56600952148438
9635,-37.657169342041016,144.56597900390625
9636,-37.65717697143555,144.56593322753906
9637,-37.657188415527344,144.56588745117188
9638,-37.65721130371094,144.5658416748047
9639,-37.657386779785156,144.56556701660156
9640,-37.65743637084961,144.56549072265625
9641,-37.657447814941406,144.5654296875
9642,-37.65744400024414,144.5653839111328
9643,-37.657432556152344,144.56533813476562
9644,-37.65739822387695,144.56529235839844
9645,-37.657161712646484,144.56503295898438
9646,-37.659523010253906,144.56871032714844
9647,-37.65906524658203,144.56874084472656
9648,-37.65903854370117,144.56875610351562
9649,-37.658653259277344,144.56886291503906
9650,-37.658302307128906,144.56895446777344
9651,-37.65775680541992,144.56915283203125
9652,-37.6627197265625,144.56739807128906
9653,-37.662113189697266,144.5675048828125
9654,-37.66203308105469,144.56752014160156
9655,-37.66197967529297,144.56759643554688
9656,-37.66205978393555,144.56822204589844
9657,-37.66209030151367,144.5682830810547
9658,-37.66214370727539,144.5682830810547
9659,-37.66219711303711,144.5682830810547
9660,-37.66278076171875,144.5681610107422
9661,-37.66229248046875,144.56521606445312
9662,-37.662452697753906,144.56419372558594
9663,-37.662452697753906,144.56387329101562
9664,-37.66282653808594,144.57046508789062
9665,-37.663143157958984,144.57081604003906
9666,-37.66318130493164,144.57083129882812
9667,-37.663238525390625,144.57080078125
9668,-37.66345977783203,144.57058715820312
9669,-37.66347885131836,144.57052612304688
9670,-37.663475036621094,144.5704803466797
9671,-37.6728630065918,144.57135009765625
9672,-37.6728401184082,144.57135009765625
9673,-37.67189025878906,144.57110595703125
9674,-37.67148971557617,144.57093811035156
9675,-37.671348571777344,144.57090759277344
9676,-37.668128967285156,144.5714874267578
9677,-37.661399841308594,144.56910705566406
9678,-37.66138458251953,144.56866455078125
9679,-37.661319732666016,144.56822204589844
9680,-37.66117858886719,144.56732177734375
9681,-37.66116714477539,144.56724548339844
9682,-37.661155700683594,144.56719970703125
9683,-37.661136627197266,144.56715393066406
9684,-37.66111373901367,144.567138671875
9685,-37.66106414794922,144.56710815429688
9686,-37.66102981567383,144.5670928955078
9687,-37.660987854003906,144.56710815429688
9688,-37.66091537475586,144.56710815429688
9689,-37.66051483154297,144.56719970703125
9690,-37.66033172607422,144.56723022460938
9691,-37.660221099853516,144.56729125976562
9692,-37.66013717651367,144.56735229492188
9693,-37.66007614135742,144.56741333007812
9694,-37.66000747680664,144.56747436523438
9695,-37.65996170043945,144.56752014160156
9696,-37.659915924072266,144.56753540039062
9697,-37.66325378417969,144.56500244140625
9698,-37.6638298034668,144.5650634765625
9699,-37.66386795043945,144.56507873535156
9700,-37.66389465332031,144.56512451171875
9701,-37.66389083862305,144.56536865234375
9702,-37.66389846801758,144.5654296875
9703,-37.66392517089844,144.56552124023438
9704,-37.662105560302734,144.56837463378906
9705,-37.66211700439453,144.5684356689453
9706,-37.66217041015625,144.5685577392578
9707,-37.6622200012207,144.5687255859375
9708,-37.66231918334961,144.56951904296875
9709,-37.66239929199219,144.56959533691406
9710,-37.66327667236328,144.5694122314453
9711,-37.66338348388672,144.56936645507812
9712,-37.658714294433594,144.57119750976562
9713,-37.65882110595703,144.57183837890625
9714,-37.65885543823242,144.5722198486328
9715,-37.65886688232422,144.5724334716797
9716,-37.65885925292969,144.572509765625
9717,-37.658843994140625,144.57254028320312
9718,-37.65882110595703,144.57257080078125
9719,-37.65879440307617,144.5725860595703
9720,-37.65876007080078,144.57260131835938
9721,-37.65816116333008,144.5726776123047
9722,-37.65813064575195,144.5726776123047
9723,-37.6580924987793,144.57266235351562
9724,-37.65806579589844,144.5726318359375
9725,-37.65804672241211,144.5725860595703
9726,-37.65801239013672,144.57247924804688
9727,-37.65794372558594,144.57203674316406
9728,-37.65789031982422,144.5716094970703
9729,-37.65787887573242,144.57147216796875
9730,-37.65787887573242,144.5714111328125
9731,-37.657901763916016,144.5713348388672
9732,-37.668060302734375,144.5746307373047
9733,-37.668148040771484,144.5753936767578
9734,-37.66826629638672,144.5754852294922
9735,-37.668373107910156,144.57546997070312
9736,-37.668434143066406,144.57546997070312
9737,-37.668460845947266,144.5755615234375
9738,-37.668704986572266,144.57754516601562
9739,-37.66875076293945,144.5779266357422
9740,-37.66878128051758,144.5780029296875
9741,-37.66886901855469,144.57803344726562
9742,-37.66942596435547,144.57794189453125
9743,-37.669559478759766,144.57791137695312
9744,-37.66962814331055,144.57786560058594
9745,-37.66965103149414,144.57778930664062
9746,-37.66965866088867,144.5777587890625
9747,-37.669532775878906,144.57659912109375
9748,-37.66764450073242,144.5657196044922
9749,-37.667449951171875,144.5660400390625
9750,-37.66740036010742,144.56622314453125
9751,-37.72661209106445,144.5419158935547
9752,-37.72677230834961,144.5421142578125
9753,-37.729347229003906,144.5417022705078
9754,-37.72620391845703,144.5409393310547
9755,-37.72610855102539,144.54071044921875
9756,-37.72551345825195,144.53924560546875
9757,-37.72526931762695,144.5386505126953
9758,-37.725074768066406,144.53817749023438
9759,-37.72502899169922,144.5377197265625
9760,-37.725013732910156,144.53759765625
9761,-37.724971771240234,144.5371551513672
9762,-37.724891662597656,144.53639221191406
9763,-37.72486114501953,144.53607177734375
9764,-37.724761962890625,144.53509521484375
9765,-37.72468566894531,144.53436279296875
9766,-37.72465133666992,144.5340118408203
9767,-37.724609375,144.53384399414062
9768,-37.72447967529297,144.53379821777344
9769,-37.71883773803711,144.5354461669922
9770,-37.71921920776367,144.5347137451172
9771,-37.719486236572266,144.53466796875
9772,-37.72180938720703,144.5342559814453
9773,-37.724281311035156,144.53382873535156
9774,-37.68819808959961,144.59197998046875
9775,-37.6882438659668,144.59182739257812
9776,-37.68840408325195,144.5874481201172
9777,-37.68844985961914,144.58592224121094
9778,-37.68845748901367,144.58560180664062
9779,-37.72932815551758,144.5415496826172
9780,-37.73038864135742,144.5512237548828
9781,-37.699005126953125,144.575927734375
9782,-37.69923400878906,144.57778930664062
9783,-37.69931411743164,144.57843017578125
9784,-37.69938659667969,144.5790252685547
9785,-37.699398040771484,144.57913208007812
9786,-37.699405670166016,144.5791778564453
9787,-37.699562072753906,144.58045959472656
9788,-37.69947814941406,144.57911682128906
9789,-37.701324462890625,144.57876586914062
9790,-37.699588775634766,144.58055114746094
9791,-37.69966506958008,144.5806121826172
9792,-37.69976043701172,144.58067321777344
9793,-37.69987869262695,144.5806884765625
9794,-37.700340270996094,144.58071899414062
9795,-37.7004508972168,144.58070373535156
9796,-37.70056915283203,144.5806427001953
9797,-37.70106887817383,144.57981872558594
9798,-37.701263427734375,144.5796356201172
9799,-37.70172882080078,144.57931518554688
9800,-37.702056884765625,144.57876586914062
9801,-37.70225524902344,144.5784454345703
9802,-37.70232391357422,144.5783233642578
9803,-37.702362060546875,144.57821655273438
9804,-37.70238494873047,144.57814025878906
9805,-37.70233154296875,144.57623291015625
9806,-37.701171875,144.5764617919922
9807,-37.70335388183594,144.5782012939453
9808,-37.70334243774414,144.5780792236328
9809,-37.70332336425781,144.57791137695312
9810,-37.703311920166016,144.57772827148438
9811,-37.70329284667969,144.5775146484375
9812,-37.70304870605469,144.5753936767578
9813,-37.68646240234375,144.59193420410156
9814,-37.68659210205078,144.5919647216797
9815,-37.68798828125,144.592041015625
9816,-37.6880989074707,144.59205627441406
9817,-37.68293762207031,144.58770751953125
9818,-37.68313980102539,144.58746337890625
9819,-37.68315124511719,144.58721923828125
9820,-37.68318176269531,144.58639526367188
9821,-37.68302536010742,144.58615112304688
9822,-37.68288040161133,144.58763122558594
9823,-37.65640640258789,144.6123046875
9824,-37.656089782714844,144.61135864257812
9825,-37.6561279296875,144.61163330078125
9826,-37.656185150146484,144.6117706298828
9827,-37.656280517578125,144.61190795898438
9828,-37.65633010864258,144.61199951171875
9829,-37.65635299682617,144.6121063232422
9830,-37.656375885009766,144.6121826171875
9831,-37.67777633666992,144.56954956054688
9832,-37.67781448364258,144.56956481933594
9833,-37.6778564453125,144.569580078125
9834,-37.67790222167969,144.56956481933594
9835,-37.677940368652344,144.5695343017578
9836,-37.6779670715332,144.5695037841797
9837,-37.677978515625,144.56944274902344
9838,-37.677982330322266,144.56939697265625
9839,-37.67797088623047,144.56935119628906
9840,-37.677947998046875,144.56930541992188
9841,-37.677913665771484,144.56927490234375
9842,-37.67790222167969,144.5692596435547
9843,-37.67786407470703,144.5692596435547
9844,-37.677825927734375,144.5692596435547
9845,-37.677791595458984,144.56927490234375
9846,-37.67776107788086,144.56930541992188
9847,-37.677738189697266,144.56935119628906
9848,-37.67772674560547,144.56939697265625
9849,-37.67772674560547,144.5694580078125
9850,-37.6777458190918,144.5695037841797
9851,-37.67756271362305,144.56939697265625
9852,-37.67722702026367,144.5694580078125
9853,-37.676578521728516,144.56959533691406
9854,-37.675315856933594,144.56982421875
9855,-37.67403030395508,144.57008361816406
9856,-37.67393112182617,144.57009887695312
9857,-37.673240661621094,144.57022094726562
9858,-37.67319869995117,144.57022094726562
9859,-37.70582580566406,144.5756378173828
9860,-37.705806732177734,144.57562255859375
9861,-37.70579147338867,144.57559204101562
9862,-37.70577621459961,144.5755615234375
9863,-37.705665588378906,144.5746612548828
9864,-37.705657958984375,144.57461547851562
9865,-37.70387268066406,144.5749053955078
9866,-37.70388412475586,144.57501220703125
9867,-37.704078674316406,144.57664489746094
9868,-37.70412063598633,144.576904296875
9869,-37.70416259765625,144.57716369628906
9870,-37.7042121887207,144.57740783691406
9871,-37.704261779785156,144.57763671875
9872,-37.704368591308594,144.57806396484375
9873,-37.70452117919922,144.57864379882812
9874,-37.70899200439453,144.57118225097656
9875,-37.71067428588867,144.5708465576172
9876,-37.710716247558594,144.57083129882812
9877,-37.70863723754883,144.5679168701172
9878,-37.70938491821289,144.56777954101562
9879,-37.7094841003418,144.56771850585938
9880,-37.70954895019531,144.56764221191406
9881,-37.70940017700195,144.5679168701172
9882,-37.71126174926758,144.5642852783203
9883,-37.71127700805664,144.56446838378906
9884,-37.71127700805664,144.56455993652344
9885,-37.711246490478516,144.56463623046875
9886,-37.71057891845703,144.5657958984375
9887,-37.71015930175781,144.56646728515625
9888,-37.70929718017578,144.56668090820312
9889,-37.710514068603516,144.5657196044922
9890,-37.71028518676758,144.5655059814453
9891,-37.710208892822266,144.5654754638672
9892,-37.71013259887695,144.56544494628906
9893,-37.709861755371094,144.5655059814453
9894,-37.712894439697266,144.55657958984375
9895,-37.712711334228516,144.55661010742188
9896,-37.712677001953125,144.55662536621094
9897,-37.71258544921875,144.556640625
9898,-37.71247100830078,144.55667114257812
9899,-37.71236801147461,144.5567169189453
9900,-37.7122688293457,144.5567626953125
9901,-37.7121467590332,144.5568389892578
9902,-37.712032318115234,144.55691528320312
9903,-37.7119140625,144.55702209472656
9904,-37.71181106567383,144.55711364746094
9905,-37.71172332763672,144.55722045898438
9906,-37.71162796020508,144.5573272705078
9907,-37.71128845214844,144.5577850341797
9908,-37.710792541503906,144.55844116210938
9909,-37.71060562133789,144.55868530273438
9910,-37.71019744873047,144.55923461914062
9911,-37.71018600463867,144.5592498779297
9912,-37.71017074584961,144.5592803955078
9913,-37.710166931152344,144.55931091308594
9914,-37.71017074584961,144.55934143066406
9915,-37.71017074584961,144.55934143066406
9916,-37.710182189941406,144.55938720703125
9917,-37.71045684814453,144.5598602294922
9918,-37.71046447753906,144.55987548828125
9919,-37.71046447753906,144.55990600585938
9920,-37.71046447753906,144.5599365234375
9921,-37.71045684814453,144.55995178222656
9922,-37.710445404052734,144.55996704101562
9923,-37.71041488647461,144.55999755859375
9924,-37.709781646728516,144.56057739257812
9925,-37.70919418334961,144.56109619140625
9926,-37.70895767211914,144.56130981445312
9927,-37.70880889892578,144.5614471435547
9928,-37.70852279663086,144.56175231933594
9929,-37.708351135253906,144.56195068359375
9930,-37.70811080932617,144.56222534179688
9931,-37.7080192565918,144.56236267089844
9932,-37.70796203613281,144.56251525878906
9933,-37.707923889160156,144.5626983642578
9934,-37.70791244506836,144.5628662109375
9935,-37.707984924316406,144.5634002685547
9936,-37.70799255371094,144.56346130371094
9937,-37.70801544189453,144.56362915039062
9938,-37.70809555053711,144.56369018554688
9939,-37.70808029174805,144.5636749267578
9940,-37.70806121826172,144.5636444091797
9941,-37.70804214477539,144.5636444091797
9942,-37.70798873901367,144.5636444091797
9943,-37.70796585083008,144.56365966796875
9944,-37.70794677734375,144.56369018554688
9945,-37.70793914794922,144.563720703125
9946,-37.70794677734375,144.56378173828125
9947,-37.70796203613281,144.56381225585938
9948,-37.707984924316406,144.56382751464844
9949,-37.7080078125,144.5638427734375
9950,-37.70805740356445,144.56382751464844
9951,-37.70807647705078,144.56381225585938
9952,-37.708091735839844,144.56378173828125
9953,-37.708099365234375,144.56375122070312
9954,-37.70784378051758,144.5628662109375
9955,-37.7074089050293,144.5629425048828
9956,-37.70722961425781,144.5629425048828
9957,-37.70700454711914,144.56297302246094
9958,-37.706546783447266,144.56312561035156
9959,-37.7064323425293,144.563232421875
9960,-37.70722198486328,144.56251525878906
9961,-37.707157135009766,144.56234741210938
9962,-37.70830535888672,144.5618896484375
9963,-37.70820999145508,144.56175231933594
9964,-37.708003997802734,144.56146240234375
9965,-37.707794189453125,144.56124877929688
9966,-37.708587646484375,144.56187438964844
9967,-37.70868682861328,144.56201171875
9968,-37.70879364013672,144.56214904785156
9969,-37.708824157714844,144.56224060058594
9970,-37.70881271362305,144.5624542236328
9971,-37.704708099365234,144.5644989013672
9972,-37.70472717285156,144.56448364257812
9973,-37.704742431640625,144.564453125
9974,-37.704750061035156,144.56442260742188
9975,-37.704742431640625,144.56436157226562
9976,-37.7047233581543,144.5643310546875
9977,-37.7047004699707,144.56431579589844
9978,-37.704673767089844,144.56430053710938
9979,-37.704647064208984,144.56431579589844
9980,-37.704620361328125,144.5643310546875
9981,-37.7046012878418,144.56434631347656
9982,-37.70458984375,144.5643768310547
9983,-37.70459747314453,144.564453125
9984,-37.704612731933594,144.56448364257812
9985,-37.70463180541992,144.5644989013672
9986,-37.70465850830078,144.56451416015625
9987,-37.682945251464844,144.5501251220703
9988,-37.68297576904297,144.55014038085938
9989,-37.683006286621094,144.55014038085938
9990,-37.68303298950195,144.5501251220703
9991,-37.68305587768555,144.55010986328125
9992,-37.683074951171875,144.55006408691406
9993,-37.68307876586914,144.54998779296875
9994,-37.68306350708008,144.54995727539062
9995,-37.683040618896484,144.5499267578125
9996,-37.682987213134766,144.54991149902344
9997,-37.68296432495117,144.54991149902344
9998,-37.68294143676758,144.5499267578125
9999,-37.68290710449219,144.5499725341797
10000,-37.682899475097656,144.5500030517578
10001,-37.682899475097656,144.55003356933594
10002,-37.68292236328125,144.55010986328125
10003,-37.66804885864258,144.55433654785156
10004,-37.668540954589844,144.55422973632812
10005,-37.668670654296875,144.55422973632812
10006,-37.668758392333984,144.55426025390625
10007,-37.668861389160156,144.55430603027344
10008,-37.66893005371094,144.5543670654297
10009,-37.66899108886719,144.55445861816406
10010,-37.669315338134766,144.5550079345703
10011,-37.66936111450195,144.5551300048828
10012,-37.66938018798828,144.55523681640625
10013,-37.683502197265625,144.56094360351562
10014,-37.68354034423828,144.5610809326172
10015,-37.68357849121094,144.56129455566406
10016,-37.6835823059082,144.56141662597656
10017,-37.683563232421875,144.56161499023438
10018,-37.68349075317383,144.56179809570312
10019,-37.68117141723633,144.561279296875
10020,-37.68140411376953,144.56103515625
10021,-37.67752456665039,144.56663513183594
10022,-37.67757034301758,144.56692504882812
10023,-37.67764663696289,144.5675506591797
10024,-37.677677154541016,144.5677947998047
10025,-37.67770004272461,144.5679931640625
10026,-37.67770767211914,144.56808471679688
10027,-37.677711486816406,144.56820678710938
10028,-37.67349624633789,144.57440185546875
10029,-37.6734504699707,144.57437133789062
10030,-37.67341613769531,144.57435607910156
10031,-37.67337417602539,144.57435607910156
10032,-37.673343658447266,144.57437133789062
10033,-37.67333221435547,144.5744171142578
10034,-37.67268371582031,144.5703125
10035,-37.672550201416016,144.5703582763672
10036,-37.672332763671875,144.5704345703125
10037,-37.671993255615234,144.57058715820312
10038,-37.67266845703125,144.57049560546875
10039,-37.672691345214844,144.5704803466797
10040,-37.67271423339844,144.5704803466797
10041,-37.672813415527344,144.5704803466797
10042,-37.672889709472656,144.57005310058594
10043,-37.672882080078125,144.57009887695312
10044,-37.67285919189453,144.57020568847656
10045,-37.6729736328125,144.57020568847656
10046,-37.67298126220703,144.5701141357422
10047,-37.6729621887207,144.57003784179688
10048,-37.67295837402344,144.57003784179688
10049,-37.672935485839844,144.56996154785156
10050,-37.67303466796875,144.57044982910156
10051,-37.67304992675781,144.5703887939453
10052,-37.67304992675781,144.57034301757812
10053,-37.673038482666016,144.57029724121094
10054,-37.67301559448242,144.57025146484375
10055,-37.672996520996094,144.57022094726562
10056,-37.672935485839844,144.5701904296875
10057,-37.67289733886719,144.5701904296875
10058,-37.672821044921875,144.5702362060547
10059,-37.67279052734375,144.57028198242188
10060,-37.67277526855469,144.57032775878906
10061,-37.67277526855469,144.5703887939453
10062,-37.67279052734375,144.5704345703125
10063,-37.67289352416992,144.57054138183594
10064,-37.67293930053711,144.57054138183594
10065,-37.672977447509766,144.5705108642578
10066,-37.677696228027344,144.5682830810547
10067,-37.677696228027344,144.56837463378906
10068,-37.67770767211914,144.56845092773438
10069,-37.6777458190918,144.56881713867188
10070,-37.67777633666992,144.56907653808594
10071,-37.67778015136719,144.56912231445312
10072,-37.67778015136719,144.5691680908203
10073,-37.67777633666992,144.5692138671875
10074,-37.677879333496094,144.5691680908203
10075,-37.677860260009766,144.56907653808594
10076,-37.677852630615234,144.56903076171875
10077,-37.677757263183594,144.5682830810547
10078,-37.677738189697266,144.5682373046875
10079,-37.67747116088867,144.5666046142578
10080,-37.67748260498047,144.56661987304688
10081,-37.677494049072266,144.56661987304688
10082,-37.67750930786133,144.56663513183594
10083,-37.67753982543945,144.56661987304688
10084,-37.67755126953125,144.5666046142578
10085,-37.67755889892578,144.56658935546875
10086,-37.67755889892578,144.5665740966797
10087,-37.677555084228516,144.56654357910156
10088,-37.677547454833984,144.5665283203125
10089,-37.67753601074219,144.56651306152344
10090,-37.677520751953125,144.56651306152344
10091,-37.67750549316406,144.56651306152344
10092,-37.677490234375,144.56651306152344
10093,-37.6774787902832,144.5665283203125
10094,-37.67747116088867,144.56654357910156
10095,-37.677467346191406,144.5665740966797
10096,-37.67422866821289,144.5808868408203
10097,-37.67417907714844,144.58091735839844
10098,-37.67416000366211,144.5809326171875
10099,-37.674015045166016,144.5791473388672
10100,-37.674072265625,144.57913208007812
10101,-37.66994094848633,144.58706665039062
10102,-37.669830322265625,144.58705139160156
10103,-37.66947937011719,144.58694458007812
10104,-37.66931915283203,144.58692932128906
10105,-37.66887664794922,144.58700561523438
10106,-37.668792724609375,144.58688354492188
10107,-37.668827056884766,144.58712768554688
10108,-37.66984939575195,144.58816528320312
10109,-37.669742584228516,144.58815002441406
10110,-37.66960906982422,144.58807373046875
10111,-37.669464111328125,144.58795166015625
10112,-37.66933059692383,144.58790588378906
10113,-37.66918182373047,144.58787536621094
10114,-37.66897964477539,144.58792114257812
10115,-37.66891098022461,144.58779907226562
10116,-37.66892623901367,144.58804321289062
10117,-37.66813659667969,144.58938598632812
10118,-37.66815948486328,144.58938598632812
10119,-37.66817855834961,144.58938598632812
10120,-37.66819763183594,144.58937072753906
10121,-37.668212890625,144.58935546875
10122,-37.6682243347168,144.58934020996094
10123,-37.66822814941406,144.5893096923828
10124,-37.6682243347168,144.5892791748047
10125,-37.668212890625,144.58926391601562
10126,-37.66819763183594,144.58924865722656
10127,-37.66817855834961,144.5892333984375
10128,-37.668155670166016,144.5892333984375
10129,-37.66813659667969,144.5892333984375
10130,-37.66810989379883,144.5892791748047
10131,-37.6681022644043,144.58929443359375
10132,-37.6681022644043,144.58932495117188
10133,-37.66810989379883,144.58934020996094
10134,-37.6700439453125,144.58932495117188
10135,-37.6699333190918,144.58937072753906
10136,-37.66981887817383,144.58937072753906
10137,-37.669700622558594,144.58934020996094
10138,-37.66912841796875,144.5888671875
10139,-37.66908645629883,144.5886993408203
10140,-37.66911697387695,144.58877563476562
10141,-37.669010162353516,144.5889434814453
10142,-37.6705322265625,144.58999633789062
10143,-37.67063522338867,144.58998107910156
10144,-37.67076873779297,144.5899658203125
10145,-37.67085266113281,144.5899200439453
10146,-37.67107009887695,144.5897674560547
10147,-37.67109680175781,144.5894775390625
10148,-37.67108154296875,144.5894775390625
10149,-37.67107391357422,144.58949279785156
10150,-37.67106628417969,144.5895233154297
10151,-37.6711540222168,144.58987426757812
10152,-37.671165466308594,144.58987426757812
10153,-37.671173095703125,144.58987426757812
10154,-37.671180725097656,144.58985900878906
10155,-37.67329025268555,144.5913543701172
10156,-37.67320251464844,144.59104919433594
10157,-37.67313003540039,144.5908203125
10158,-37.67304992675781,144.59066772460938
10159,-37.67296600341797,144.5905303955078
10160,-37.672943115234375,144.5904998779297
10161,-37.672977447509766,144.59027099609375
10162,-37.672996520996094,144.59031677246094
10163,-37.672996520996094,144.59036254882812
10164,-37.67286682128906,144.590576171875
10165,-37.67277145385742,144.59060668945312
10166,-37.672725677490234,144.59060668945312
10167,-37.67269515991211,144.59059143066406
10168,-37.67367172241211,144.5888214111328
10169,-37.67354965209961,144.58885192871094
10170,-37.67344665527344,144.58885192871094
10171,-37.67346954345703,144.58848571777344
10172,-37.673500061035156,144.5885009765625
10173,-37.673526763916016,144.5885467529297
10174,-37.67349624633789,144.58905029296875
10175,-37.673458099365234,144.58909606933594
10176,-37.67340850830078,144.589111328125
10177,-37.6726188659668,144.5918731689453
10178,-37.67254638671875,144.59173583984375
10179,-37.67249298095703,144.59156799316406
10180,-37.67240905761719,144.5911102294922
10181,-37.67243957519531,144.5908203125
10182,-37.67246627807617,144.5908966064453
10183,-37.672447204589844,144.59095764160156
10184,-37.67242431640625,144.59104919433594
10185,-37.67236328125,144.59120178222656
10186,-37.672237396240234,144.5912628173828
10187,-37.67026901245117,144.55763244628906
10188,-37.67017364501953,144.55767822265625
10189,-37.669925689697266,144.5578155517578
10190,-37.669700622558594,144.55792236328125
10191,-37.66948318481445,144.55796813964844
10192,-37.66858673095703,144.5581817626953
10193,-37.66831588745117,144.55819702148438
10194,-37.66802215576172,144.55824279785156
10195,-37.66792297363281,144.55825805664062
10196,-37.667579650878906,144.55831909179688
10197,-37.66691970825195,144.55845642089844
10198,-37.66659164428711,144.55850219726562
10199,-37.66636276245117,144.5585479736328
10200,-37.66633987426758,144.5585479736328
10201,-37.666316986083984,144.5585479736328
10202,-37.67056655883789,144.56103515625
10203,-37.670387268066406,144.55953979492188
10204,-37.67036437988281,144.55929565429688
10205,-37.67031478881836,144.5591583251953
10206,-37.67019271850586,144.55905151367188
10207,-37.67005920410156,144.55905151367188
10208,-37.66954803466797,144.55917358398438
10209,-37.67610549926758,144.56204223632812
10210,-37.67603302001953,144.56207275390625
10211,-37.67572021484375,144.5621337890625
10212,-37.675819396972656,144.5638427734375
10213,-37.675777435302734,144.56353759765625
10214,-37.6756591796875,144.5631866455078
10215,-37.67556381225586,144.56300354003906
10216,-37.67325210571289,144.56381225585938
10217,-37.67349624633789,144.56369018554688
10218,-37.679901123046875,144.56053161621094
10219,-37.679805755615234,144.56089782714844
10220,-37.680728912353516,144.56097412109375
10221,-37.68056106567383,144.5613250732422
10222,-37.678627014160156,144.56060791015625
10223,-37.678524017333984,144.56044006347656
10224,-37.67799758911133,144.5654296875
10225,-37.6781120300293,144.56594848632812
10226,-37.678157806396484,144.56907653808594
10227,-37.67985534667969,144.56875610351562
10228,-37.68033981323242,144.56866455078125
10229,-37.68070602416992,144.568603515625
10230,-37.6811637878418,144.56851196289062
10231,-37.681888580322266,144.56837463378906
10232,-37.681941986083984,144.568359375
10233,-37.68198013305664,144.568359375
10234,-37.68217468261719,144.5683135986328
10235,-37.68248748779297,144.56826782226562
10236,-37.680294036865234,144.5687255859375
10237,-37.68025588989258,144.56881713867188
10238,-37.681922912597656,144.5685577392578
10239,-37.67615509033203,144.5669403076172
10240,-37.67610549926758,144.56668090820312
10241,-37.67597579956055,144.56637573242188
10242,-37.67695617675781,144.57447814941406
10243,-37.67611312866211,144.5791778564453
10244,-37.676517486572266,144.58251953125
10245,-37.676536560058594,144.58267211914062
10246,-37.67665100097656,144.58355712890625
10247,-37.67530059814453,144.58274841308594
10248,-37.67520523071289,144.58197021484375
10249,-37.683753967285156,144.5775146484375
10250,-37.68381118774414,144.5774383544922
10251,-37.68385696411133,144.57728576660156
10252,-37.68389129638672,144.5768585205078
10253,-37.68390655517578,144.57666015625
10254,-37.6839714050293,144.57583618164062
10255,-37.683963775634766,144.5757598876953
10256,-37.68391036987305,144.57566833496094
10257,-37.68360900878906,144.5783233642578
10258,-37.68366622924805,144.5781707763672
10259,-37.68370819091797,144.57809448242188
10260,-37.683712005615234,144.57809448242188
10261,-37.683780670166016,144.5780487060547
10262,-37.683937072753906,144.57798767089844
10263,-37.68933868408203,144.5830535888672
10264,-37.688438415527344,144.583251953125
10265,-37.68775177001953,144.5833740234375
10266,-37.68737030029297,144.58346557617188
10267,-37.68709182739258,144.58351135253906
10268,-37.686954498291016,144.58351135253906
10269,-37.68684387207031,144.58351135253906
10270,-37.68604278564453,144.58340454101562
10271,-37.68561553955078,144.58335876464844
10272,-37.68559646606445,144.58335876464844
10273,-37.685543060302734,144.58335876464844
10274,-37.68503189086914,144.5832977294922
10275,-37.68466567993164,144.583251953125
10276,-37.67604064941406,144.58827209472656
10277,-37.675498962402344,144.583984375
10278,-37.67549133300781,144.5839385986328
10279,-37.674686431884766,144.5859832763672
10280,-37.675010681152344,144.5885467529297
10281,-37.67509841918945,144.58924865722656
10282,-37.67340087890625,144.58978271484375
10283,-37.6733512878418,144.58975219726562
10284,-37.67330551147461,144.58950805664062
10285,-37.67334747314453,144.5895538330078
10286,-37.673362731933594,144.589599609375
10287,-37.673255920410156,144.58987426757812
10288,-37.673213958740234,144.58987426757812
10289,-37.673160552978516,144.58985900878906
10290,-37.66304016113281,144.5925750732422
10291,-37.663028717041016,144.59197998046875
10292,-37.6629524230957,144.59130859375
10293,-37.663734436035156,144.59274291992188
10294,-37.66374969482422,144.5926513671875
10295,-37.663841247558594,144.5921630859375
10296,-37.663856506347656,144.59201049804688
10297,-37.663848876953125,144.59190368652344
10298,-37.66374969482422,144.59117126464844
10299,-37.66333770751953,144.5997772216797
10300,-37.662132263183594,144.6000213623047
10301,-37.66143035888672,144.6002655029297
10302,-37.66139602661133,144.6002655029297
10303,-37.66055679321289,144.60043334960938
10304,-37.66050338745117,144.60044860839844
10305,-37.660465240478516,144.6005096435547
10306,-37.66496276855469,144.59432983398438
10307,-37.664913177490234,144.5946044921875
10308,-37.6649169921875,144.5947265625
10309,-37.68414306640625,144.56455993652344
10310,-37.68423843383789,144.5632781982422
10311,-37.684329986572266,144.56173706054688
10312,-37.68452835083008,144.55885314941406
10313,-37.68471908569336,144.55616760253906
10314,-37.71534729003906,144.5897216796875
10315,-37.71525955200195,144.5889434814453
10316,-37.7151985168457,144.58840942382812
10317,-37.71515655517578,144.5880126953125
10318,-37.71507263183594,144.58729553222656
10319,-37.71609115600586,144.5952606201172
10320,-37.71604919433594,144.59524536132812
10321,-37.716007232666016,144.59524536132812
10322,-37.715965270996094,144.59524536132812
10323,-37.71592330932617,144.59527587890625
10324,-37.71589279174805,144.59530639648438
10325,-37.715999603271484,144.59591674804688
10326,-37.71601486206055,144.59596252441406
10327,-37.716068267822266,144.59632873535156
10328,-37.716094970703125,144.5966796875
10329,-37.71616744995117,144.5972900390625
10330,-37.716251373291016,144.59803771972656
10331,-37.71625900268555,144.59811401367188
10332,-37.716583251953125,144.59996032714844
10333,-37.71657180786133,144.599853515625
10334,-37.7165641784668,144.59979248046875
10335,-37.71647644042969,144.59918212890625
10336,-37.71803283691406,144.59507751464844
10337,-37.718048095703125,144.59519958496094
10338,-37.718143463134766,144.5960235595703
10339,-37.718204498291016,144.5965576171875
10340,-37.718223571777344,144.5967559814453
10341,-37.718231201171875,144.59681701660156
10342,-37.718223571777344,144.59686279296875
10343,-37.718204498291016,144.59689331054688
10344,-37.718177795410156,144.596923828125
10345,-37.7181282043457,144.59693908691406
10346,-37.716957092285156,144.59715270996094
10347,-37.71678161621094,144.59718322753906
10348,-37.71668243408203,144.59719848632812
10349,-37.71653747558594,144.59722900390625
10350,-37.716331481933594,144.59725952148438
10351,-37.716251373291016,144.59727478027344
10352,-37.71656799316406,144.5953369140625
10353,-37.71658706665039,144.595458984375
10354,-37.716678619384766,144.59628295898438
10355,-37.7166862487793,144.59637451171875
10356,-37.71669387817383,144.596435546875
10357,-37.71674728393555,144.59689331054688
10358,-37.716766357421875,144.59706115722656
10359,-37.71674346923828,144.5962677001953
10360,-37.718074798583984,144.59603881835938
10361,-37.71696853637695,144.59722900390625
10362,-37.717044830322266,144.59788513183594
10363,-37.71705627441406,144.597900390625
10364,-37.717063903808594,144.59793090820312
10365,-37.71708679199219,144.5979461669922
10366,-37.71711730957031,144.59796142578125
10367,-37.71714782714844,144.59796142578125
10368,-37.71760940551758,144.59788513183594
10369,-37.699317932128906,144.56541442871094
10370,-37.701107025146484,144.56503295898438
10371,-37.70137023925781,144.5649871826172
10372,-37.70124053955078,144.56488037109375
10373,-37.70039749145508,144.56503295898438
10374,-37.69961929321289,144.56517028808594
10375,-37.699607849121094,144.56517028808594
10376,-37.69572067260742,144.56591796875
10377,-37.69566345214844,144.56593322753906
10378,-37.69554901123047,144.56597900390625
10379,-37.695396423339844,144.56600952148438
10380,-37.6953239440918,144.56602478027344
10381,-37.69526290893555,144.56602478027344
10382,-37.69907760620117,144.56549072265625
10383,-37.69911193847656,144.5654754638672
10384,-37.69913864135742,144.56544494628906
10385,-37.699161529541016,144.56541442871094
10386,-37.69917297363281,144.56536865234375
10387,-37.69917297363281,144.56532287597656
10388,-37.699161529541016,144.56529235839844
10389,-37.69914245605469,144.56524658203125
10390,-37.69911193847656,144.5652313232422
10391,-37.69908142089844,144.56521606445312
10392,-37.69902420043945,144.5652313232422
10393,-37.69900131225586,144.56524658203125
10394,-37.69898223876953,144.5652618408203
10395,-37.6989631652832,144.5653076171875
10396,-37.69895935058594,144.5653533935547
10397,-37.6989631652832,144.56539916992188
10398,-37.6989860534668,144.56544494628906
10399,-37.699012756347656,144.5654754638672
10400,-37.69904708862305,144.56549072265625
10401,-37.6879768371582,144.5675811767578
10402,-37.6881103515625,144.567626953125
10403,-37.688201904296875,144.56765747070312
10404,-37.68828582763672,144.56768798828125
10405,-37.68837356567383,144.56773376464844
10406,-37.688472747802734,144.56781005859375
10407,-37.68863296508789,144.56790161132812
10408,-37.694068908691406,144.5842742919922
10409,-37.69029998779297,144.56649780273438
10410,-37.690101623535156,144.5648651123047
10411,-37.6896858215332,144.56082153320312
10412,-37.68950271606445,144.55909729003906
10413,-37.689083099365234,144.5548553466797
10414,-37.68825912475586,144.5465087890625
10415,-37.68749237060547,144.53897094726562
10416,-37.68708801269531,144.53512573242188
10417,-37.68696975708008,144.53396606445312
10418,-37.69533157348633,144.60501098632812
10419,-37.69535446166992,144.6056365966797
10420,-37.69538879394531,144.60635375976562
10421,-37.69542694091797,144.60678100585938
10422,-37.695472717285156,144.60736083984375
10423,-37.69553756713867,144.60789489746094
10424,-37.69559097290039,144.60830688476562
10425,-37.6956672668457,144.60879516601562
10426,-37.69575881958008,144.60928344726562
10427,-37.695865631103516,144.60975646972656
10428,-37.69595718383789,144.61013793945312
10429,-37.69606399536133,144.61053466796875
10430,-37.696197509765625,144.61099243164062
10431,-37.69631576538086,144.6114044189453
10432,-37.69645309448242,144.61183166503906
10433,-37.696590423583984,144.6122283935547
10434,-37.69675827026367,144.61265563964844
10435,-37.693843841552734,144.5845489501953
10436,-37.69402313232422,144.58523559570312
10437,-37.69525909423828,144.56614685058594
10438,-37.695274353027344,144.5661163330078
10439,-37.695274353027344,144.56605529785156
10440,-37.69524383544922,144.56600952148438
10441,-37.6952018737793,144.56600952148438
10442,-37.69511413574219,144.56605529785156
10443,-37.695091247558594,144.5660858154297
10444,-37.6950798034668,144.56614685058594
10445,-37.69508361816406,144.56617736816406
10446,-37.695098876953125,144.5662078857422
10447,-37.69514083862305,144.5662384033203
10448,-37.69519805908203,144.56622314453125
10449,-37.695011138916016,144.5648193359375
10450,-37.69509506225586,144.5652618408203
10451,-37.69518280029297,144.56576538085938
10452,-37.6951904296875,144.56585693359375
10453,-37.69502639770508,144.56480407714844
10454,-37.695037841796875,144.56478881835938
10455,-37.69504928588867,144.5647735595703
10456,-37.69505310058594,144.56475830078125
10457,-37.695045471191406,144.56471252441406
10458,-37.695037841796875,144.564697265625
10459,-37.69502258300781,144.56468200683594
10460,-37.69500732421875,144.56468200683594
10461,-37.69498825073242,144.56466674804688
10462,-37.69497299194336,144.56468200683594
10463,-37.6949577331543,144.564697265625
10464,-37.6949462890625,144.56471252441406
10465,-37.69493865966797,144.56472778320312
10466,-37.69493865966797,144.56475830078125
10467,-37.6949462890625,144.5647735595703
10468,-37.6949577331543,144.56480407714844
10469,-37.69497299194336,144.56480407714844
10470,-37.69499206542969,144.5648193359375
10471,-37.701812744140625,144.56495666503906
10472,-37.701839447021484,144.56492614746094
10473,-37.70185470581055,144.5648956298828
10474,-37.70185852050781,144.56480407714844
10475,-37.70184326171875,144.5647735595703
10476,-37.701820373535156,144.5647430419922
10477,-37.7017936706543,144.56472778320312
10478,-37.70176315307617,144.56471252441406
10479,-37.70172882080078,144.56472778320312
10480,-37.701698303222656,144.5647430419922
10481,-37.7016716003418,144.5647735595703
10482,-37.701656341552734,144.5648193359375
10483,-37.70165252685547,144.5648651123047
10484,-37.701663970947266,144.5648956298828
10485,-37.701683044433594,144.56494140625
10486,-37.70170974731445,144.56497192382812
10487,-37.701744079589844,144.5649871826172
10488,-37.711578369140625,144.5629425048828
10489,-37.711524963378906,144.56248474121094
10490,-37.711483001708984,144.56198120117188
10491,-37.71147537231445,144.5618133544922
10492,-37.711456298828125,144.56167602539062
10493,-37.711421966552734,144.56155395507812
10494,-37.71138381958008,144.5614471435547
10495,-37.71131896972656,144.561279296875
10496,-37.71102523803711,144.5608367919922
10497,-37.7105827331543,144.56005859375
10498,-37.710548400878906,144.5600128173828
10499,-37.71052551269531,144.55999755859375
10500,-37.71143341064453,144.56199645996094
10501,-37.71082305908203,144.56210327148438
10502,-37.710758209228516,144.56210327148438
10503,-37.710693359375,144.5620574951172
10504,-37.710304260253906,144.56137084960938
10505,-37.711368560791016,144.5612335205078
10506,-37.71182632446289,144.56082153320312
10507,-37.71186828613281,144.56072998046875
10508,-37.711891174316406,144.56063842773438
10509,-37.711891174316406,144.56053161621094
10510,-37.71187210083008,144.56045532226562
10511,-37.71163558959961,144.5600128173828
10512,-37.69905471801758,144.56556701660156
10513,-37.69910430908203,144.56593322753906
10514,-37.699134826660156,144.56576538085938
10515,-37.699119567871094,144.5655517578125
10516,-37.699100494384766,144.56614685058594
10517,-37.69917678833008,144.56689453125
10518,-37.69927978515625,144.57041931152344
10519,-37.69932556152344,144.57046508789062
10520,-37.699493408203125,144.5705108642578
10521,-37.699546813964844,144.5704803466797
10522,-37.69959259033203,144.57041931152344
10523,-37.699615478515625,144.5703582763672
10524,-37.699615478515625,144.5702667236328
10525,-37.699581146240234,144.57005310058594
10526,-37.69951629638672,144.569580078125
10527,-37.69952392578125,144.56948852539062
10528,-37.699493408203125,144.56918334960938
10529,-37.69945526123047,144.56900024414062
10530,-37.69939422607422,144.56857299804688
10531,-37.69939422607422,144.5684814453125
10532,-37.69942092895508,144.56842041015625
10533,-37.69951248168945,144.56814575195312
10534,-37.69953155517578,144.5680694580078
10535,-37.69953155517578,144.56797790527344
10536,-37.699485778808594,144.56759643554688
10537,-37.69947814941406,144.56748962402344
10538,-37.699462890625,144.56724548339844
10539,-37.69944763183594,144.567138671875
10540,-37.699398040771484,144.5670928955078
10541,-37.6992301940918,144.5669708251953
10542,-37.69915771484375,144.56700134277344
10543,-37.69916915893555,144.5670166015625
10544,-37.69918441772461,144.5670166015625
10545,-37.69919967651367,144.5670166015625
10546,-37.699214935302734,144.56700134277344
10547,-37.699222564697266,144.56698608398438
10548,-37.69923400878906,144.56695556640625
10549,-37.69923400878906,144.5669403076172
10550,-37.6992301940918,144.56692504882812
10551,-37.69921875,144.56690979003906
10552,-37.6992073059082,144.56689453125
10553,-37.69919204711914,144.56689453125
10554,-37.699161529541016,144.56689453125
10555,-37.69915008544922,144.56690979003906
10556,-37.69914245605469,144.56692504882812
10557,-37.69913864135742,144.56695556640625
10558,-37.69913864135742,144.5669708251953
10559,-37.69914627075195,144.56698608398438
10560,-37.69379806518555,144.55758666992188
10561,-37.693634033203125,144.55636596679688
10562,-37.692935943603516,144.5558319091797
10563,-37.69292449951172,144.5558624267578
10564,-37.69284439086914,144.55618286132812
10565,-37.69276809692383,144.556640625
10566,-37.69275665283203,144.55691528320312
10567,-37.6930046081543,144.55874633789062
10568,-37.693241119384766,144.5597686767578
10569,-37.693294525146484,144.55992126464844
10570,-37.69343185424805,144.56027221679688
10571,-37.692955017089844,144.5558319091797
10572,-37.69297409057617,144.5558319091797
10573,-37.6929931640625,144.55581665039062
10574,-37.69300842285156,144.55580139160156
10575,-37.693023681640625,144.55575561523438
10576,-37.693023681640625,144.55572509765625
10577,-37.69301223754883,144.55569458007812
10578,-37.692996978759766,144.55567932128906
10579,-37.69295883178711,144.5556640625
10580,-37.692935943603516,144.5556640625
10581,-37.69291687011719,144.55567932128906
10582,-37.692901611328125,144.55569458007812
10583,-37.69289016723633,144.55572509765625
10584,-37.69288635253906,144.55575561523438
10585,-37.69289016723633,144.55577087402344
10586,-37.692901611328125,144.55580139160156
10587,-37.69291687011719,144.55581665039062
10588,-37.6937255859375,144.5555419921875
10589,-37.693721771240234,144.55552673339844
10590,-37.6937255859375,144.55543518066406
10591,-37.69375991821289,144.55519104003906
10592,-37.69377899169922,144.55496215820312
10593,-37.69378662109375,144.5546875
10594,-37.693729400634766,144.55422973632812
10595,-37.694541931152344,144.55551147460938
10596,-37.694515228271484,144.55519104003906
10597,-37.694515228271484,144.5550537109375
10598,-37.69451904296875,144.55490112304688
10599,-37.694541931152344,144.55471801757812
10600,-37.69454574584961,144.5545196533203
10601,-37.69449996948242,144.5540771484375
10602,-37.6965217590332,144.55023193359375
10603,-37.69647979736328,144.55052185058594
10604,-37.696475982666016,144.55062866210938
10605,-37.69654846191406,144.55128479003906
10606,-37.69739532470703,144.55081176757812
10607,-37.697303771972656,144.55101013183594
10608,-37.69728088378906,144.55111694335938
10609,-37.697357177734375,144.55174255371094
10610,-37.697357177734375,144.55181884765625
10611,-37.69731521606445,144.5518798828125
10612,-37.69672775268555,144.55198669433594
10613,-37.69668960571289,144.552001953125
10614,-37.69666290283203,144.55203247070312
10615,-37.696651458740234,144.5520477294922
10616,-37.6966438293457,144.55209350585938
10617,-37.6966438293457,144.55213928222656
10618,-37.69673156738281,144.5528106689453
10619,-37.69673538208008,144.5528564453125
10620,-37.696754455566406,144.55291748046875
10621,-37.698463439941406,144.55075073242188
10622,-37.69858169555664,144.55169677734375
10623,-37.69868087768555,144.5525360107422
10624,-37.69814682006836,144.55262756347656
10625,-37.69780731201172,144.5527801513672
10626,-37.69684982299805,144.55294799804688
10627,-37.696807861328125,144.55294799804688
10628,-37.69677734375,144.5529327392578
10629,-37.69744110107422,144.55184936523438
10630,-37.69796371459961,144.5517578125
10631,-37.68840408325195,144.5669708251953
10632,-37.68832778930664,144.5670166015625
10633,-37.68830108642578,144.5670623779297
10634,-37.68827438354492,144.56712341308594
10635,-37.68824768066406,144.5671844482422
10636,-37.68822479248047,144.56724548339844
10637,-37.68820571899414,144.5673065185547
10638,-37.688194274902344,144.5673828125
10639,-37.69200897216797,144.56736755371094
10640,-37.692073822021484,144.56732177734375
10641,-37.69211959838867,144.5672607421875
10642,-37.6921501159668,144.56719970703125
10643,-37.69218063354492,144.56715393066406
10644,-37.69221878051758,144.56707763671875
10645,-37.69224548339844,144.5670166015625
10646,-37.692264556884766,144.56695556640625
10647,-37.692283630371094,144.56687927246094
10648,-37.69230651855469,144.5668182373047
10649,-37.69233703613281,144.56675720214844
10650,-37.69253158569336,144.56654357910156
10651,-37.69242477416992,144.5665283203125
10652,-37.69236373901367,144.56651306152344
10653,-37.692298889160156,144.5664825439453
10654,-37.692230224609375,144.5664520263672
10655,-37.69219970703125,144.56642150878906
10656,-37.692169189453125,144.56640625
10657,-37.692108154296875,144.56634521484375
10658,-37.69196701049805,144.5662078857422
10659,-37.69385528564453,144.6006622314453
10660,-37.69293975830078,144.60125732421875
10661,-37.692020416259766,144.5970458984375
10662,-37.69199752807617,144.59698486328125
10663,-37.69196319580078,144.59693908691406
10664,-37.69192123413086,144.59690856933594
10665,-37.691856384277344,144.59689331054688
10666,-37.69108200073242,144.59701538085938
10667,-37.690982818603516,144.59703063964844
10668,-37.68462371826172,144.6067657470703
10669,-37.68433380126953,144.60665893554688
10670,-37.68429183959961,144.6066131591797
10671,-37.68334197998047,144.60693359375
10672,-37.683258056640625,144.60691833496094
10673,-37.68318557739258,144.6070098876953
10674,-37.68315887451172,144.6071014404297
10675,-37.683170318603516,144.60720825195312
10676,-37.68339538574219,144.6074676513672
10677,-37.70096206665039,144.55824279785156
10678,-37.70083999633789,144.55722045898438
10679,-37.70079803466797,144.55686950683594
10680,-37.70041275024414,144.55369567871094
10681,-37.700164794921875,144.55166625976562
10682,-37.70109176635742,144.55868530273438
10683,-37.701107025146484,144.55865478515625
10684,-37.701114654541016,144.55862426757812
10685,-37.701114654541016,144.55857849121094
10686,-37.70110321044922,144.5585479736328
10687,-37.701087951660156,144.5585174560547
10688,-37.70106506347656,144.55850219726562
10689,-37.7010383605957,144.55848693847656
10690,-37.70100784301758,144.55850219726562
10691,-37.70098114013672,144.55850219726562
10692,-37.700958251953125,144.55853271484375
10693,-37.70094299316406,144.55856323242188
10694,-37.70094680786133,144.5586395263672
10695,-37.70096206665039,144.5586700439453
10696,-37.700984954833984,144.55870056152344
10697,-37.701011657714844,144.5587158203125
10698,-37.70104217529297,144.5587158203125
10699,-37.70106887817383,144.55870056152344
10700,-37.701011657714844,144.55718994140625
10701,-37.70161056518555,144.5570526123047
10702,-37.703956604003906,144.556640625
10703,-37.7032356262207,144.55953979492188
10704,-37.704044342041016,144.55938720703125
10705,-37.7042121887207,144.55934143066406
10706,-37.70444107055664,144.5592041015625
10707,-37.70473861694336,144.5590057373047
10708,-37.70502853393555,144.55865478515625
10709,-37.705223083496094,144.5582733154297
10710,-37.70527267456055,144.55816650390625
10711,-37.70540237426758,144.55763244628906
10712,-37.70541763305664,144.55711364746094
10713,-37.70521545410156,144.55538940429688
10714,-37.70503616333008,144.5538787841797
10715,-37.704952239990234,144.5535430908203
10716,-37.70479965209961,144.5532989501953
10717,-37.70469665527344,144.55320739746094
10718,-37.704559326171875,144.55307006835938
10719,-37.70433044433594,144.5530242919922
10720,-37.704017639160156,144.55300903320312
10721,-37.70271301269531,144.55325317382812
10722,-37.703495025634766,144.56173706054688
10723,-37.70290756225586,144.5549774169922
10724,-37.70478820800781,144.55303955078125
10725,-37.70494842529297,144.55284118652344
10726,-37.70512771606445,144.552734375
10727,-37.705318450927734,144.5526580810547
10728,-37.70550537109375,144.55259704589844
10729,-37.7060661315918,144.5525665283203
10730,-37.70644760131836,144.55227661132812
10731,-37.70772933959961,144.55213928222656
10732,-37.70783233642578,144.55218505859375
10733,-37.70793533325195,144.55224609375
10734,-37.707984924316406,144.55238342285156
10735,-37.708030700683594,144.5525360107422
10736,-37.70802307128906,144.55271911621094
10737,-37.70796585083008,144.55300903320312
10738,-37.70796585083008,144.55322265625
10739,-37.7080078125,144.553466796875
10740,-37.7080078125,144.5535888671875
10741,-37.707923889160156,144.55374145507812
10742,-37.70798110961914,144.5538330078125
10743,-37.708011627197266,144.5539093017578
10744,-37.70802688598633,144.55406188964844
10745,-37.708065032958984,144.554443359375
10746,-37.708152770996094,144.55519104003906
10747,-37.7081413269043,144.5552978515625
10748,-37.708091735839844,144.55535888671875
10749,-37.70695877075195,144.55563354492188
10750,-37.706878662109375,144.5556640625
10751,-37.70683288574219,144.5555877685547
10752,-37.706398010253906,144.55523681640625
10753,-37.706302642822266,144.55517578125
10754,-37.70616149902344,144.55517578125
10755,-37.7088508605957,144.55101013183594
10756,-37.708984375,144.5509490966797
10757,-37.707035064697266,144.5538787841797
10758,-37.7069091796875,144.5538787841797
10759,-37.70661163330078,144.55380249023438
10760,-37.70684051513672,144.5559539794922
10761,-37.70684814453125,144.55612182617188
10762,-37.700313568115234,144.56488037109375
10763,-37.70026779174805,144.56480407714844
10764,-37.700233459472656,144.5644989013672
10765,-37.70024871826172,144.5644073486328
10766,-37.700225830078125,144.56417846679688
10767,-37.70016098022461,144.5635986328125
10768,-37.70048141479492,144.56353759765625
10769,-37.70049285888672,144.5641326904297
10770,-37.70090103149414,144.57530212402344
10771,-37.70092010498047,144.57545471191406
10772,-37.697166442871094,144.5582275390625
10773,-37.69697189331055,144.5580291748047
10774,-37.69691467285156,144.5579071044922
10775,-37.699668884277344,144.5547637939453
10776,-37.69966506958008,144.5547332763672
10777,-37.69957733154297,144.55401611328125
10778,-37.69950866699219,144.553466796875
10779,-37.69947052001953,144.55340576171875
10780,-37.69939041137695,144.5534210205078
10781,-37.699363708496094,144.55348205566406
10782,-37.699432373046875,144.55404663085938
10783,-37.699520111083984,144.5547637939453
10784,-37.69781494140625,144.55368041992188
10785,-37.69778823852539,144.553466796875
10786,-37.69696807861328,144.55397033691406
10787,-37.69690704345703,144.553955078125
10788,-37.69675827026367,144.55397033691406
10789,-37.69670104980469,144.5540313720703
10790,-37.6966438293457,144.55413818359375
10791,-37.69667434692383,144.55393981933594
10792,-37.696590423583984,144.55386352539062
10793,-37.6955451965332,144.547607421875
10794,-37.695743560791016,144.5475616455078
10795,-37.69551086425781,144.54769897460938
10796,-37.695526123046875,144.5476837158203
10797,-37.69554138183594,144.5476531982422
10798,-37.6955451965332,144.54763793945312
10799,-37.69553756713867,144.54757690429688
10800,-37.695526123046875,144.5475616455078
10801,-37.69550704956055,144.5475311279297
10802,-37.69548416137695,144.5475311279297
10803,-37.695438385009766,144.54754638671875
10804,-37.69541931152344,144.5475616455078
10805,-37.69540786743164,144.54759216308594
10806,-37.695404052734375,144.547607421875
10807,-37.69541549682617,144.54766845703125
10808,-37.69542694091797,144.5476837158203
10809,-37.6954460144043,144.54769897460938
10810,-37.69546890258789,144.54771423339844
10811,-37.69565963745117,144.54855346679688
10812,-37.69859313964844,144.5479736328125
10813,-37.69865417480469,144.5479278564453
10814,-37.69866943359375,144.5478515625
10815,-37.69560241699219,144.54916381835938
10816,-37.69518280029297,144.54930114746094
10817,-37.69508361816406,144.54934692382812
10818,-37.695011138916016,144.54942321777344
10819,-37.69493865966797,144.5495147705078
10820,-37.694854736328125,144.549560546875
10821,-37.69473648071289,144.54962158203125
10822,-37.693416595458984,144.54986572265625
10823,-37.6933479309082,144.5498809814453
10824,-37.6927490234375,144.5500030517578
10825,-37.69268798828125,144.55003356933594
10826,-37.69266128540039,144.550048828125
10827,-37.69289016723633,144.5506134033203
10828,-37.69291687011719,144.5506134033203
10829,-37.69294357299805,144.5506134033203
10830,-37.69296646118164,144.55059814453125
10831,-37.6929931640625,144.550537109375
10832,-37.6929931640625,144.55050659179688
10833,-37.69298553466797,144.5504608154297
10834,-37.69296646118164,144.55044555664062
10835,-37.69294357299805,144.5504150390625
10836,-37.69291687011719,144.5504150390625
10837,-37.69289016723633,144.5504150390625
10838,-37.69286346435547,144.55043029785156
10839,-37.692832946777344,144.5504913330078
10840,-37.69282913208008,144.55052185058594
10841,-37.692832946777344,144.55055236816406
10842,-37.692848205566406,144.5505828857422
10843,-37.69348907470703,144.55076599121094
10844,-37.6934928894043,144.55101013183594
10845,-37.69350814819336,144.55128479003906
10846,-37.693504333496094,144.5515899658203
10847,-37.693485260009766,144.55186462402344
10848,-37.693485260009766,144.55215454101562
10849,-37.69354248046875,144.55270385742188
10850,-37.693275451660156,144.55274963378906
10851,-37.693477630615234,144.55271911621094
10852,-37.693603515625,144.5526885986328
10853,-37.693824768066406,144.5526580810547
10854,-37.6941032409668,144.5506591796875
10855,-37.69430923461914,144.5523223876953
10856,-37.694332122802734,144.55238342285156
10857,-37.694393157958984,144.55242919921875
10858,-37.69486618041992,144.55050659179688
10859,-37.695072174072266,144.55221557617188
10860,-37.69508743286133,144.5523223876953
10861,-37.695865631103516,144.5531463623047
10862,-37.6953125,144.55325317382812
10863,-37.694522857666016,144.55340576171875
10864,-37.694435119628906,144.5534210205078
10865,-37.69434356689453,144.55345153808594
10866,-37.692970275878906,144.5537109375
10867,-37.694339752197266,144.5525665283203
10868,-37.69435119628906,144.55247497558594
10869,-37.694454193115234,144.55242919921875
10870,-37.69520568847656,144.55230712890625
10871,-37.69297409057617,144.54901123046875
10872,-37.69316482543945,144.54896545410156
10873,-37.693241119384766,144.5489501953125
10874,-37.694862365722656,144.5486602783203
10875,-37.69491958618164,144.54864501953125
10876,-37.69511413574219,144.54861450195312
10877,-37.69486999511719,144.54872131347656
10878,-37.69493103027344,144.54925537109375
10879,-37.6949462890625,144.54930114746094
10880,-37.6949577331543,144.54931640625
10881,-37.6932487487793,144.5490264892578
10882,-37.693336486816406,144.54977416992188
10883,-37.692970275878906,144.56141662597656
10884,-37.69300842285156,144.56178283691406
10885,-37.694087982177734,144.5614013671875
10886,-37.69401550292969,144.5614776611328
10887,-37.693973541259766,144.56153869628906
10888,-37.693878173828125,144.56166076660156
10889,-37.69379425048828,144.56178283691406
10890,-37.69374084472656,144.56190490722656
10891,-37.69366455078125,144.5623016357422
10892,-37.69660949707031,144.55624389648438
10893,-37.69660186767578,144.55593872070312
10894,-37.69620895385742,144.556396484375
10895,-37.69618225097656,144.55630493164062
10896,-37.69621658325195,144.55612182617188
10897,-37.696170806884766,144.5561065673828
10898,-37.701534271240234,144.54827880859375
10899,-37.701629638671875,144.54913330078125
10900,-37.701698303222656,144.54971313476562
10901,-37.701725006103516,144.54977416992188
10902,-37.701778411865234,144.54978942871094
10903,-37.70295715332031,144.55026245117188
10904,-37.70391845703125,144.55015563964844
10905,-37.70402908325195,144.55007934570312
10906,-37.70344543457031,144.54736328125
10907,-37.70460510253906,144.54591369628906
10908,-37.70487976074219,144.54808044433594
10909,-37.704933166503906,144.54847717285156
10910,-37.70502853393555,144.5489501953125
10911,-37.705101013183594,144.54934692382812
10912,-37.70524597167969,144.5505828857422
10913,-37.70523452758789,144.55078125
10914,-37.70119857788086,144.5481719970703
10915,-37.701175689697266,144.54818725585938
10916,-37.70051956176758,144.54830932617188
10917,-37.69989013671875,144.54855346679688
10918,-37.70053482055664,144.5484161376953
10919,-37.70097351074219,144.54832458496094
10920,-37.7011833190918,144.5482635498047
10921,-37.70120620727539,144.54824829101562
10922,-37.70569610595703,144.54620361328125
10923,-37.70572280883789,144.54644775390625
10924,-37.705726623535156,144.54644775390625
10925,-37.70575714111328,144.5465545654297
10926,-37.70574951171875,144.54660034179688
10927,-37.70573806762695,144.5466766357422
10928,-37.705833435058594,144.54745483398438
10929,-37.706214904785156,144.5505828857422
10930,-37.70624542236328,144.55068969726562
10931,-37.706302642822266,144.55068969726562
10932,-37.70635223388672,144.55068969726562
10933,-37.707069396972656,144.5503692626953
10934,-37.70712661743164,144.5503387451172
10935,-37.70718765258789,144.55027770996094
10936,-37.70779037475586,144.5496063232422
10937,-37.70829391479492,144.54904174804688
10938,-37.708316802978516,144.54898071289062
10939,-37.70831298828125,144.5489044189453
10940,-37.70830154418945,144.54885864257812
10941,-37.7082405090332,144.54864501953125
10942,-37.70817565917969,144.54840087890625
10943,-37.708133697509766,144.54818725585938
10944,-37.708106994628906,144.54803466796875
10945,-37.70810317993164,144.54800415039062
10946,-37.708580017089844,144.54766845703125
10947,-37.70855712890625,144.54759216308594
10948,-37.708534240722656,144.54750061035156
10949,-37.70848083496094,144.54733276367188
10950,-37.70842742919922,144.5471649169922
10951,-37.70838928222656,144.54696655273438
10952,-37.70835876464844,144.54681396484375
10953,-37.70835494995117,144.5467987060547
10954,-37.708282470703125,144.5461883544922
10955,-37.70827865600586,144.54615783691406
10956,-37.708160400390625,144.54522705078125
10957,-37.70824432373047,144.5458526611328
10958,-37.70825958251953,144.54598999023438
10959,-37.70820617675781,144.54608154296875
10960,-37.70813751220703,144.5460968017578
10961,-37.70579147338867,144.54653930664062
10962,-37.70831298828125,144.54698181152344
10963,-37.70590591430664,144.5474395751953
10964,-37.7066650390625,144.5482940673828
10965,-37.70673751831055,144.54888916015625
10966,-37.70677185058594,144.54913330078125
10967,-37.70681381225586,144.5493621826172
10968,-37.706878662109375,144.54962158203125
10969,-37.70696258544922,144.54991149902344
10970,-37.707088470458984,144.55023193359375
10971,-37.70738983154297,144.5481414794922
10972,-37.70741653442383,144.5483856201172
10973,-37.70745849609375,144.54864501953125
10974,-37.707515716552734,144.5489044189453
10975,-37.70759963989258,144.54916381835938
10976,-37.707706451416016,144.54946899414062
10977,-37.707740783691406,144.54953002929688
10978,-37.70829772949219,144.546142578125
10979,-37.708316802978516,144.54612731933594
10980,-37.70833206176758,144.54611206054688
10981,-37.708335876464844,144.54608154296875
10982,-37.70833206176758,144.54603576660156
10983,-37.708316802978516,144.54600524902344
10984,-37.70830154418945,144.54598999023438
10985,-37.708282470703125,144.54598999023438
10986,-37.7082405090332,144.54598999023438
10987,-37.70822525024414,144.54600524902344
10988,-37.70820999145508,144.54603576660156
10989,-37.70820617675781,144.54605102539062
10990,-37.70820999145508,144.54611206054688
10991,-37.708221435546875,144.54612731933594
10992,-37.70823669433594,144.546142578125
10993,-37.70825958251953,144.54615783691406
10994,-37.695526123046875,144.57545471191406
10995,-37.695533752441406,144.5755157470703
10996,-37.69565200805664,144.57630920410156
10997,-37.695674896240234,144.57644653320312
10998,-37.6955451965332,144.575439453125
10999,-37.695560455322266,144.57542419433594
11000,-37.69557189941406,144.57540893554688
11001,-37.69557571411133,144.57537841796875
11002,-37.6955680847168,144.57533264160156
11003,-37.695552825927734,144.57530212402344
11004,-37.695533752441406,144.57528686523438
11005,-37.69551467895508,144.57528686523438
11006,-37.695472717285156,144.57530212402344
11007,-37.695457458496094,144.5753173828125
11008,-37.6954460144043,144.57533264160156
11009,-37.69544982910156,144.57540893554688
11010,-37.69546127319336,144.575439453125
11011,-37.69548034667969,144.57545471191406
11012,-37.69550323486328,144.57545471191406
11013,-37.69804000854492,144.56321716308594
11014,-37.69807815551758,144.56353759765625
11015,-37.698089599609375,144.56385803222656
11016,-37.69819641113281,144.56466674804688
11017,-37.696651458740234,144.56703186035156
11018,-37.69730758666992,144.56692504882812
11019,-37.697357177734375,144.56695556640625
11020,-37.697410583496094,144.5670928955078
11021,-37.69766616821289,144.56915283203125
11022,-37.69768142700195,144.56919860839844
11023,-37.697669982910156,144.5692596435547
11024,-37.697662353515625,144.56932067871094
11025,-37.697689056396484,144.5693817138672
11026,-37.69786834716797,144.5708770751953
11027,-37.6917724609375,144.5738525390625
11028,-37.692352294921875,144.57376098632812
11029,-37.69292449951172,144.57366943359375
11030,-37.69301986694336,144.57366943359375
11031,-37.69303894042969,144.57369995117188
11032,-37.69307327270508,144.57374572753906
11033,-37.69330596923828,144.5756378173828
11034,-37.693302154541016,144.57574462890625
11035,-37.69326400756836,144.57582092285156
11036,-37.69297409057617,144.5758514404297
11037,-37.692020416259766,144.57603454589844
11038,-37.693546295166016,144.57972717285156
11039,-37.69356155395508,144.5797576904297
11040,-37.69358825683594,144.5799560546875
11041,-37.69369888305664,144.58090209960938
11042,-37.69382858276367,144.58204650878906
11043,-37.6937141418457,144.58213806152344
11044,-37.69404220581055,144.58204650878906
11045,-37.69349670410156,144.5809326171875
11046,-37.682350158691406,144.54823303222656
11047,-37.68214416503906,144.5482940673828
11048,-37.68202209472656,144.54833984375
11049,-37.681983947753906,144.54835510253906
11050,-37.681907653808594,144.54840087890625
11051,-37.68174743652344,144.54855346679688
11052,-37.681678771972656,144.54861450195312
11053,-37.68153762817383,144.54873657226562
11054,-37.68185043334961,144.5481414794922
11055,-37.68178939819336,144.54800415039062
11056,-37.681697845458984,144.54788208007812
11057,-37.68161392211914,144.5478057861328
11058,-37.68120574951172,144.54747009277344
11059,-37.68116760253906,144.5474395751953
11060,-37.68122863769531,144.54742431640625
11061,-37.681243896484375,144.54737854003906
11062,-37.68085861206055,144.54672241210938
11063,-37.680850982666016,144.54673767089844
11064,-37.6807975769043,144.54673767089844
11065,-37.68043899536133,144.54669189453125
11066,-37.68040466308594,144.54669189453125
11067,-37.680381774902344,144.54672241210938
11068,-37.68036651611328,144.54676818847656
11069,-37.68037796020508,144.54689025878906
11070,-37.68039321899414,144.5469512939453
11071,-37.680419921875,144.54698181152344
11072,-37.680450439453125,144.54698181152344
11073,-37.6804084777832,144.54783630371094
11074,-37.6806755065918,144.54820251464844
11075,-37.680728912353516,144.54824829101562
11076,-37.68083953857422,144.54833984375
11077,-37.6809196472168,144.54835510253906
11078,-37.681053161621094,144.5484161376953
11079,-37.68120574951172,144.5485076904297
11080,-37.681549072265625,144.54881286621094
11081,-37.681602478027344,144.54893493652344
11082,-37.681800842285156,144.54945373535156
11083,-37.681861877441406,144.549560546875
11084,-37.68186950683594,144.54959106445312
11085,-37.669429779052734,144.5748291015625
11086,-37.6694221496582,144.57492065429688
11087,-37.66949462890625,144.57550048828125
11088,-37.737998962402344,144.59645080566406
11089,-37.73802185058594,144.5968017578125
11090,-37.73809051513672,144.59759521484375
11091,-37.73813247680664,144.59828186035156
11092,-37.738189697265625,144.59873962402344
11093,-37.73857879638672,144.60121154785156
11094,-37.73870086669922,144.60189819335938
11095,-37.73931121826172,144.60427856445312
11096,-37.739437103271484,144.60507202148438
11097,-37.739532470703125,144.60581970214844
11098,-37.73957443237305,144.60609436035156
11099,-37.73966979980469,144.6063232421875
11100,-37.739837646484375,144.60655212402344
11101,-37.73970413208008,144.59596252441406
11102,-37.739288330078125,144.5960235595703
11103,-37.73868179321289,144.5961151123047
11104,-37.73849105834961,144.5961456298828
11105,-37.73834228515625,144.59616088867188
11106,-37.738250732421875,144.59616088867188
11107,-37.73938751220703,144.60586547851562
11108,-37.73876953125,144.60629272460938
11109,-37.73857879638672,144.6063995361328
11110,-37.73835754394531,144.60647583007812
11111,-37.73817825317383,144.60650634765625
11112,-37.73740005493164,144.6065216064453
11113,-37.73674011230469,144.6014862060547
11114,-37.7377815246582,144.5909881591797
11115,-37.73579788208008,144.59127807617188
11116,-37.73807144165039,144.58680725097656
11117,-37.73788833618164,144.58660888671875
11118,-37.73773193359375,144.58648681640625
11119,-37.73746109008789,144.5863494873047
11120,-37.7371940612793,144.58624267578125
11121,-37.73687744140625,144.58612060546875
11122,-37.73648452758789,144.5860595703125
11123,-37.73440170288086,144.58583068847656
11124,-37.67670440673828,144.5930938720703
11125,-37.67657470703125,144.59298706054688
11126,-37.676544189453125,144.59291076660156
11127,-37.67644119262695,144.59213256835938
11128,-37.67645263671875,144.59205627441406
11129,-37.67648696899414,144.5919952392578
11130,-37.676700592041016,144.59185791015625
11131,-37.676788330078125,144.5917205810547
11132,-37.67763900756836,144.59144592285156
11133,-37.677345275878906,144.5911865234375
11134,-37.67728805541992,144.591064453125
11135,-37.66862487792969,144.5775604248047
11136,-37.66801071166992,144.5776824951172
11137,-37.66798400878906,144.57769775390625
11138,-37.66796875,144.57769775390625
11139,-37.66793441772461,144.5777587890625
11140,-37.66792678833008,144.5778350830078
11141,-37.66810989379883,144.57925415039062
11142,-37.668128967285156,144.57940673828125
11143,-37.66434860229492,144.57037353515625
11144,-37.66423034667969,144.5704803466797
11145,-37.66417694091797,144.57054138183594
11146,-37.66401290893555,144.57086181640625
11147,-37.663997650146484,144.5709228515625
11148,-37.663997650146484,144.57098388671875
11149,-37.66400909423828,144.57101440429688
11150,-37.66408920288086,144.5713348388672
11151,-37.66411590576172,144.5713653564453
11152,-37.664154052734375,144.57138061523438
11153,-37.66434097290039,144.57135009765625
11154,-37.66448211669922,144.5713348388672
11155,-37.66463088989258,144.57131958007812
11156,-37.66414260864258,144.5701141357422
11157,-37.664188385009766,144.57003784179688
11158,-37.66438293457031,144.56971740722656
11159,-37.66444778442383,144.5696258544922
11160,-37.66450500488281,144.56948852539062
11161,-37.664554595947266,144.56935119628906
11162,-37.664573669433594,144.56927490234375
11163,-37.664573669433594,144.56919860839844
11164,-37.69941711425781,144.55239868164062
11165,-37.699459075927734,144.55235290527344
11166,-37.699466705322266,144.55224609375
11167,-37.69939041137695,144.55162048339844
11168,-37.6993522644043,144.55157470703125
11169,-37.699275970458984,144.5515594482422
11170,-37.69864273071289,144.55169677734375
11171,-37.692955017089844,144.55514526367188
11172,-37.692665100097656,144.55514526367188
11173,-37.69255828857422,144.55514526367188
11174,-37.6924934387207,144.55517578125
11175,-37.69258117675781,144.55520629882812
11176,-37.69267272949219,144.5552215576172
11177,-37.69294738769531,144.55523681640625
11178,-37.69230270385742,144.55520629882812
11179,-37.69172668457031,144.55532836914062
11180,-37.69163131713867,144.55531311035156
11181,-37.69157409667969,144.5552978515625
11182,-37.691524505615234,144.55532836914062
11183,-37.691463470458984,144.5553741455078
11184,-37.69084930419922,144.55548095703125
11185,-37.689979553222656,144.5556182861328
11186,-37.689918518066406,144.5556182861328
11187,-37.689884185791016,144.55560302734375
11188,-37.69228744506836,144.55511474609375
11189,-37.691951751708984,144.5521240234375
11190,-37.69194793701172,144.55206298828125
11191,-37.69193649291992,144.55203247070312
11192,-37.691925048828125,144.55201721191406
11193,-37.6919059753418,144.552001953125
11194,-37.69187927246094,144.552001953125
11195,-37.69185256958008,144.552001953125
11196,-37.691280364990234,144.55209350585938
11197,-37.69120788574219,144.55210876464844
11198,-37.69194412231445,144.55197143554688
11199,-37.691951751708984,144.55194091796875
11200,-37.691951751708984,144.55189514160156
11201,-37.69194793701172,144.55184936523438
11202,-37.69191360473633,144.55154418945312
11203,-37.69187545776367,144.55120849609375
11204,-37.69186782836914,144.5511474609375
11205,-37.69186019897461,144.5510711669922
11206,-37.69156265258789,144.55520629882812
11207,-37.69137191772461,144.5535430908203
11208,-37.691200256347656,144.5520477294922
11209,-37.691104888916016,144.55130004882812
11210,-37.691097259521484,144.55120849609375
11211,-37.69129180908203,144.55355834960938
11212,-37.690643310546875,144.5536651611328
11213,-37.69043731689453,144.55369567871094
11214,-37.690338134765625,144.55372619628906
11215,-37.68979263305664,144.55381774902344
11216,-37.689701080322266,144.55380249023438
11217,-37.690650939941406,144.55374145507812
11218,-37.69074249267578,144.55453491210938
11219,-37.69083786010742,144.55538940429688
11220,-37.690673828125,144.55455017089844
11221,-37.689842224121094,144.55470275878906
11222,-37.68980026245117,144.55474853515625
11223,-37.690277099609375,144.60386657714844
11224,-37.69013214111328,144.60385131835938
11225,-37.68998336791992,144.60398864746094
11226,-37.68993377685547,144.60403442382812
11227,-37.689735412597656,144.60379028320312
11228,-37.6896858215332,144.60372924804688
11229,-37.68962097167969,144.60394287109375
11230,-37.689697265625,144.60397338867188
11231,-37.68980407714844,144.60415649414062
11232,-37.68909454345703,144.60252380371094
11233,-37.689056396484375,144.60256958007812
11234,-37.68895721435547,144.6026153564453
11235,-37.688446044921875,144.60267639160156
11236,-37.68838882446289,144.6027374267578
11237,-37.68846893310547,144.60340881347656
11238,-37.6885986328125,144.60369873046875
11239,-37.68874740600586,144.6048583984375
11240,-37.673744201660156,144.5940704345703
11241,-37.674339294433594,144.59381103515625
11242,-37.67482376098633,144.59353637695312
11243,-37.67503356933594,144.59347534179688
11244,-37.675071716308594,144.593505859375
11245,-37.67515563964844,144.59356689453125
11246,-37.6751594543457,144.59359741210938
11247,-37.67544174194336,144.59591674804688
11248,-37.6754264831543,144.59603881835938
11249,-37.675350189208984,144.59613037109375
11250,-37.674278259277344,144.59681701660156
11251,-37.67318344116211,144.5967559814453
11252,-37.66938400268555,144.59713745117188
11253,-37.67182159423828,144.58871459960938
11254,-37.67131805419922,144.58863830566406
11255,-37.67112350463867,144.58863830566406
11256,-37.670989990234375,144.58819580078125
11257,-37.67103958129883,144.5882568359375
11258,-37.67105484008789,144.58831787109375
11259,-37.671058654785156,144.5884246826172
11260,-37.671077728271484,144.5885467529297
11261,-37.67108917236328,144.5885772705078
11262,-37.67109680175781,144.58860778808594
11263,-37.66864776611328,144.5859375
11264,-37.668766021728516,144.58604431152344
11265,-37.66889190673828,144.5861358642578
11266,-37.668701171875,144.58615112304688
11267,-37.669654846191406,144.58602905273438
11268,-37.669471740722656,144.58609008789062
11269,-37.669532775878906,144.58604431152344
11270,-37.669677734375,144.58615112304688
11271,-37.673946380615234,144.57972717285156
11272,-37.67390823364258,144.57981872558594
11273,-37.674072265625,144.58120727539062
11274,-37.6741943359375,144.5822296142578
11275,-37.67423629760742,144.5823211669922
11276,-37.674251556396484,144.5823516845703
11277,-37.67434310913086,144.58241271972656
11278,-37.674190521240234,144.5823211669922
11279,-37.67405319213867,144.5823516845703
11280,-37.673912048339844,144.58238220214844
11281,-37.67348098754883,144.5824737548828
11282,-37.67222595214844,144.58274841308594
11283,-37.67211151123047,144.5819091796875
11284,-37.67207717895508,144.5818328857422
11285,-37.67201614379883,144.581787109375
11286,-37.67195510864258,144.581787109375
11287,-37.67188262939453,144.5818328857422
11288,-37.67185592651367,144.5819091796875
11289,-37.67185974121094,144.5819854736328
11290,-37.671875,144.58204650878906
11291,-37.66667938232422,144.57858276367188
11292,-37.66584396362305,144.5719451904297
11293,-37.661163330078125,144.5849151611328
11294,-37.66114044189453,144.5847930908203
11295,-37.66109085083008,144.5833740234375
11296,-37.66107940673828,144.58322143554688
11297,-37.660919189453125,144.58258056640625
11298,-37.66033172607422,144.5904998779297
11299,-37.6603889465332,144.59051513671875
11300,-37.660926818847656,144.59060668945312
11301,-37.66177749633789,144.5906982421875
11302,-37.66276168823242,144.59046936035156
11303,-37.66307067871094,144.59039306640625
11304,-37.663204193115234,144.59022521972656
11305,-37.66341018676758,144.5897979736328
11306,-37.66027069091797,144.5903778076172
11307,-37.66025924682617,144.59059143066406
11308,-37.660282135009766,144.590576171875
11309,-37.66030502319336,144.59056091308594
11310,-37.66032409667969,144.5905303955078
11311,-37.66033172607422,144.59046936035156
11312,-37.66032791137695,144.59043884277344
11313,-37.66031265258789,144.59042358398438
11314,-37.66029357910156,144.59039306640625
11315,-37.660247802734375,144.5903778076172
11316,-37.660221099853516,144.59039306640625
11317,-37.66019821166992,144.5904083251953
11318,-37.66018295288086,144.59042358398438
11319,-37.6601676940918,144.59048461914062
11320,-37.66017532348633,144.5905303955078
11321,-37.660186767578125,144.59054565429688
11322,-37.66020584106445,144.590576171875
11323,-37.65952682495117,144.58470153808594
11324,-37.65855026245117,144.58489990234375
11325,-37.658504486083984,144.5849151611328
11326,-37.65941619873047,144.5838165283203
11327,-37.658443450927734,144.58401489257812
11328,-37.658390045166016,144.58401489257812
11329,-37.65829849243164,144.5832977294922
11330,-37.65878677368164,144.5873260498047
11331,-37.65880584716797,144.58737182617188
11332,-37.65884780883789,144.58740234375
11333,-37.6591682434082,144.58749389648438
11334,-37.659854888916016,144.58738708496094
11335,-37.66630554199219,144.59117126464844
11336,-37.666175842285156,144.5911407470703
11337,-37.66596984863281,144.5909881591797
11338,-37.66575241088867,144.59091186523438
11339,-37.66376495361328,144.59327697753906
11340,-37.66152572631836,144.59344482421875
11341,-37.66157150268555,144.5938262939453
11342,-37.6616325378418,144.5943145751953
11343,-37.66164779663086,144.59442138671875
11344,-37.66167449951172,144.5946502685547
11345,-37.662376403808594,144.591552734375
11346,-37.661346435546875,144.591796875
11347,-37.66117477416992,144.59181213378906
11348,-37.66135787963867,144.5918731689453
11349,-37.661460876464844,144.59262084960938
11350,-37.66005325317383,144.60032653808594
11351,-37.66001510620117,144.60012817382812
11352,-37.659950256347656,144.5998077392578
11353,-37.659873962402344,144.59951782226562
11354,-37.659793853759766,144.59921264648438
11355,-37.65971755981445,144.59898376464844
11356,-37.65968704223633,144.598876953125
11357,-37.65964889526367,144.59878540039062
11358,-37.65956115722656,144.5988006591797
11359,-37.659603118896484,144.59893798828125
11360,-37.6597900390625,144.5995635986328
11361,-37.65983963012695,144.59974670410156
11362,-37.65993881225586,144.60035705566406
11363,-37.65952682495117,144.59864807128906
11364,-37.659515380859375,144.5986785888672
11365,-37.65951156616211,144.5987091064453
11366,-37.65951156616211,144.59873962402344
11367,-37.659523010253906,144.59877014160156
11368,-37.65953826904297,144.59878540039062
11369,-37.659584045410156,144.59881591796875
11370,-37.65960693359375,144.59881591796875
11371,-37.659629821777344,144.5988006591797
11372,-37.659664154052734,144.5987548828125
11373,-37.65966796875,144.59872436523438
11374,-37.65965270996094,144.59866333007812
11375,-37.659637451171875,144.5986328125
11376,-37.65961456298828,144.59861755371094
11377,-37.65959167480469,144.59861755371094
11378,-37.6595458984375,144.5986328125
11379,-37.65986633300781,144.60877990722656
11380,-37.65986633300781,144.6085968017578
11381,-37.65983581542969,144.6083984375
11382,-37.65977096557617,144.60821533203125
11383,-37.65967559814453,144.60806274414062
11384,-37.65956115722656,144.60792541503906
11385,-37.659423828125,144.60781860351562
11386,-37.6577033996582,144.60679626464844
11387,-37.65761947631836,144.6067657470703
11388,-37.65733337402344,144.6067657470703
11389,-37.65383529663086,144.58851623535156
11390,-37.654136657714844,144.5910186767578
11391,-37.654170989990234,144.5911102294922
11392,-37.65427017211914,144.59112548828125
11393,-37.65479278564453,144.59103393554688
11394,-37.65925979614258,144.57498168945312
11395,-37.659271240234375,144.57493591308594
11396,-37.65927505493164,144.57489013671875
11397,-37.659263610839844,144.57484436035156
11398,-37.65924072265625,144.57479858398438
11399,-37.659210205078125,144.57476806640625
11400,-37.659175872802734,144.5747528076172
11401,-37.659141540527344,144.5747528076172
11402,-37.65910720825195,144.57476806640625
11403,-37.65907669067383,144.57479858398438
11404,-37.659053802490234,144.5748291015625
11405,-37.65903854370117,144.5748748779297
11406,-37.659034729003906,144.57492065429688
11407,-37.65904235839844,144.574951171875
11408,-37.659053802490234,144.5749969482422
11409,-37.65907669067383,144.5750274658203
11410,-37.65910339355469,144.57504272460938
11411,-37.65913009643555,144.57505798339844
11412,-37.65915298461914,144.57505798339844
11413,-37.6591796875,144.57505798339844
11414,-37.659202575683594,144.57504272460938
11415,-37.65922546386719,144.5750274658203
11416,-37.659244537353516,144.57501220703125
11417,-37.659000396728516,144.5745849609375
11418,-37.65897750854492,144.5745086669922
11419,-37.65895462036133,144.5743865966797
11420,-37.6588134765625,144.5734405517578
11421,-37.65879821777344,144.57334899902344
11422,-37.6580810546875,144.573486328125
11423,-37.65797805786133,144.57350158691406
11424,-37.657447814941406,144.57359313964844
11425,-37.65740966796875,144.57362365722656
11426,-37.65739059448242,144.5736541748047
11427,-37.65738296508789,144.57369995117188
11428,-37.657386779785156,144.57373046875
11429,-37.6575813293457,144.57533264160156
11430,-37.6576042175293,144.57546997070312
11431,-37.65761947631836,144.5755157470703
11432,-37.65764236450195,144.5756072998047
11433,-37.657684326171875,144.5757293701172
11434,-37.658992767333984,144.57498168945312
11435,-37.65895080566406,144.5750274658203
11436,-37.658905029296875,144.5750732421875
11437,-37.658729553222656,144.5751953125
11438,-37.658531188964844,144.57528686523438
11439,-37.65839385986328,144.57533264160156
11440,-37.65831756591797,144.5753631591797
11441,-37.65821075439453,144.57537841796875
11442,-37.658016204833984,144.57542419433594
11443,-37.65788650512695,144.57546997070312
11444,-37.657737731933594,144.5755615234375
11445,-37.657493591308594,144.57569885253906
11446,-37.65740203857422,144.57574462890625
11447,-37.657283782958984,144.57582092285156
11448,-37.65753936767578,144.57582092285156
11449,-37.657779693603516,144.57568359375
11450,-37.65790557861328,144.57562255859375
11451,-37.658016204833984,144.57559204101562
11452,-37.65810012817383,144.57557678222656
11453,-37.658233642578125,144.57554626464844
11454,-37.6583137512207,144.57553100585938
11455,-37.6583366394043,144.5755157470703
11456,-37.6584358215332,144.57550048828125
11457,-37.658477783203125,144.5754852294922
11458,-37.65861511230469,144.57542419433594
11459,-37.65877151489258,144.57533264160156
11460,-37.658897399902344,144.5752410888672
11461,-37.65901565551758,144.5751495361328
11462,-37.65904235839844,144.5751190185547
11463,-37.657569885253906,144.57591247558594
11464,-37.65762710571289,144.5760498046875
11465,-37.65765380859375,144.5761260986328
11466,-37.65767288208008,144.5762176513672
11467,-37.65771484375,144.57655334472656
11468,-37.65773391723633,144.5767364501953
11469,-37.657806396484375,144.57736206054688
11470,-37.65781784057617,144.57745361328125
11471,-37.65792465209961,144.578369140625
11472,-37.65795135498047,144.5784912109375
11473,-37.65932083129883,144.57530212402344
11474,-37.65935134887695,144.575439453125
11475,-37.659366607666016,144.57554626464844
11476,-37.65941619873047,144.57614135742188
11477,-37.659423828125,144.5762176513672
11478,-37.65952682495117,144.57704162597656
11479,-37.6595344543457,144.5771026611328
11480,-37.65963363647461,144.577880859375
11481,-37.65963363647461,144.57794189453125
11482,-37.65962219238281,144.57798767089844
11483,-37.6580924987793,144.57359313964844
11484,-37.65830612182617,144.5752716064453
11485,-37.65936279296875,144.57623291015625
11486,-37.657772064208984,144.57655334472656
11487,-37.65946960449219,144.57711791992188
11488,-37.657875061035156,144.5774383544922
11489,-37.65959930419922,144.57803344726562
11490,-37.659568786621094,144.5780487060547
11491,-37.6595573425293,144.5780487060547
11492,-37.65951156616211,144.57806396484375
11493,-37.65798568725586,144.57835388183594
11494,-37.68480682373047,144.54107666015625
11495,-37.68528366088867,144.54098510742188
11496,-37.67573547363281,144.54483032226562
11497,-37.675804138183594,144.54481506347656
11498,-37.675880432128906,144.5447998046875
11499,-37.67596435546875,144.5447998046875
11500,-37.6762580871582,144.54490661621094
11501,-37.675811767578125,144.54544067382812
11502,-37.67585372924805,144.54542541503906
11503,-37.67596435546875,144.54542541503906
11504,-37.67625427246094,144.5454864501953
11505,-37.67999267578125,144.54196166992188
11506,-37.6800422668457,144.54193115234375
11507,-37.680782318115234,144.54177856445312
11508,-37.681396484375,144.5416717529297
11509,-37.681419372558594,144.54165649414062
11510,-37.68172073364258,144.54168701171875
11511,-37.68180847167969,144.54168701171875
11512,-37.682090759277344,144.5416259765625
11513,-37.682159423828125,144.5416259765625
11514,-37.68220901489258,144.5416717529297
11515,-37.68223571777344,144.54177856445312
11516,-37.68246078491211,144.5436553955078
11517,-37.68095397949219,144.54669189453125
11518,-37.6810302734375,144.5466766357422
11519,-37.68156814575195,144.54649353027344
11520,-37.66699981689453,144.54603576660156
11521,-37.66703796386719,144.5460205078125
11522,-37.66708755493164,144.54598999023438
11523,-37.66718673706055,144.54595947265625
11524,-37.66724395751953,144.5459747314453
11525,-37.667301177978516,144.5460205078125
11526,-37.667335510253906,144.5460662841797
11527,-37.66685104370117,144.54562377929688
11528,-37.66693878173828,144.54554748535156
11529,-37.66697692871094,144.5455322265625
11530,-37.66700744628906,144.54551696777344
11531,-37.666996002197266,144.54566955566406
11532,-37.667030334472656,144.54571533203125
11533,-37.66706848144531,144.54571533203125
11534,-37.66712951660156,144.54571533203125
11535,-37.66716384887695,144.54586791992188
11536,-37.66727828979492,144.54547119140625
11537,-37.66756820678711,144.54541015625
11538,-37.66767501831055,144.54539489746094
11539,-37.668094635009766,144.54531860351562
11540,-37.66758728027344,144.54554748535156
11541,-37.66759490966797,144.54562377929688
11542,-37.66730499267578,144.54568481445312
11543,-37.668033599853516,144.5469207763672
11544,-37.66801834106445,144.5467529296875
11545,-37.667999267578125,144.5465850830078
11546,-37.667991638183594,144.54647827148438
11547,-37.6679801940918,144.54640197753906
11548,-37.66819381713867,144.54635620117188
11549,-37.6682014465332,144.54644775390625
11550,-37.668212890625,144.5465545654297
11551,-37.66823959350586,144.5467529296875
11552,-37.66858673095703,144.53720092773438
11553,-37.668540954589844,144.53720092773438
11554,-37.66645431518555,144.53759765625
11555,-37.666263580322266,144.53768920898438
11556,-37.66591262817383,144.5379180908203
11557,-37.66578674316406,144.53797912597656
11558,-37.66569900512695,144.53799438476562
11559,-37.66566467285156,144.53799438476562
11560,-37.66564178466797,144.53799438476562
11561,-37.71598815917969,144.59494018554688
11562,-37.71598815917969,144.5949249267578
11563,-37.71592330932617,144.59437561035156
11564,-37.715755462646484,144.5928955078125
11565,-37.715518951416016,144.5908203125
11566,-37.71550750732422,144.59072875976562
11567,-37.715511322021484,144.59066772460938
11568,-37.715511322021484,144.59063720703125
11569,-37.71552276611328,144.59051513671875
11570,-37.71533966064453,144.59030151367188
11571,-37.715328216552734,144.59031677246094
11572,-37.71531295776367,144.59036254882812
11573,-37.71531295776367,144.5904083251953
11574,-37.71531677246094,144.5904541015625
11575,-37.715335845947266,144.5904998779297
11576,-37.71535873413086,144.5905303955078
11577,-37.71537399291992,144.59054565429688
11578,-37.7154541015625,144.5908966064453
11579,-37.715457916259766,144.59092712402344
11580,-37.71550369262695,144.5912628173828
11581,-37.7156867980957,144.59291076660156
11582,-37.71584701538086,144.59437561035156
11583,-37.71584701538086,144.59437561035156
11584,-37.715919494628906,144.59500122070312
11585,-37.715919494628906,144.5950469970703
11586,-37.71592330932617,144.59510803222656
11587,-37.715919494628906,144.59515380859375
11588,-37.715904235839844,144.59524536132812
11589,-37.71908950805664,144.59475708007812
11590,-37.718902587890625,144.59483337402344
11591,-37.71881866455078,144.59486389160156
11592,-37.7164421081543,144.59535217285156
11593,-37.71638870239258,144.59536743164062
11594,-37.716339111328125,144.59536743164062
11595,-37.71628189086914,144.59536743164062
11596,-37.716251373291016,144.59535217285156
11597,-37.71621322631836,144.59535217285156
11598,-37.716163635253906,144.59532165527344
11599,-37.716129302978516,144.59530639648438
11600,-37.71613311767578,144.59556579589844
11601,-37.71619415283203,144.5955047607422
11602,-37.716243743896484,144.595458984375
11603,-37.71625900268555,144.59544372558594
11604,-37.71630096435547,144.59542846679688
11605,-37.716339111328125,144.59539794921875
11606,-37.71535873413086,144.58995056152344
11607,-37.71536636352539,144.59007263183594
11608,-37.71536636352539,144.5901641845703
11609,-37.715362548828125,144.59022521972656
11610,-37.71550369262695,144.59027099609375
11611,-37.715484619140625,144.59022521972656
11612,-37.7154655456543,144.59017944335938
11613,-37.715450286865234,144.59014892578125
11614,-37.71543884277344,144.59011840820312
11615,-37.71540069580078,144.58999633789062
11616,-37.71539306640625,144.58995056152344
11617,-37.71528244018555,144.59034729003906
11618,-37.71525192260742,144.5903778076172
11619,-37.71523666381836,144.5903778076172
11620,-37.715206146240234,144.59039306640625
11621,-37.71516418457031,144.5904083251953
11622,-37.71498107910156,144.59046936035156
11623,-37.7150993347168,144.5904998779297
11624,-37.71516418457031,144.5904998779297
11625,-37.715206146240234,144.5904998779297
11626,-37.715248107910156,144.5904998779297
11627,-37.71528244018555,144.5904998779297
11628,-37.71531677246094,144.59051513671875
11629,-37.71345138549805,144.59068298339844
11630,-37.71330261230469,144.5906524658203
11631,-37.713199615478516,144.5906219482422
11632,-37.71308135986328,144.59059143066406
11633,-37.71299362182617,144.59056091308594
11634,-37.71289825439453,144.59051513671875
11635,-37.71240234375,144.59024047851562
11636,-37.714969635009766,144.59033203125
11637,-37.71488952636719,144.5896453857422
11638,-37.714881896972656,144.58956909179688
11639,-37.71479797363281,144.58885192871094
11640,-37.71479034423828,144.58876037597656
11641,-37.71472930908203,144.58824157714844
11642,-37.714725494384766,144.5882110595703
11643,-37.7147216796875,144.58815002441406
11644,-37.71470260620117,144.58811950683594
11645,-37.71468734741211,144.58810424804688
11646,-37.714664459228516,144.58807373046875
11647,-37.71464538574219,144.58807373046875
11648,-37.71461486816406,144.58807373046875
11649,-37.71459197998047,144.58807373046875
11650,-37.71456527709961,144.58807373046875
11651,-37.714439392089844,144.58810424804688
11652,-37.71369552612305,144.58822631835938
11653,-37.71358108520508,144.5863800048828
11654,-37.713661193847656,144.58636474609375
11655,-37.71409606933594,144.58627319335938
11656,-37.71413803100586,144.58627319335938
11657,-37.71415328979492,144.58627319335938
11658,-37.714168548583984,144.58628845214844
11659,-37.71418762207031,144.58628845214844
11660,-37.714210510253906,144.5863037109375
11661,-37.71421813964844,144.58631896972656
11662,-37.7142333984375,144.5863494873047
11663,-37.7142448425293,144.58636474609375
11664,-37.71424865722656,144.58639526367188
11665,-37.714256286621094,144.58644104003906
11666,-37.71442794799805,144.58798217773438
11667,-37.714725494384766,144.5888671875
11668,-37.713626861572266,144.58905029296875
11669,-37.71358871459961,144.58905029296875
11670,-37.71353530883789,144.58905029296875
11671,-37.714813232421875,144.58966064453125
11672,-37.713661193847656,144.58987426757812
11673,-37.71360397338867,144.5898895263672
11674,-37.71452331542969,144.5853271484375
11675,-37.713993072509766,144.58543395996094
11676,-37.71376037597656,144.58547973632812
11677,-37.713600158691406,144.58554077148438
11678,-37.71347427368164,144.5855712890625
11679,-37.713348388671875,144.58563232421875
11680,-37.71329116821289,144.58566284179688
11681,-37.71292495727539,144.58584594726562
11682,-37.71285629272461,144.58587646484375
11683,-37.71282196044922,144.5858917236328
11684,-37.71269226074219,144.58592224121094
11685,-37.7125358581543,144.58595275878906
11686,-37.712486267089844,144.58596801757812
11687,-37.71368408203125,144.58810424804688
11688,-37.713680267333984,144.5880889892578
11689,-37.71366882324219,144.5879669189453
11690,-37.713661193847656,144.58782958984375
11691,-37.713661193847656,144.5876922607422
11692,-37.71366500854492,144.58758544921875
11693,-37.71367263793945,144.5874481201172
11694,-37.71367263793945,144.58729553222656
11695,-37.71366500854492,144.58709716796875
11696,-37.7135124206543,144.58575439453125
11697,-37.713497161865234,144.58567810058594
11698,-37.7135009765625,144.58828735351562
11699,-37.7135124206543,144.58839416503906
11700,-37.71353530883789,144.58860778808594
11701,-37.713539123535156,144.58872985839844
11702,-37.71354293823242,144.58934020996094
11703,-37.713661193847656,144.59036254882812
11704,-37.712867736816406,144.5859832763672
11705,-37.712989807128906,144.5870361328125
11706,-37.71300506591797,144.5872039794922
11707,-37.71300506591797,144.58737182617188
11708,-37.71298599243164,144.5877227783203
11709,-37.712982177734375,144.58790588378906
11710,-37.71299362182617,144.58810424804688
11711,-37.713008880615234,144.58827209472656
11712,-37.713016510009766,144.58834838867188
11713,-37.7156867980957,144.59036254882812
11714,-37.715641021728516,144.59033203125
11715,-37.715633392333984,144.59033203125
11716,-37.715599060058594,144.59033203125
11717,-37.715579986572266,144.59031677246094
11718,-37.715518951416016,144.5902862548828
11719,-37.715545654296875,144.59046936035156
11720,-37.71556091308594,144.59046936035156
11721,-37.7155876159668,144.5904541015625
11722,-37.71561050415039,144.59043884277344
11723,-37.71563720703125,144.59042358398438
11724,-37.71564865112305,144.5904083251953
11725,-37.712928771972656,144.59771728515625
11726,-37.71290969848633,144.5977783203125
11727,-37.712894439697266,144.5979461669922
11728,-37.71289825439453,144.59814453125
11729,-37.71293640136719,144.5984649658203
11730,-37.71294403076172,144.59852600097656
11731,-37.7149658203125,144.58798217773438
11732,-37.71481704711914,144.5880126953125
11733,-37.71477508544922,144.58802795410156
11734,-37.71474838256836,144.58804321289062
11735,-37.71473693847656,144.5880584716797
11736,-37.714698791503906,144.58810424804688
11737,-37.71455383300781,144.58619689941406
11738,-37.71432113647461,144.5862274169922
11739,-37.714298248291016,144.58624267578125
11740,-37.71428298950195,144.58624267578125
11741,-37.71425247192383,144.58627319335938
11742,-37.7142333984375,144.58628845214844
11743,-37.672672271728516,144.5555419921875
11744,-37.67280197143555,144.5555419921875
11745,-37.67242431640625,144.55743408203125
11746,-37.672611236572266,144.5575408935547
11747,-37.672733306884766,144.5576629638672
11748,-37.672828674316406,144.56158447265625
11749,-37.672874450683594,144.5614471435547
11750,-37.67400360107422,144.560546875
11751,-37.674163818359375,144.56053161621094
11752,-37.674415588378906,144.56056213378906
11753,-37.68230438232422,144.60166931152344
11754,-37.68069839477539,144.59970092773438
11755,-37.6795768737793,144.59881591796875
11756,-37.678524017333984,144.59837341308594
11757,-37.67814636230469,144.5982666015625
11758,-37.68253707885742,144.60194396972656
11759,-37.68256759643555,144.6018829345703
11760,-37.68257522583008,144.601806640625
11761,-37.68256378173828,144.6017303466797
11762,-37.682525634765625,144.60166931152344
11763,-37.68247604370117,144.60162353515625
11764,-37.68241500854492,144.6016082763672
11765,-37.68235397338867,144.60162353515625
11766,-37.682273864746094,144.60174560546875
11767,-37.68226623535156,144.60182189941406
11768,-37.68227767944336,144.6018829345703
11769,-37.682315826416016,144.60195922851562
11770,-37.68236541748047,144.60198974609375
11771,-37.68242645263672,144.6020050048828
11772,-37.68248748779297,144.60198974609375
11773,-37.686607360839844,144.594482421875
11774,-37.68999099731445,144.5889892578125
11775,-37.690696716308594,144.58889770507812
11776,-37.69070053100586,144.58885192871094
11777,-37.690345764160156,144.58984375
11778,-37.690277099609375,144.58981323242188
11779,-37.690147399902344,144.58978271484375
11780,-37.68998336791992,144.5897674560547
11781,-37.69472885131836,144.56631469726562
11782,-37.694923400878906,144.56629943847656
11783,-37.6936149597168,144.56533813476562
11784,-37.69342803955078,144.56536865234375
11785,-37.69300079345703,144.5654296875
11786,-37.69277572631836,144.5654754638672
11787,-37.69269943237305,144.56544494628906
11788,-37.69265365600586,144.5653839111328
11789,-37.69241714477539,144.5649871826172
11790,-37.692230224609375,144.56468200683594
11791,-37.692195892333984,144.564453125
11792,-37.69219207763672,144.56396484375
11793,-37.69408416748047,144.5653076171875
11794,-37.69385528564453,144.56532287597656
11795,-37.69187927246094,144.563232421875
11796,-37.691810607910156,144.56332397460938
11797,-37.69172668457031,144.5634307861328
11798,-37.69118118286133,144.56402587890625
11799,-37.69425964355469,144.56617736816406
11800,-37.694244384765625,144.5660400390625
11801,-37.694156646728516,144.56536865234375
11802,-37.67716979980469,144.59494018554688
11803,-37.6771354675293,144.5948944091797
11804,-37.676795959472656,144.59457397460938
11805,-37.677528381347656,144.59439086914062
11806,-37.677433013916016,144.59445190429688
11807,-37.67652130126953,144.5960693359375
11808,-37.68545150756836,144.5970916748047
11809,-37.68543243408203,144.59701538085938
11810,-37.68543243408203,144.59698486328125
11811,-37.68544006347656,144.59693908691406
11812,-37.68544387817383,144.59689331054688
11813,-37.68544006347656,144.5968475341797
11814,-37.685420989990234,144.59678649902344
11815,-37.68412399291992,144.59507751464844
11816,-37.683998107910156,144.59490966796875
11817,-37.68389892578125,144.5947723388672
11818,-37.683860778808594,144.59469604492188
11819,-37.683834075927734,144.5946502685547
11820,-37.68381118774414,144.59458923339844
11821,-37.68404769897461,144.59518432617188
11822,-37.683738708496094,144.5952606201172
11823,-37.68385696411133,144.5954132080078
11824,-37.68477249145508,144.5966339111328
11825,-37.684783935546875,144.59664916992188
11826,-37.68478775024414,144.59664916992188
11827,-37.68498611450195,144.596923828125
11828,-37.68523406982422,144.5972442626953
11829,-37.68534851074219,144.59739685058594
11830,-37.68539047241211,144.59744262695312
11831,-37.68543243408203,144.5974578857422
11832,-37.685462951660156,144.5974578857422
11833,-37.685508728027344,144.59744262695312
11834,-37.685550689697266,144.59738159179688
11835,-37.68332290649414,144.59521484375
11836,-37.68315887451172,144.59539794921875
11837,-37.683040618896484,144.5955352783203
11838,-37.68294906616211,144.595703125
11839,-37.68291473388672,144.5957794189453
11840,-37.68288040161133,144.5959014892578
11841,-37.682861328125,144.5959930419922
11842,-37.68284606933594,144.59609985351562
11843,-37.682838439941406,144.5963134765625
11844,-37.682823181152344,144.59706115722656
11845,-37.68279266357422,144.59840393066406
11846,-37.68274688720703,144.60073852539062
11847,-37.6827278137207,144.60098266601562
11848,-37.68266677856445,144.60125732421875
11849,-37.682579040527344,144.6014862060547
11850,-37.683536529541016,144.5950927734375
11851,-37.683658599853516,144.59498596191406
11852,-37.6837272644043,144.59490966796875
11853,-37.683685302734375,144.5948486328125
11854,-37.683616638183594,144.59487915039062
11855,-37.68349838256836,144.59500122070312
11856,-37.68339538574219,144.59512329101562
11857,-37.68363571166992,144.59507751464844
11858,-37.6837158203125,144.5950927734375
11859,-37.68377685546875,144.5950927734375
11860,-37.68385696411133,144.59510803222656
11861,-37.68334197998047,144.59414672851562
11862,-37.68348693847656,144.5945587158203
11863,-37.68353271484375,144.59471130371094
11864,-37.68354034423828,144.59478759765625
11865,-37.683536529541016,144.59483337402344
11866,-37.68353271484375,144.59486389160156
11867,-37.68353271484375,144.59490966796875
11868,-37.73090362548828,144.57432556152344
11869,-37.73093032836914,144.57432556152344
11870,-37.73095703125,144.57431030273438
11871,-37.730979919433594,144.5742950439453
11872,-37.73099899291992,144.5742645263672
11873,-37.73100662231445,144.57423400878906
11874,-37.73100662231445,144.57420349121094
11875,-37.73100280761719,144.5741729736328
11876,-37.730987548828125,144.5741424560547
11877,-37.730979919433594,144.57412719726562
11878,-37.73095703125,144.57411193847656
11879,-37.73093032836914,144.5740966796875
11880,-37.73090362548828,144.5740966796875
11881,-37.73087692260742,144.57411193847656
11882,-37.73085403442383,144.5741424560547
11883,-37.73084259033203,144.57415771484375
11884,-37.730831146240234,144.57420349121094
11885,-37.730831146240234,144.57424926757812
11886,-37.7308464050293,144.57427978515625
11887,-37.730857849121094,144.5742950439453
11888,-37.73088073730469,144.57431030273438
11889,-37.730899810791016,144.5746307373047
11890,-37.730892181396484,144.5747528076172
11891,-37.730865478515625,144.574951171875
11892,-37.73080062866211,144.5753631591797
11893,-37.73077392578125,144.5754852294922
11894,-37.73070526123047,144.57568359375
11895,-37.73092269897461,144.57456970214844
11896,-37.73093795776367,144.5745086669922
11897,-37.73095703125,144.5743865966797
11898,-37.73086929321289,144.57443237304688
11899,-37.73087692260742,144.5745391845703
11900,-37.73072052001953,144.57421875
11901,-37.72916793823242,144.57427978515625
11902,-37.729087829589844,144.5742645263672
11903,-37.72895812988281,144.57424926757812
11904,-37.728939056396484,144.57423400878906
11905,-37.72891616821289,144.57418823242188
11906,-37.7288932800293,144.57415771484375
11907,-37.7288818359375,144.5740966796875
11908,-37.72887420654297,144.5740509033203
11909,-37.7288818359375,144.57400512695312
11910,-37.7289924621582,144.57334899902344
11911,-37.729148864746094,144.5724334716797
11912,-37.729251861572266,144.57168579101562
11913,-37.72926330566406,144.57162475585938
11914,-37.72929000854492,144.5715789794922
11915,-37.729331970214844,144.57156372070312
11916,-37.72938919067383,144.57154846191406
11917,-37.72959518432617,144.571533203125
11918,-37.730735778808594,144.5714874267578
11919,-37.730796813964844,144.5714874267578
11920,-37.73079299926758,144.57423400878906
11921,-37.730812072753906,144.57424926757812
11922,-37.73105239868164,144.57423400878906
11923,-37.73106384277344,144.57421875
11924,-37.73111343383789,144.57420349121094
11925,-37.731719970703125,144.5741729736328
11926,-37.73199462890625,144.57415771484375
11927,-37.732059478759766,144.57415771484375
11928,-37.73210525512695,144.5741729736328
11929,-37.732460021972656,144.5742645263672
11930,-37.73251724243164,144.57427978515625
11931,-37.73171615600586,144.5742950439453
11932,-37.73171615600586,144.57431030273438
11933,-37.73170471191406,144.5744171142578
11934,-37.7315559387207,144.5753631591797
11935,-37.73106384277344,144.57418823242188
11936,-37.73104476928711,144.5741729736328
11937,-37.731014251708984,144.57415771484375
11938,-37.7309684753418,144.5740509033203
11939,-37.73096466064453,144.57394409179688
11940,-37.73094177246094,144.57330322265625
11941,-37.73093032836914,144.57266235351562
11942,-37.73093032836914,144.57257080078125
11943,-37.73093032836914,144.57254028320312
11944,-37.73093032836914,144.57247924804688
11945,-37.73080825805664,144.57247924804688
11946,-37.7308349609375,144.57249450683594
11947,-37.73086929321289,144.572509765625
11948,-37.73090362548828,144.57249450683594
11949,-37.73094177246094,144.57244873046875
11950,-37.730953216552734,144.5724334716797
11951,-37.73095703125,144.5723876953125
11952,-37.730953216552734,144.57235717773438
11953,-37.73094177246094,144.57232666015625
11954,-37.730934143066406,144.57232666015625
11955,-37.73091125488281,144.57229614257812
11956,-37.73088836669922,144.57228088378906
11957,-37.730857849121094,144.57228088378906
11958,-37.730831146240234,144.57229614257812
11959,-37.73080825805664,144.5723114013672
11960,-37.73079299926758,144.5723419189453
11961,-37.73078155517578,144.57237243652344
11962,-37.73078155517578,144.57241821289062
11963,-37.73079299926758,144.57244873046875
11964,-37.73081588745117,144.57254028320312
11965,-37.73081970214844,144.57257080078125
11966,-37.7308235168457,144.57264709472656
11967,-37.73084259033203,144.57330322265625
11968,-37.73086166381836,144.57400512695312
11969,-37.730857849121094,144.57408142089844
11970,-37.73078536987305,144.57330322265625
11971,-37.72908401489258,144.57337951660156
11972,-37.72904968261719,144.5733642578125
11973,-37.73080825805664,144.5741729736328
11974,-37.730796813964844,144.5741729736328
11975,-37.731040954589844,144.5732879638672
11976,-37.73210525512695,144.5732421875
11977,-37.73214340209961,144.57325744628906
11978,-37.73225021362305,144.57327270507812
11979,-37.73261260986328,144.5733642578125
11980,-37.732669830322266,144.57337951660156
11981,-37.729896545410156,144.56967163085938
11982,-37.72974395751953,144.5706024169922
11983,-37.72960662841797,144.5714569091797
11984,-37.73191452026367,144.5703582763672
11985,-37.73189163208008,144.57044982910156
11986,-37.73186492919922,144.57049560546875
11987,-37.731815338134766,144.57052612304688
11988,-37.731754302978516,144.57054138183594
11989,-37.73168182373047,144.57054138183594
11990,-37.73162841796875,144.57054138183594
11991,-37.73154830932617,144.570556640625
11992,-37.73099899291992,144.57057189941406
11993,-37.73088073730469,144.57057189941406
11994,-37.730770111083984,144.57058715820312
11995,-37.730655670166016,144.57058715820312
11996,-37.72990036010742,144.57061767578125
11997,-37.72980499267578,144.57061767578125
11998,-37.73092269897461,144.572265625
11999,-37.730918884277344,144.5722198486328
12000,-37.730918884277344,144.57220458984375
12001,-37.73088455200195,144.57066345214844
12002,-37.73077392578125,144.5706787109375
12003,-37.73081588745117,144.57220458984375
12004,-37.730812072753906,144.57225036621094
12005,-37.73100280761719,144.56988525390625
12006,-37.731040954589844,144.56973266601562
12007,-37.73131561279297,144.5680389404297
12008,-37.73199462890625,144.5684356689453
12009,-37.731876373291016,144.5691680908203
12010,-37.731815338134766,144.5695343017578
12011,-37.73172378540039,144.57012939453125
12012,-37.731685638427734,144.57025146484375
12013,-37.73180389404297,144.57029724121094
12014,-37.731781005859375,144.57029724121094
12015,-37.731597900390625,144.57020568847656
12016,-37.7315559387207,144.57017517089844
12017,-37.730628967285156,144.5676727294922
12018,-37.73042678833008,144.5689239501953
12019,-37.73035430908203,144.5693817138672
12020,-37.73031997680664,144.56951904296875
12021,-37.730655670166016,144.57240295410156
12022,-37.729251861572266,144.5724639892578
12023,-37.72920608520508,144.57244873046875
12024,-37.72918701171875,144.57244873046875
12025,-37.731082916259766,144.5723876953125
12026,-37.73167419433594,144.57235717773438
12027,-37.73216247558594,144.5723419189453
12028,-37.732234954833984,144.5723419189453
12029,-37.73236846923828,144.57237243652344
12030,-37.73275375366211,144.57247924804688
12031,-37.732810974121094,144.57249450683594
12032,-37.73162841796875,144.5706329345703
12033,-37.73164749145508,144.5714569091797
12034,-37.73167037963867,144.572265625
12035,-37.73295974731445,144.5716094970703
12036,-37.73290252685547,144.57159423828125
12037,-37.732418060302734,144.57147216796875
12038,-37.73231887817383,144.57144165039062
12039,-37.73221969604492,144.57142639160156
12040,-37.73173522949219,144.57144165039062
12041,-37.72993850708008,144.5692596435547
12042,-37.729915618896484,144.56927490234375
12043,-37.72989273071289,144.5692901611328
12044,-37.72987747192383,144.56930541992188
12045,-37.729862213134766,144.5693359375
12046,-37.7298583984375,144.56936645507812
12047,-37.729862213134766,144.56939697265625
12048,-37.72987747192383,144.56944274902344
12049,-37.729896545410156,144.5694580078125
12050,-37.729923248291016,144.56947326660156
12051,-37.729949951171875,144.56947326660156
12052,-37.729976654052734,144.56947326660156
12053,-37.72998809814453,144.5694580078125
12054,-37.73000717163086,144.56944274902344
12055,-37.73002243041992,144.5694122314453
12056,-37.73002624511719,144.5693817138672
12057,-37.73002243041992,144.5693359375
12058,-37.730010986328125,144.56930541992188
12059,-37.729679107666016,144.5692596435547
12060,-37.729766845703125,144.56932067871094
12061,-37.729827880859375,144.56936645507812
12062,-37.72985076904297,144.5692596435547
12063,-37.72983932495117,144.5692596435547
12064,-37.72977828979492,144.5692596435547
12065,-37.73020553588867,144.56947326660156
12066,-37.7301139831543,144.5694122314453
12067,-37.73009490966797,144.56939697265625
12068,-37.730064392089844,144.56936645507812
12069,-37.730045318603516,144.56947326660156
12070,-37.73006057739258,144.56947326660156
12071,-37.7301139831543,144.56947326660156
12072,-37.72992706298828,144.56959533691406
12073,-37.72995376586914,144.56951904296875
12074,-37.729888916015625,144.5695037841797
12075,-37.72989273071289,144.56956481933594
12076,-37.73073196411133,144.57241821289062
12077,-37.73076248168945,144.5724334716797
12078,-37.730995178222656,144.57241821289062
12079,-37.731021881103516,144.57241821289062
12080,-37.731040954589844,144.57240295410156
12081,-37.73103332519531,144.57237243652344
12082,-37.731021881103516,144.57237243652344
12083,-37.73099899291992,144.57235717773438
12084,-37.73075866699219,144.57235717773438
12085,-37.730735778808594,144.57237243652344
12086,-37.7307014465332,144.5723876953125
12087,-37.73310852050781,144.5707550048828
12088,-37.73312759399414,144.57078552246094
12089,-37.733150482177734,144.57080078125
12090,-37.733177185058594,144.57080078125
12091,-37.73320770263672,144.57080078125
12092,-37.73323059082031,144.57078552246094
12093,-37.733245849609375,144.57077026367188
12094,-37.7332649230957,144.57073974609375
12095,-37.733272552490234,144.57069396972656
12096,-37.73326873779297,144.57066345214844
12097,-37.7332649230957,144.5706329345703
12098,-37.733245849609375,144.5706024169922
12099,-37.733219146728516,144.57058715820312
12100,-37.733192443847656,144.57057189941406
12101,-37.73316192626953,144.57057189941406
12102,-37.73313522338867,144.57058715820312
12103,-37.733123779296875,144.5706024169922
12104,-37.73310852050781,144.57061767578125
12105,-37.733097076416016,144.57064819335938
12106,-37.733089447021484,144.5706787109375
12107,-37.73309326171875,144.57070922851562
12108,-37.73310089111328,144.57073974609375
12109,-37.7328987121582,144.5706024169922
12110,-37.73302459716797,144.5706787109375
12111,-37.733299255371094,144.57077026367188
12112,-37.733402252197266,144.5707550048828
12113,-37.73330307006836,144.5706787109375
12114,-37.73324203491211,144.57052612304688
12115,-37.73322296142578,144.5703887939453
12116,-37.73316955566406,144.5705108642578
12117,-37.7330322265625,144.5706024169922
12118,-37.73284912109375,144.57298278808594
12119,-37.73284912109375,144.57284545898438
12120,-37.73286056518555,144.57273864746094
12121,-37.73286819458008,144.57266235351562
12122,-37.732879638671875,144.57260131835938
12123,-37.732887268066406,144.5725555419922
12124,-37.73284149169922,144.5723114013672
12125,-37.73280334472656,144.57257080078125
12126,-37.7327995300293,144.5725860595703
12127,-37.73279571533203,144.5727081298828
12128,-37.732784271240234,144.57278442382812
12129,-37.732765197753906,144.5728759765625
12130,-37.73273468017578,144.5729522705078
12131,-37.732696533203125,144.57310485839844
12132,-37.73271179199219,144.57313537597656
12133,-37.73273468017578,144.5731658935547
12134,-37.73276138305664,144.5731658935547
12135,-37.7327880859375,144.5731658935547
12136,-37.73281478881836,144.5731658935547
12137,-37.73283386230469,144.57315063476562
12138,-37.732845306396484,144.57313537597656
12139,-37.73286056518555,144.57308959960938
12140,-37.73286819458008,144.57305908203125
12141,-37.73286056518555,144.57301330566406
12142,-37.73282241821289,144.5729522705078
12143,-37.73279571533203,144.57293701171875
12144,-37.732765197753906,144.57293701171875
12145,-37.732975006103516,144.57310485839844
12146,-37.73292541503906,144.57305908203125
12147,-37.732906341552734,144.5731201171875
12148,-37.73229217529297,144.57565307617188
12149,-37.73227310180664,144.57579040527344
12150,-37.73224639892578,144.57591247558594
12151,-37.73223114013672,144.57606506347656
12152,-37.73222732543945,144.57611083984375
12153,-37.73222351074219,144.576171875
12154,-37.73221969604492,144.57627868652344
12155,-37.732730865478516,144.57351684570312
12156,-37.73273468017578,144.57350158691406
12157,-37.73274612426758,144.57339477539062
12158,-37.732757568359375,144.5733184814453
12159,-37.73276138305664,144.57330322265625
12160,-37.732784271240234,144.57322692871094
12161,-37.732173919677734,144.5760040283203
12162,-37.73213577270508,144.5760955810547
12163,-37.732120513916016,144.57614135742188
12164,-37.732078552246094,144.57620239257812
12165,-37.732025146484375,144.57626342773438
12166,-37.73815155029297,144.57652282714844
12167,-37.73845672607422,144.57655334472656
12168,-37.70481872558594,144.5707244873047
12169,-37.70451354980469,144.56826782226562
12170,-37.70456314086914,144.5681610107422
12171,-37.704620361328125,144.56813049316406
12172,-37.704925537109375,144.5680694580078
12173,-37.704978942871094,144.56805419921875
12174,-37.68339538574219,144.57798767089844
12175,-37.68347930908203,144.57806396484375
12176,-37.683773040771484,144.57785034179688
12177,-37.683746337890625,144.57781982421875
12178,-37.68373489379883,144.5778045654297
12179,-37.68369674682617,144.57774353027344
12180,-37.686397552490234,144.55186462402344
12181,-37.686405181884766,144.5517578125
12182,-37.6865119934082,144.55015563964844
12183,-37.69724655151367,144.55039978027344
12184,-37.69731903076172,144.55026245117188
12185,-37.697509765625,144.54989624023438
12186,-37.69752883911133,144.54986572265625
12187,-37.69767761230469,144.5497589111328
12188,-37.69886779785156,144.54953002929688
12189,-37.69896697998047,144.5495147705078
12190,-37.6900634765625,144.55133056640625
12191,-37.69009017944336,144.5513458251953
12192,-37.69013977050781,144.55137634277344
12193,-37.69118118286133,144.5511932373047
12194,-37.69181442260742,144.55108642578125
12195,-37.69241714477539,144.5509796142578
12196,-37.692527770996094,144.55101013183594
12197,-37.6926155090332,144.55105590820312
12198,-37.67988204956055,144.54193115234375
12199,-37.67986297607422,144.5419464111328
12200,-37.67962646484375,144.54197692871094
12201,-37.67868423461914,144.5421600341797
12202,-37.678375244140625,144.54222106933594
12203,-37.685977935791016,144.5591278076172
12204,-37.68597412109375,144.5592041015625
12205,-37.68595886230469,144.55938720703125
12206,-37.68593215942383,144.55972290039062
12207,-37.685935974121094,144.55982971191406
12208,-37.685970306396484,144.55992126464844
12209,-37.68600845336914,144.55999755859375
12210,-37.68608093261719,144.56004333496094
12211,-37.68613052368164,144.56005859375
12212,-37.68621063232422,144.56005859375
12213,-37.68635177612305,144.56005859375
12214,-37.68638229370117,144.56005859375
12215,-37.686431884765625,144.56004333496094
12216,-37.686527252197266,144.56002807617188
12217,-37.68659210205078,144.5600128173828
12218,-37.68669128417969,144.56005859375
12219,-37.686710357666016,144.56007385253906
12220,-37.686851501464844,144.56015014648438
12221,-37.6868782043457,144.56016540527344
12222,-37.68699645996094,144.5601806640625
12223,-37.687156677246094,144.56019592285156
12224,-37.68730545043945,144.56021118164062
12225,-37.68748092651367,144.5602264404297
12226,-37.68756103515625,144.56024169921875
12227,-37.68767547607422,144.5602264404297
12228,-37.68776321411133,144.5602264404297
12229,-37.687679290771484,144.5635528564453
12230,-37.68732452392578,144.56350708007812
12231,-37.68708419799805,144.5634765625
12232,-37.68679428100586,144.56344604492188
12233,-37.68675231933594,144.56344604492188
12234,-37.68728256225586,144.5640869140625
12235,-37.687259674072266,144.5644989013672
12236,-37.687232971191406,144.5650177001953
12237,-37.68721389770508,144.56532287597656
12238,-37.687835693359375,144.56317138671875
12239,-37.687744140625,144.56317138671875
12240,-37.68767166137695,144.56317138671875
12241,-37.687400817871094,144.56314086914062
12242,-37.68735122680664,144.56314086914062
12243,-37.687110900878906,144.5631103515625
12244,-37.68689727783203,144.56309509277344
12245,-37.686798095703125,144.56321716308594
12246,-37.686763763427734,144.56326293945312
12247,-37.68675994873047,144.5633087158203
12248,-37.68674850463867,144.5634765625
12249,-37.68687438964844,144.56369018554688
12250,-37.68693923950195,144.5637969970703
12251,-37.68698501586914,144.56387329101562
12252,-37.686973571777344,144.56407165527344
12253,-37.686946868896484,144.564453125
12254,-37.68691635131836,144.56492614746094
12255,-37.6868896484375,144.56497192382812
12256,-37.68598937988281,144.56007385253906
12257,-37.68596649169922,144.5604705810547
12258,-37.68596267700195,144.56048583984375
12259,-37.685951232910156,144.5606689453125
12260,-37.68593978881836,144.56085205078125
12261,-37.68592834472656,144.56103515625
12262,-37.6859245300293,144.56109619140625
12263,-37.6859130859375,144.5612335205078
12264,-37.6859016418457,144.56141662597656
12265,-37.685890197753906,144.56155395507812
12266,-37.68588638305664,144.56158447265625
12267,-37.685882568359375,144.56166076660156
12268,-37.68587875366211,144.5616912841797
12269,-37.68587112426758,144.561767578125
12270,-37.68585968017578,144.5619354248047
12271,-37.68584442138672,144.56198120117188
12272,-37.68581771850586,144.56211853027344
12273,-37.68571090698242,144.56224060058594
12274,-37.68545150756836,144.5624542236328
12275,-37.68543243408203,144.56248474121094
12276,-37.68540573120117,144.5625
12277,-37.685386657714844,144.5626220703125
12278,-37.685367584228516,144.56292724609375
12279,-37.686866760253906,144.5632781982422
12280,-37.68709945678711,144.56329345703125
12281,-37.68733596801758,144.56332397460938
12282,-37.68765640258789,144.5633544921875
12283,-37.68768310546875,144.56338500976562
12284,-37.68767547607422,144.563720703125
12285,-37.68767166137695,144.56394958496094
12286,-37.68767166137695,144.5641326904297
12287,-37.6871337890625,144.5640869140625
12288,-37.68708801269531,144.56500244140625
12289,-37.68693161010742,144.56497192382812
12290,-37.68730926513672,144.56369018554688
12291,-37.687068939208984,144.56365966796875
12292,-37.68692398071289,144.56365966796875
12293,-37.68567657470703,144.56211853027344
12294,-37.68563461303711,144.56210327148438
12295,-37.68539810180664,144.56207275390625
12296,-37.68510818481445,144.5620574951172
12297,-37.685115814208984,144.56187438964844
12298,-37.68540954589844,144.56190490722656
12299,-37.68711471557617,144.56448364257812
12300,-37.687408447265625,144.56304931640625
12301,-37.68746566772461,144.5621795654297
12302,-37.68740463256836,144.5620574951172
12303,-37.68745422363281,144.5612335205078
12304,-37.6873664855957,144.56085205078125
12305,-37.68741989135742,144.5603790283203
12306,-37.68741989135742,144.56036376953125
12307,-37.71638870239258,144.55587768554688
12308,-37.71636199951172,144.555908203125
12309,-37.71632766723633,144.55592346191406
12310,-37.71607971191406,144.5559844970703
12311,-37.715999603271484,144.5523681640625
12312,-37.7159309387207,144.5523681640625
12313,-37.715633392333984,144.55242919921875
12314,-37.7134895324707,144.55963134765625
12315,-37.7135009765625,144.5597381591797
12316,-37.71351623535156,144.55987548828125
12317,-37.713558197021484,144.56024169921875
12318,-37.713623046875,144.56076049804688
12319,-37.71369934082031,144.56143188476562
12320,-37.71370315551758,144.5615692138672
12321,-37.71379852294922,144.5615234375
12322,-37.71376419067383,144.5615234375
12323,-37.71372985839844,144.56153869628906
12324,-37.713687896728516,144.5615997314453
12325,-37.713680267333984,144.56163024902344
12326,-37.713680267333984,144.56167602539062
12327,-37.71369171142578,144.56170654296875
12328,-37.713706970214844,144.56175231933594
12329,-37.71372985839844,144.561767578125
12330,-37.71376037597656,144.56178283691406
12331,-37.71379852294922,144.56178283691406
12332,-37.71383285522461,144.561767578125
12333,-37.71385955810547,144.56173706054688
12334,-37.713871002197266,144.5617218017578
12335,-37.71388244628906,144.5616912841797
12336,-37.71388626098633,144.56166076660156
12337,-37.71388626098633,144.56163024902344
12338,-37.71388244628906,144.5615997314453
12339,-37.713871002197266,144.56158447265625
12340,-37.7138557434082,144.56155395507812
12341,-37.713932037353516,144.5625
12342,-37.713932037353516,144.56246948242188
12343,-37.7138671875,144.5618896484375
12344,-37.713863372802734,144.56187438964844
12345,-37.7137565612793,144.56187438964844
12346,-37.71376419067383,144.56192016601562
12347,-37.713829040527344,144.56248474121094
12348,-37.713836669921875,144.56253051757812
12349,-37.713539123535156,144.56170654296875
12350,-37.7128791809082,144.56187438964844
12351,-37.712833404541016,144.56187438964844
12352,-37.71280288696289,144.5618438720703
12353,-37.71278381347656,144.5618133544922
12354,-37.7127685546875,144.56178283691406
12355,-37.71274948120117,144.56161499023438
12356,-37.71268081665039,144.56094360351562
12357,-37.71259307861328,144.56021118164062
12358,-37.71259307861328,144.56011962890625
12359,-37.71260452270508,144.56002807617188
12360,-37.71354293823242,144.56077575683594
12361,-37.71343231201172,144.5598907470703
12362,-37.712711334228516,144.56002807617188
12363,-37.71266174316406,144.56002807617188
12364,-37.71257019042969,144.55999755859375
12365,-37.712547302246094,144.55995178222656
12366,-37.71193313598633,144.55886840820312
12367,-37.711875915527344,144.5587921142578
12368,-37.711753845214844,144.55862426757812
12369,-37.711700439453125,144.55857849121094
12370,-37.713714599609375,144.56021118164062
12371,-37.714027404785156,144.56015014648438
12372,-37.71266555786133,144.56163024902344
12373,-37.712215423583984,144.56173706054688
12374,-37.712249755859375,144.56190490722656
12375,-37.71270751953125,144.5618133544922
12376,-37.71221160888672,144.56163024902344
12377,-37.71225357055664,144.56198120117188
12378,-37.71340560913086,144.55897521972656
12379,-37.713321685791016,144.55899047851562
12380,-37.71298599243164,144.55905151367188
12381,-37.712955474853516,144.55905151367188
12382,-37.712913513183594,144.55902099609375
12383,-37.71287536621094,144.55897521972656
12384,-37.7122917175293,144.5579376220703
12385,-37.71224594116211,144.557861328125
12386,-37.713340759277344,144.55841064453125
12387,-37.71339797973633,144.5583953857422
12388,-37.71406555175781,144.5582733154297
12389,-37.71469497680664,144.5581512451172
12390,-37.715049743652344,144.55809020996094
12391,-37.68635559082031,144.56759643554688
12392,-37.68490219116211,144.5632781982422
12393,-37.6848030090332,144.56321716308594
12394,-37.68479537963867,144.56320190429688
12395,-37.68535614013672,144.55902099609375
12396,-37.68510055541992,144.55894470214844
12397,-37.68505859375,144.55892944335938
12398,-37.685020446777344,144.5589141845703
12399,-37.6851806640625,144.55889892578125
12400,-37.68511962890625,144.558837890625
12401,-37.68510055541992,144.55880737304688
12402,-37.685089111328125,144.55880737304688
12403,-37.685054779052734,144.55923461914062
12404,-37.68510055541992,144.55914306640625
12405,-37.685115814208984,144.55911254882812
12406,-37.686309814453125,144.5591583251953
12407,-37.68661117553711,144.55918884277344
12408,-37.687191009521484,144.5592498779297
12409,-37.687644958496094,144.5594024658203
12410,-37.6877326965332,144.5595703125
12411,-37.6877555847168,144.559814453125
12412,-37.68777084350586,144.56048583984375
12413,-37.68783187866211,144.56289672851562
12414,-37.687896728515625,144.5650634765625
12415,-37.687862396240234,144.5653076171875
12416,-37.68754959106445,144.56602478027344
12417,-37.687503814697266,144.566162109375
12418,-37.687461853027344,144.56631469726562
12419,-37.68744659423828,144.566650390625
12420,-37.68752670288086,144.5673828125
12421,-37.68592071533203,144.5546417236328
12422,-37.68556213378906,144.5546112060547
12423,-37.685489654541016,144.55459594726562
12424,-37.6837043762207,144.6060028076172
12425,-37.684478759765625,144.60581970214844
12426,-37.684600830078125,144.6059112548828
12427,-37.68463134765625,144.60623168945312
12428,-37.684566497802734,144.60662841796875
12429,-37.68370056152344,144.60768127441406
12430,-37.68354415893555,144.60784912109375
12431,-37.68296432495117,144.607177734375
12432,-37.70292663574219,144.5746307373047
12433,-37.70284652709961,144.57461547851562
12434,-37.70268249511719,144.5746307373047
12435,-37.70256423950195,144.57493591308594
12436,-37.70256042480469,144.57498168945312
12437,-37.70256042480469,144.5749969482422
12438,-37.702545166015625,144.5751495361328
12439,-37.717960357666016,144.64183044433594
12440,-37.7179069519043,144.6417694091797
12441,-37.71782684326172,144.6417694091797
12442,-37.70038986206055,144.61798095703125
12443,-37.69892501831055,144.61593627929688
12444,-37.698421478271484,144.61521911621094
12445,-37.69817352294922,144.61483764648438
12446,-37.69789505004883,144.6143341064453
12447,-37.69764709472656,144.61386108398438
12448,-37.69742202758789,144.61341857910156
12449,-37.69723129272461,144.6129913330078
12450,-37.697025299072266,144.61251831054688
12451,-37.69682693481445,144.61199951171875
12452,-37.6966667175293,144.61155700683594
12453,-37.696563720703125,144.61122131347656
12454,-37.69646453857422,144.61090087890625
12455,-37.704708099365234,144.62469482421875
12456,-37.70899963378906,144.6306915283203
12457,-37.71025466918945,144.63243103027344
12458,-37.7108268737793,144.6332244873047
12459,-37.711666107177734,144.6343994140625
12460,-37.7022819519043,144.62147521972656
12461,-37.7022590637207,144.6215057373047
12462,-37.7027702331543,144.57452392578125
12463,-37.70258331298828,144.57455444335938
12464,-37.702598571777344,144.57467651367188
12465,-37.70258331298828,144.57472229003906
12466,-37.70247268676758,144.5747528076172
12467,-37.70248794555664,144.5749053955078
12468,-37.70252227783203,144.5749053955078
12469,-37.70252227783203,144.57498168945312
12470,-37.70252227783203,144.5749969482422
12471,-37.70259475708008,144.57498168945312
12472,-37.702598571777344,144.57496643066406
12473,-37.702606201171875,144.57492065429688
12474,-37.702762603759766,144.57492065429688
12475,-37.7027587890625,144.574951171875
12476,-37.702754974365234,144.57496643066406
12477,-37.70280075073242,144.574951171875
12478,-37.70280838012695,144.57492065429688
12479,-37.70282745361328,144.57481384277344
12480,-37.702850341796875,144.57472229003906
12481,-37.70285415649414,144.57469177246094
12482,-37.702842712402344,144.57460021972656
12483,-37.70280075073242,144.57456970214844
12484,-37.70273971557617,144.57510375976562
12485,-37.7028694152832,144.5751190185547
12486,-37.702880859375,144.5751190185547
12487,-37.70361328125,144.574951171875
12488,-37.70358657836914,144.574951171875
12489,-37.703121185302734,144.5749969482422
12490,-37.65507507324219,144.5673828125
12491,-37.65507125854492,144.5675506591797
12492,-37.65507125854492,144.5677032470703
12493,-37.655067443847656,144.5679168701172
12494,-37.65506362915039,144.56814575195312
12495,-37.65509033203125,144.568359375
12496,-37.655120849609375,144.568603515625
12497,-37.65513229370117,144.56871032714844
12498,-37.6551513671875,144.56886291503906
12499,-37.65516662597656,144.5690155029297
12500,-37.65519714355469,144.5692596435547
12501,-37.65521240234375,144.5693817138672
12502,-37.6552734375,144.5698699951172
12503,-37.65532302856445,144.57022094726562
12504,-37.655372619628906,144.57044982910156
12505,-37.65542221069336,144.57064819335938
12506,-37.65545654296875,144.5707550048828
12507,-37.65549087524414,144.57086181640625
12508,-37.65556335449219,144.57107543945312
12509,-37.65567398071289,144.57138061523438
12510,-37.655704498291016,144.5714569091797
12511,-37.6557731628418,144.57164001464844
12512,-37.65327072143555,144.5721435546875
12513,-37.65333557128906,144.5721435546875
12514,-37.6546630859375,144.5718536376953
12515,-37.65474319458008,144.57183837890625
12516,-37.654823303222656,144.5718231201172
12517,-37.655189514160156,144.57174682617188
12518,-37.655242919921875,144.5717315673828
12519,-37.6553955078125,144.57164001464844
12520,-37.655601501464844,144.57151794433594
12521,-37.65241241455078,144.5679168701172
12522,-37.65272903442383,144.56785583496094
12523,-37.65281295776367,144.56784057617188
12524,-37.65399169921875,144.56761169433594
12525,-37.654075622558594,144.56759643554688
12526,-37.65419006347656,144.5675811767578
12527,-37.65425109863281,144.5677032470703
12528,-37.654335021972656,144.5684356689453
12529,-37.65442657470703,144.5692901611328
12530,-37.654449462890625,144.56944274902344
12531,-37.65446090698242,144.5695343017578
12532,-37.654541015625,144.5701141357422
12533,-37.65462875366211,144.5708770751953
12534,-37.65464401245117,144.5709991455078
12535,-37.654754638671875,144.57192993164062
12536,-37.65483093261719,144.5725860595703
12537,-37.654842376708984,144.5726776123047
12538,-37.653377532958984,144.572998046875
12539,-37.653438568115234,144.57298278808594
12540,-37.65450668334961,144.57275390625
12541,-37.6551399230957,144.5726318359375
12542,-37.655181884765625,144.5726318359375
12543,-37.65521240234375,144.57264709472656
12544,-37.65348815917969,144.57383728027344
12545,-37.65350341796875,144.5738525390625
12546,-37.65352249145508,144.5738525390625
12547,-37.653541564941406,144.5738525390625
12548,-37.65462112426758,144.57363891601562
12549,-37.65524673461914,144.5735321044922
12550,-37.65528869628906,144.573486328125
12551,-37.65530776977539,144.573486328125
12552,-37.65532302856445,144.5734405517578
12553,-37.655330657958984,144.5734100341797
12554,-37.6561164855957,144.5728302001953
12555,-37.65608215332031,144.57264709472656
12556,-37.65605163574219,144.572509765625
12557,-37.656036376953125,144.5724334716797
12558,-37.65599822998047,144.57229614257812
12559,-37.65597152709961,144.57220458984375
12560,-37.655277252197266,144.5729522705078
12561,-37.65534210205078,144.57293701171875
12562,-37.65593719482422,144.57281494140625
12563,-37.65603256225586,144.57278442382812
12564,-37.661888122558594,144.58079528808594
12565,-37.66218566894531,144.58111572265625
12566,-37.66223907470703,144.58114624023438
12567,-37.662315368652344,144.58131408691406
12568,-37.65599060058594,144.572509765625
12569,-37.65613555908203,144.57249450683594
12570,-37.656517028808594,144.57241821289062
12571,-37.657073974609375,144.5723114013672
12572,-37.657100677490234,144.57229614257812
12573,-37.65711212158203,144.57229614257812
12574,-37.65713119506836,144.57228088378906
12575,-37.65714645385742,144.572265625
12576,-37.65715789794922,144.57223510742188
12577,-37.657161712646484,144.57220458984375
12578,-37.65715789794922,144.5721435546875
12579,-37.65709686279297,144.5716094970703
12580,-37.65707778930664,144.57142639160156
12581,-37.657066345214844,144.57135009765625
12582,-37.65701675415039,144.57090759277344
12583,-37.65696716308594,144.57046508789062
12584,-37.65691375732422,144.5699920654297
12585,-37.65687561035156,144.56968688964844
12586,-37.6568603515625,144.56956481933594
12587,-37.65681457519531,144.56918334960938
12588,-37.65675735473633,144.56871032714844
12589,-37.656742095947266,144.56858825683594
12590,-37.65668487548828,144.56814575195312
12591,-37.65666961669922,144.56802368164062
12592,-37.65666198730469,144.56797790527344
12593,-37.65665817260742,144.56793212890625
12594,-37.656646728515625,144.5679168701172
12595,-37.656639099121094,144.56788635253906
12596,-37.656620025634766,144.56787109375
12597,-37.65659713745117,144.56787109375
12598,-37.65657424926758,144.56787109375
12599,-37.65652847290039,144.56787109375
12600,-37.6551628112793,144.56813049316406
12601,-37.658782958984375,144.56570434570312
12602,-37.65904235839844,144.56515502929688
12603,-37.65913772583008,144.56495666503906
12604,-37.65932083129883,144.56466674804688
12605,-37.6594123840332,144.5644989013672
12606,-37.65951156616211,144.5644073486328
12607,-37.65964126586914,144.5643310546875
12608,-37.659767150878906,144.56430053710938
12609,-37.659915924072266,144.56430053710938
12610,-37.66007614135742,144.56431579589844
12611,-37.66020965576172,144.56430053710938
12612,-37.66075897216797,144.56422424316406
12613,-37.66109848022461,144.5640411376953
12614,-37.661170959472656,144.5640106201172
12615,-37.660770416259766,144.56430053710938
12616,-37.66086196899414,144.56492614746094
12617,-37.66082763671875,144.56503295898438
12618,-37.66094207763672,144.56494140625
12619,-37.6590690612793,144.56491088867188
12620,-37.65887451171875,144.5647430419922
12621,-37.658782958984375,144.564697265625
12622,-37.6586799621582,144.5646514892578
12623,-37.6585693359375,144.5646514892578
12624,-37.658451080322266,144.5646514892578
12625,-37.658321380615234,144.56468200683594
12626,-37.65816116333008,144.56478881835938
12627,-37.658203125,144.56488037109375
12628,-37.65812683105469,144.56471252441406
12629,-37.66728591918945,144.5714111328125
12630,-37.66721725463867,144.57135009765625
12631,-37.667152404785156,144.57130432128906
12632,-37.6671028137207,144.5712890625
12633,-37.66639709472656,144.57142639160156
12634,-37.66514205932617,144.57167053222656
12635,-37.66510772705078,144.57168579101562
12636,-37.666900634765625,144.57174682617188
12637,-37.667240142822266,144.57168579101562
12638,-37.70669174194336,144.62786865234375
12639,-37.706783294677734,144.62799072265625
12640,-37.708065032958984,144.62974548339844
12641,-37.705833435058594,144.63038635253906
12642,-37.7053337097168,144.6282501220703
12643,-37.65523147583008,144.57266235351562
12644,-37.655242919921875,144.57269287109375
12645,-37.65524673461914,144.57272338867188
12646,-37.655250549316406,144.57273864746094
12647,-37.65531921386719,144.57330322265625
12648,-37.65589141845703,144.5720672607422
12649,-37.656097412109375,144.5733184814453
12650,-37.674922943115234,144.58604431152344
12651,-37.67490768432617,144.58590698242188
12652,-37.67487716674805,144.58580017089844
12653,-37.67485427856445,144.58572387695312
12654,-37.675559997558594,144.59144592285156
12655,-37.67551040649414,144.59103393554688
12656,-37.675018310546875,144.58692932128906
12657,-37.713531494140625,144.5883026123047
12658,-37.71356201171875,144.58831787109375
12659,-37.7136116027832,144.58828735351562
12660,-37.713626861572266,144.58828735351562
12661,-37.71366500854492,144.5882568359375
12662,-37.71365737915039,144.58819580078125
12663,-37.71363067626953,144.58819580078125
12664,-37.713600158691406,144.5882110595703
12665,-37.71357727050781,144.58822631835938
12666,-37.713565826416016,144.58822631835938
12667,-37.71353530883789,144.58824157714844
12668,-37.71282196044922,144.58839416503906
12669,-37.71238708496094,144.58847045898438
12670,-37.71232986450195,144.58847045898438
12671,-37.712318420410156,144.58847045898438
12672,-37.71224594116211,144.58843994140625
12673,-37.7051887512207,144.5707550048828
12674,-37.70391845703125,144.57098388671875
12675,-37.70527267456055,144.5679931640625
12676,-37.70559310913086,144.56793212890625
12677,-37.705665588378906,144.56790161132812
12678,-37.70591354370117,144.56784057617188
12679,-37.705223083496094,144.56756591796875
12680,-37.705596923828125,144.5679931640625
12681,-37.70565414428711,144.5685272216797
12682,-37.70567321777344,144.56874084472656
12683,-37.705989837646484,144.56845092773438
12684,-37.706024169921875,144.56874084472656
12685,-37.70592498779297,144.56793212890625
12686,-37.70583724975586,144.56724548339844
12687,-37.70547103881836,144.57460021972656
12688,-37.705482482910156,144.57460021972656
12689,-37.70549774169922,144.57461547851562
12690,-37.70551681518555,144.57461547851562
12691,-37.70567321777344,144.57461547851562
12692,-37.7056884765625,144.57460021972656
12693,-37.70570373535156,144.5745849609375
12694,-37.705711364746094,144.57456970214844
12695,-37.705711364746094,144.5745391845703
12696,-37.70570373535156,144.57452392578125
12697,-37.70569610595703,144.5745086669922
12698,-37.70568084716797,144.57449340820312
12699,-37.705657958984375,144.57449340820312
12700,-37.70550537109375,144.5745086669922
12701,-37.70548629760742,144.5745086669922
12702,-37.705474853515625,144.57452392578125
12703,-37.70546340942383,144.5745391845703
12704,-37.70545959472656,144.57455444335938
12705,-37.7061653137207,144.574462890625
12706,-37.70661163330078,144.57437133789062
12707,-37.70848846435547,144.5740203857422
12708,-37.709014892578125,144.57391357421875
12709,-37.70522689819336,144.57456970214844
12710,-37.70470428466797,144.5746307373047
12711,-37.704689025878906,144.57464599609375
12712,-37.67327117919922,144.5725555419922
12713,-37.67314910888672,144.57249450683594
12714,-37.673099517822266,144.57249450683594
12715,-37.67301940917969,144.57254028320312
12716,-37.67302322387695,144.57261657714844
12717,-37.67311477661133,144.5726318359375
12718,-37.6735725402832,144.57643127441406
12719,-37.673641204833984,144.57699584960938
12720,-37.67369079589844,144.57742309570312
12721,-37.67372131347656,144.57760620117188
12722,-37.673744201660156,144.5777130126953
12723,-37.68270492553711,144.5909423828125
12724,-37.68271255493164,144.59140014648438
12725,-37.68273162841797,144.59169006347656
12726,-37.68275451660156,144.59193420410156
12727,-37.68278884887695,144.5922088623047
12728,-37.682830810546875,144.5924530029297
12729,-37.68285369873047,144.5926055908203
12730,-37.682952880859375,144.59303283691406
12731,-37.68308639526367,144.59347534179688
12732,-37.68314743041992,144.59344482421875
12733,-37.683013916015625,144.593017578125
12734,-37.68294906616211,144.5927276611328
12735,-37.68290710449219,144.59251403808594
12736,-37.682891845703125,144.5924072265625
12737,-37.68284225463867,144.59213256835938
12738,-37.68278121948242,144.59140014648438
12739,-37.68277359008789,144.59112548828125
12740,-37.682777404785156,144.59078979492188
12741,-37.68320846557617,144.5936279296875
12742,-37.68315124511719,144.59365844726562
12743,-37.68288803100586,144.5913848876953
12744,-37.68315505981445,144.59144592285156
12745,-37.683284759521484,144.5915069580078
12746,-37.68332290649414,144.59152221679688
12747,-37.68342208862305,144.591552734375
12748,-37.68346405029297,144.59153747558594
12749,-37.68348693847656,144.59149169921875
12750,-37.68349075317383,144.59141540527344
12751,-37.683441162109375,144.5913848876953
12752,-37.68336486816406,144.5913543701172
12753,-37.68332290649414,144.5913848876953
12754,-37.684669494628906,144.5878143310547
12755,-37.684967041015625,144.58782958984375
12756,-37.685340881347656,144.5878448486328
12757,-37.683067321777344,144.59173583984375
12758,-37.68305206298828,144.59188842773438
12759,-37.68305587768555,144.59202575683594
12760,-37.68312454223633,144.59225463867188
12761,-37.683021545410156,144.59234619140625
12762,-37.73739242553711,144.57394409179688
12763,-37.73735427856445,144.57394409179688
12764,-37.737037658691406,144.5738525390625
12765,-37.73727798461914,144.5746307373047
12766,-37.737361907958984,144.5746612548828
12767,-37.737892150878906,144.57479858398438
12768,-37.73793029785156,144.57479858398438
12769,-37.73826217651367,144.57278442382812
12770,-37.73820877075195,144.57310485839844
12771,-37.738189697265625,144.57321166992188
12772,-37.7380485534668,144.5740966796875
12773,-37.73769760131836,144.57623291015625
12774,-37.7376708984375,144.5764923095703
12775,-37.73814010620117,144.57411193847656
12776,-37.73875427246094,144.57427978515625
12777,-37.739418029785156,144.57444763183594
12778,-37.73945999145508,144.574462890625
12779,-37.738258361816406,144.57322692871094
12780,-37.739566802978516,144.5735626220703
12781,-37.73960876464844,144.57357788085938
12782,-37.66585922241211,144.54092407226562
12783,-37.6655387878418,144.5382080078125
12784,-37.66553497314453,144.53817749023438
12785,-37.69540023803711,144.54684448242188
12786,-37.69540023803711,144.5468292236328
12787,-37.6986083984375,144.5471649169922
12788,-37.694522857666016,144.53990173339844
12789,-37.69852828979492,144.54685974121094
12790,-37.694942474365234,144.5430450439453
12791,-37.69169616699219,144.54336547851562
12792,-37.69532012939453,144.5465545654297
12793,-37.69804763793945,144.5424346923828
12794,-37.64912414550781,144.5598907470703
12795,-37.64912033081055,144.56002807617188
12796,-37.64910888671875,144.56008911132812
12797,-37.649070739746094,144.56016540527344
12798,-37.64899826049805,144.5587158203125
12799,-37.64905548095703,144.55868530273438
12800,-37.649085998535156,144.55862426757812
12801,-37.64909744262695,144.55856323242188
12802,-37.64908981323242,144.55850219726562
12803,-37.649070739746094,144.55845642089844
12804,-37.649017333984375,144.5583953857422
12805,-37.69026565551758,144.58792114257812
12806,-37.690208435058594,144.58724975585938
12807,-37.6901969909668,144.5871124267578
12808,-37.690189361572266,144.5871124267578
12809,-37.69009780883789,144.58639526367188
12810,-37.691070556640625,144.58949279785156
12811,-37.69563674926758,144.6050262451172
12812,-37.695587158203125,144.60391235351562
12813,-37.69558334350586,144.60382080078125
12814,-37.69635009765625,144.6105194091797
12815,-37.69625473022461,144.61012268066406
12816,-37.69617462158203,144.6097869873047
12817,-37.69610595703125,144.60946655273438
12818,-37.696022033691406,144.60906982421875
12819,-37.69596481323242,144.6087646484375
12820,-37.6959114074707,144.6084442138672
12821,-37.695858001708984,144.6081085205078
12822,-37.69582748413086,144.6078338623047
12823,-37.69577407836914,144.6073760986328
12824,-37.695709228515625,144.6066436767578
12825,-37.6956901550293,144.60626220703125
12826,-37.69567108154297,144.605712890625
12827,-37.69526672363281,144.60296630859375
12828,-37.69529724121094,144.6038818359375
12829,-37.69420623779297,144.5860137939453
12830,-37.69435119628906,144.586669921875
12831,-37.69453048706055,144.587646484375
12832,-37.694679260253906,144.5886993408203
12833,-37.69474792480469,144.58934020996094
12834,-37.694801330566406,144.59002685546875
12835,-37.69484329223633,144.59075927734375
12836,-37.69493103027344,144.5929718017578
12837,-37.69009780883789,144.5669708251953
12838,-37.69081115722656,144.5730743408203
12839,-37.69115447998047,144.5756378173828
12840,-37.69049835205078,144.568115234375
12841,-37.69035339355469,144.56692504882812
12842,-37.69135284423828,144.5751190185547
12843,-37.69119644165039,144.57391357421875
12844,-37.69110870361328,144.57315063476562
12845,-37.69214630126953,144.5786895751953
12846,-37.691741943359375,144.5771942138672
12847,-37.69389724731445,144.5836639404297
12848,-37.69370651245117,144.5830535888672
12849,-37.693538665771484,144.58262634277344
12850,-37.69328689575195,144.5819549560547
12851,-37.692970275878906,144.58114624023438
12852,-37.6925048828125,144.57981872558594
12853,-37.691410064697266,144.57691955566406
12854,-37.69157409667969,144.57765197753906
12855,-37.6917724609375,144.5784454345703
12856,-37.69199752807617,144.5791778564453
12857,-37.692256927490234,144.57997131347656
12858,-37.692626953125,144.58102416992188
12859,-37.6931266784668,144.58229064941406
12860,-37.69330978393555,144.5828094482422
12861,-37.693580627441406,144.5836639404297
12862,-37.69375991821289,144.58428955078125
12863,-37.705238342285156,144.62559509277344
12864,-37.70552444458008,144.62603759765625
12865,-37.70570373535156,144.62632751464844
12866,-37.705848693847656,144.62652587890625
12867,-37.706092834472656,144.6268768310547
12868,-37.706539154052734,144.62750244140625
12869,-37.7066764831543,144.62770080566406
12870,-37.70674514770508,144.6278076171875
12871,-37.70677947998047,144.62791442871094
12872,-37.706783294677734,144.62803649902344
12873,-37.706764221191406,144.62814331054688
12874,-37.7066764831543,144.62832641601562
12875,-37.706634521484375,144.6283721923828
12876,-37.7074089050293,144.62933349609375
12877,-37.707454681396484,144.62930297851562
12878,-37.707542419433594,144.6292724609375
12879,-37.70760726928711,144.6292724609375
12880,-37.707672119140625,144.62928771972656
12881,-37.707759857177734,144.6293487548828
12882,-37.707881927490234,144.62945556640625
12883,-37.70802307128906,144.62960815429688
12884,-37.7081413269043,144.62973022460938
12885,-37.7082633972168,144.62989807128906
12886,-37.708946228027344,144.63084411621094
12887,-37.70915985107422,144.6311492919922
12888,-37.70928192138672,144.63128662109375
12889,-37.70954132080078,144.631591796875
12890,-37.7097053527832,144.6317901611328
12891,-37.71000289916992,144.58999633789062
12892,-37.710079193115234,144.58998107910156
12893,-37.71073532104492,144.58985900878906
12894,-37.71126174926758,144.5897674560547
12895,-37.7113151550293,144.58975219726562
12896,-37.71134948730469,144.58975219726562
12897,-37.71138381958008,144.58978271484375
12898,-37.71140670776367,144.58981323242188
12899,-37.71142578125,144.58985900878906
12900,-37.711448669433594,144.5900421142578
12901,-37.711456298828125,144.59007263183594
12902,-37.71147537231445,144.59011840820312
12903,-37.71150207519531,144.59014892578125
12904,-37.71153259277344,144.59017944335938
12905,-37.71158218383789,144.59019470214844
12906,-37.71162796020508,144.59019470214844
12907,-37.71169662475586,144.59019470214844
12908,-37.71195983886719,144.5901336669922
12909,-37.71066665649414,144.58712768554688
12910,-37.71059799194336,144.58712768554688
12911,-37.70977783203125,144.5872802734375
12912,-37.709693908691406,144.58729553222656
12913,-37.71076965332031,144.58802795410156
12914,-37.7107048034668,144.58802795410156
12915,-37.709877014160156,144.5881805419922
12916,-37.70979690551758,144.58819580078125
12917,-37.70974349975586,144.5877227783203
12918,-37.709659576416016,144.58773803710938
12919,-37.70911407470703,144.5878448486328
12920,-37.70904541015625,144.58786010742188
12921,-37.71214294433594,144.6004180908203
12922,-37.71140670776367,144.5974578857422
12923,-37.712162017822266,144.58883666992188
12924,-37.71209716796875,144.58883666992188
12925,-37.7116813659668,144.58877563476562
12926,-37.711612701416016,144.58877563476562
12927,-37.71155548095703,144.5887908935547
12928,-37.711280822753906,144.58883666992188
12929,-37.710872650146484,144.5889129638672
12930,-37.70998001098633,144.58908081054688
12931,-37.70989990234375,144.58908081054688
12932,-37.7105598449707,144.5862274169922
12933,-37.7105712890625,144.5863037109375
12934,-37.71086120605469,144.58883666992188
12935,-37.7122802734375,144.58680725097656
12936,-37.71221160888672,144.58682250976562
12937,-37.71145248413086,144.5869598388672
12938,-37.711429595947266,144.58697509765625
12939,-37.71140670776367,144.5869903564453
12940,-37.71139144897461,144.58702087402344
12941,-37.71138000488281,144.58705139160156
12942,-37.71137619018555,144.58709716796875
12943,-37.71144485473633,144.58770751953125
12944,-37.711456298828125,144.58773803710938
12945,-37.71147537231445,144.58778381347656
12946,-37.71150588989258,144.58779907226562
12947,-37.71153259277344,144.5878143310547
12948,-37.71156311035156,144.5878143310547
12949,-37.71159744262695,144.58779907226562
12950,-37.712249755859375,144.5876922607422
12951,-37.71230697631836,144.5876922607422
12952,-37.71282958984375,144.58847045898438
12953,-37.712860107421875,144.58880615234375
12954,-37.71285629272461,144.5890655517578
12955,-37.712852478027344,144.5893096923828
12956,-37.71287536621094,144.58953857421875
12957,-37.71294403076172,144.5901641845703
12958,-37.712947845458984,144.5902862548828
12959,-37.71294021606445,144.59036254882812
12960,-37.712921142578125,144.59043884277344
12961,-37.71221923828125,144.5862579345703
12962,-37.712303161621094,144.5870361328125
12963,-37.71231460571289,144.58724975585938
12964,-37.712318420410156,144.5874786376953
12965,-37.71229934692383,144.587890625
12966,-37.7122802734375,144.5880584716797
12967,-37.712249755859375,144.58824157714844
12968,-37.71224594116211,144.5882568359375
12969,-37.71223831176758,144.5883331298828
12970,-37.71224594116211,144.58837890625
12971,-37.71223068237305,144.5885009765625
12972,-37.71221160888672,144.5885467529297
12973,-37.71219253540039,144.588623046875
12974,-37.71217727661133,144.5886993408203
12975,-37.71215057373047,144.5891876220703
12976,-37.712162017822266,144.5894775390625
12977,-37.71218490600586,144.58982849121094
12978,-37.71199035644531,144.58584594726562
12979,-37.71187210083008,144.58580017089844
12980,-37.711788177490234,144.5857391357422
12981,-37.711700439453125,144.58567810058594
12982,-37.711585998535156,144.58558654785156
12983,-37.71143341064453,144.58547973632812
12984,-37.711265563964844,144.5854034423828
12985,-37.71112823486328,144.58534240722656
12986,-37.71102523803711,144.58531188964844
12987,-37.71092224121094,144.58529663085938
12988,-37.7108154296875,144.5852813720703
12989,-37.710670471191406,144.58529663085938
12990,-37.71052169799805,144.5853271484375
12991,-37.70973587036133,144.58546447753906
12992,-37.709590911865234,144.58639526367188
12993,-37.70967483520508,144.5863800048828
12994,-37.711368560791016,144.58607482910156
12995,-37.71144485473633,144.5860595703125
12996,-37.711509704589844,144.58599853515625
12997,-37.711647033691406,144.58575439453125
12998,-37.71575927734375,144.5955352783203
12999,-37.71577072143555,144.5955352783203
13000,-37.71578598022461,144.5955352783203
13001,-37.71583557128906,144.59555053710938
13002,-37.71590042114258,144.5955810546875
13003,-37.717185974121094,144.59378051757812
13004,-37.71711349487305,144.59378051757812
13005,-37.716121673583984,144.59396362304688
13006,-37.71608352661133,144.59397888183594
13007,-37.71604919433594,144.59402465820312
13008,-37.716033935546875,144.59405517578125
13009,-37.716033935546875,144.59410095214844
13010,-37.716041564941406,144.5941619873047
13011,-37.716102600097656,144.59469604492188
13012,-37.71611022949219,144.5947723388672
13013,-37.71612548828125,144.59481811523438
13014,-37.71615219116211,144.5948486328125
13015,-37.7161865234375,144.59486389160156
13016,-37.71622848510742,144.59486389160156
13017,-37.71668243408203,144.59478759765625
13018,-37.717262268066406,144.5946807861328
13019,-37.71733856201172,144.59466552734375
13020,-37.71729278564453,144.59429931640625
13021,-37.71735763549805,144.5942840576172
13022,-37.718013763427734,144.5941619873047
13023,-37.71824264526367,144.59410095214844
13024,-37.718536376953125,144.5939483642578
13025,-37.71714782714844,144.59344482421875
13026,-37.71720886230469,144.59344482421875
13027,-37.717891693115234,144.59332275390625
13028,-37.71803283691406,144.59326171875
13029,-37.71818161010742,144.59320068359375
13030,-37.71733093261719,144.59190368652344
13031,-37.717262268066406,144.5919189453125
13032,-37.717227935791016,144.59193420410156
13033,-37.715877532958984,144.59217834472656
13034,-37.715816497802734,144.59219360351562
13035,-37.7171745300293,144.59103393554688
13036,-37.717105865478516,144.59103393554688
13037,-37.71580505371094,144.59127807617188
13038,-37.71576690673828,144.59129333496094
13039,-37.71574401855469,144.59130859375
13040,-37.71573257446289,144.59133911132812
13041,-37.715728759765625,144.59140014648438
13042,-37.715736389160156,144.5914764404297
13043,-37.71589660644531,144.59288024902344
13044,-37.71590805053711,144.59298706054688
13045,-37.71592330932617,144.593017578125
13046,-37.715946197509766,144.59304809570312
13047,-37.71597671508789,144.5930633544922
13048,-37.71601104736328,144.5930633544922
13049,-37.71695327758789,144.5928955078125
13050,-37.71703338623047,144.5928955078125
13051,-37.7170524597168,144.59291076660156
13052,-37.71712112426758,144.59292602539062
13053,-37.71738815307617,144.59519958496094
13054,-37.71737289428711,144.59507751464844
13055,-37.71731185913086,144.59445190429688
13056,-37.71726989746094,144.59414672851562
13057,-37.71710968017578,144.59307861328125
13058,-37.71710968017578,144.5930633544922
13059,-37.71711349487305,144.59300231933594
13060,-37.71714782714844,144.59283447265625
13061,-37.717166900634766,144.59278869628906
13062,-37.71721649169922,144.59271240234375
13063,-37.71726608276367,144.59263610839844
13064,-37.71733856201172,144.5925750732422
13065,-37.71742630004883,144.59254455566406
13066,-37.7175178527832,144.592529296875
13067,-37.71779251098633,144.5924835205078
13068,-37.71785354614258,144.5924530029297
13069,-37.71798324584961,144.5924072265625
13070,-37.717071533203125,144.59010314941406
13071,-37.71708679199219,144.5902099609375
13072,-37.71723175048828,144.59141540527344
13073,-37.71737289428711,144.59210205078125
13074,-37.71741485595703,144.5924530029297
13075,-37.718467712402344,144.58985900878906
13076,-37.718570709228516,144.5907745361328
13077,-37.71859359741211,144.5908966064453
13078,-37.71866989135742,144.59127807617188
13079,-37.718814849853516,144.59181213378906
13080,-37.71883773803711,144.59190368652344
13081,-37.71883773803711,144.59193420410156
13082,-37.718833923339844,144.5919647216797
13083,-37.71881866455078,144.5919952392578
13084,-37.71877670288086,144.59202575683594
13085,-37.71845245361328,144.59217834472656
13086,-37.70619583129883,144.62937927246094
13087,-37.70641326904297,144.62950134277344
13088,-37.70654296875,144.62954711914062
13089,-37.70673751831055,144.6295623779297
13090,-37.706871032714844,144.62954711914062
13091,-37.7062873840332,144.62844848632812
13092,-37.706050872802734,144.62850952148438
13093,-37.705928802490234,144.6285400390625
13094,-37.705875396728516,144.628662109375
13095,-37.70590591430664,144.62887573242188
13096,-37.705970764160156,144.62925720214844
13097,-37.706050872802734,144.62939453125
13098,-37.70612335205078,144.6298065185547
13099,-37.706207275390625,144.6300048828125
13100,-37.706295013427734,144.63006591796875
13101,-37.70644760131836,144.6300506591797
13102,-37.70713424682617,144.6298828125
13103,-37.707237243652344,144.6297607421875
13104,-37.70732116699219,144.62957763671875
13105,-37.70735549926758,144.62940979003906
13106,-37.706687927246094,144.62867736816406
13107,-37.70674514770508,144.628662109375
13108,-37.70682144165039,144.628662109375
13109,-37.70688247680664,144.62867736816406
13110,-37.706912994384766,144.62872314453125
13111,-37.70732498168945,144.62928771972656
13112,-37.707027435302734,144.62950134277344
13113,-37.706790924072266,144.62876892089844
13114,-37.70694351196289,144.6289825439453
13115,-37.7066650390625,144.62876892089844
13116,-37.706787109375,144.62904357910156
13117,-37.70685577392578,144.6294708251953
13118,-37.70163345336914,144.56370544433594
13119,-37.701454162597656,144.56373596191406
13120,-37.70135498046875,144.56375122070312
13121,-37.70089340209961,144.56382751464844
13122,-37.700992584228516,144.56460571289062
13123,-37.701438903808594,144.56451416015625
13124,-37.73991012573242,144.5717010498047
13125,-37.739898681640625,144.57179260253906
13126,-37.73981475830078,144.57229614257812
13127,-37.7396354675293,144.5734100341797
13128,-37.739532470703125,144.5740203857422
13129,-37.73947525024414,144.57437133789062
13130,-37.739166259765625,144.57626342773438
13131,-37.739158630371094,144.57632446289062
13132,-37.73914337158203,144.576416015625
13133,-37.73671340942383,144.5761260986328
13134,-37.73701477050781,144.57615661621094
13135,-37.73842239379883,144.57632446289062
13136,-37.73884201049805,144.57638549804688
13137,-37.73929214477539,144.57643127441406
13138,-37.73952865600586,144.57644653320312
13139,-37.73843765258789,144.57623291015625
13140,-37.73874282836914,144.5743408203125
13141,-37.739994049072266,144.5718231201172
13142,-37.739627838134766,144.57403564453125
13143,-37.739952087402344,144.57412719726562
13144,-37.71458053588867,144.63772583007812
13145,-37.71430587768555,144.63734436035156
13146,-37.71428298950195,144.63729858398438
13147,-37.714271545410156,144.6372528076172
13148,-37.71426773071289,144.63722229003906
13149,-37.71427917480469,144.63717651367188
13150,-37.714298248291016,144.63714599609375
13151,-37.714332580566406,144.6371307373047
13152,-37.71437454223633,144.63711547851562
13153,-37.71453857421875,144.63706970214844
13154,-37.682281494140625,144.6240997314453
13155,-37.682308197021484,144.62266540527344
13156,-37.682334899902344,144.6211395263672
13157,-37.68239212036133,144.61819458007812
13158,-37.70903015136719,144.57403564453125
13159,-37.73760986328125,144.57261657714844
13160,-37.737735748291016,144.59622192382812
13161,-37.73750686645508,144.59629821777344
13162,-37.73737335205078,144.59632873535156
13163,-37.73702621459961,144.5963897705078
13164,-37.73627471923828,144.5965118408203
13165,-37.73588943481445,144.59658813476562
13166,-37.73567581176758,144.59657287597656
13167,-37.737998962402344,144.5962677001953
13168,-37.7380256652832,144.59625244140625
13169,-37.73804473876953,144.59622192382812
13170,-37.73805236816406,144.59619140625
13171,-37.73805618286133,144.59616088867188
13172,-37.73805236816406,144.59613037109375
13173,-37.738037109375,144.59609985351562
13174,-37.73801040649414,144.5960693359375
13175,-37.73798370361328,144.59605407714844
13176,-37.73795700073242,144.59605407714844
13177,-37.73793411254883,144.59605407714844
13178,-37.737911224365234,144.5960693359375
13179,-37.73789596557617,144.59609985351562
13180,-37.737884521484375,144.5961151123047
13181,-37.737876892089844,144.59616088867188
13182,-37.73788070678711,144.59619140625
13183,-37.73788833618164,144.59622192382812
13184,-37.7379035949707,144.5962371826172
13185,-37.737918853759766,144.5962677001953
13186,-37.73794174194336,144.5962677001953
13187,-37.73796844482422,144.59628295898438
13188,-37.73780059814453,144.59622192382812
13189,-37.73784255981445,144.59622192382812
13190,-37.73796081542969,144.5963134765625
13191,-37.737972259521484,144.5963592529297
13192,-37.73800277709961,144.59634399414062
13193,-37.738014221191406,144.59628295898438
13194,-37.73810577392578,144.59619140625
13195,-37.738155364990234,144.59619140625
13196,-37.7381591796875,144.5961456298828
13197,-37.73810577392578,144.5961151123047
13198,-37.737979888916016,144.59597778320312
13199,-37.73795700073242,144.5959014892578
13200,-37.737945556640625,144.59584045410156
13201,-37.737937927246094,144.59591674804688
13202,-37.7379264831543,144.59597778320312
13203,-37.7379150390625,144.59603881835938
13204,-37.73785400390625,144.5961456298828
13205,-37.7378044128418,144.59617614746094
13206,-37.73940658569336,144.5856170654297
13207,-37.7391242980957,144.58570861816406
13208,-37.739013671875,144.58575439453125
13209,-37.738853454589844,144.58587646484375
13210,-37.73850631713867,144.586181640625
13211,-37.738277435302734,144.58648681640625
13212,-37.73789596557617,144.58726501464844
13213,-37.73773193359375,144.5877227783203
13214,-37.737674713134766,144.58828735351562
13215,-37.7376823425293,144.58901977539062
13216,-37.73773193359375,144.59011840820312
13217,-37.73775863647461,144.5906524658203
13218,-37.73780822753906,144.59117126464844
13219,-37.73798751831055,144.59210205078125
13220,-37.73801803588867,144.5923309326172
13221,-37.738040924072266,144.59249877929688
13222,-37.738059997558594,144.5926971435547
13223,-37.738067626953125,144.5928955078125
13224,-37.738067626953125,144.5931854248047
13225,-37.73805236816406,144.59347534179688
13226,-37.738033294677734,144.59371948242188
13227,-37.738014221191406,144.59393310546875
13228,-37.737945556640625,144.59486389160156
13229,-37.73793029785156,144.5950469970703
13230,-37.7379264831543,144.59524536132812
13231,-37.7379264831543,144.595458984375
13232,-37.73793029785156,144.5955810546875
13233,-37.73793411254883,144.59568786621094
13234,-37.69380187988281,144.60316467285156
13235,-37.68110656738281,144.60293579101562
13236,-37.68113327026367,144.60264587402344
13237,-37.681114196777344,144.60244750976562
13238,-37.6810417175293,144.6022186279297
13239,-37.680938720703125,144.60203552246094
13240,-37.68082046508789,144.60189819335938
13241,-37.68037033081055,144.6013641357422
13242,-37.68029022216797,144.601318359375
13243,-37.680206298828125,144.60128784179688
13244,-37.680057525634766,144.6012725830078
13245,-37.679969787597656,144.60130310058594
13246,-37.67988204956055,144.60134887695312
13247,-37.679813385009766,144.60140991210938
13248,-37.67975997924805,144.60147094726562
13249,-37.67970657348633,144.6015625
13250,-37.6795654296875,144.60198974609375
13251,-37.67940902709961,144.6024932861328
13252,-37.67928695678711,144.60281372070312
13253,-37.6791877746582,144.60301208496094
13254,-37.67863845825195,144.60385131835938
13255,-37.678260803222656,144.6044158935547
13256,-37.678077697753906,144.60464477539062
13257,-37.67779541015625,144.60498046875
13258,-37.6777229309082,144.6051025390625
13259,-37.67767333984375,144.60523986816406
13260,-37.67765426635742,144.6053466796875
13261,-37.67765808105469,144.60548400878906
13262,-37.678253173828125,144.61029052734375
13263,-37.67828369140625,144.61044311523438
13264,-37.67198944091797,144.59014892578125
13265,-37.67161178588867,144.5904998779297
13266,-37.670982360839844,144.59092712402344
13267,-37.6707649230957,144.59095764160156
13268,-37.67033767700195,144.5908966064453
13269,-37.67017364501953,144.5908203125
13270,-37.66952133178711,144.59043884277344
13271,-37.66886901855469,144.5898895263672
13272,-37.6684684753418,144.5895538330078
13273,-37.66845703125,144.58953857421875
13274,-37.65205764770508,144.574462890625
13275,-37.677001953125,144.55697631835938
13276,-37.677001953125,144.5574188232422
13277,-37.67720031738281,144.5581512451172
13278,-37.67729568481445,144.55836486816406
13279,-37.6773681640625,144.55859375
13280,-37.67742156982422,144.55921936035156
13281,-37.67730712890625,144.55979919433594
13282,-37.67721939086914,144.56004333496094
13283,-37.67719268798828,144.5601348876953
13284,-37.7088623046875,144.62567138671875
13285,-37.70890808105469,144.6256103515625
13286,-37.70931625366211,144.62496948242188
13287,-37.70973205566406,144.62432861328125
13288,-37.70978546142578,144.62425231933594
13289,-37.709815979003906,144.62718200683594
13290,-37.70987319946289,144.62713623046875
13291,-37.71011734008789,144.62693786621094
13292,-37.71042251586914,144.62667846679688
13293,-37.710975646972656,144.62623596191406
13294,-37.71104431152344,144.6261749267578
13295,-37.70936965942383,144.62503051757812
13296,-37.70978546142578,144.6254425048828
13297,-37.71038818359375,144.62661743164062
13298,-37.709903717041016,144.6229248046875
13299,-37.70991134643555,144.62301635742188
13300,-37.70991516113281,144.623046875
13301,-37.70992660522461,144.6230926513672
13302,-37.7099494934082,144.62313842773438
13303,-37.71000289916992,144.62319946289062
13304,-37.71044921875,144.62364196777344
13305,-37.71049118041992,144.6237030029297
13306,-37.71053695678711,144.62376403808594
13307,-37.71064376831055,144.6239776611328
13308,-37.71726989746094,144.63363647460938
13309,-37.717105865478516,144.63331604003906
13310,-37.71671676635742,144.632568359375
13311,-37.716373443603516,144.63189697265625
13312,-37.71623611450195,144.63162231445312
13313,-37.71604919433594,144.63125610351562
13314,-37.715118408203125,144.62945556640625
13315,-37.714744567871094,144.62872314453125
13316,-37.714569091796875,144.62838745117188
13317,-37.71449279785156,144.6282958984375
13318,-37.71440887451172,144.62823486328125
13319,-37.71431350708008,144.62818908691406
13320,-37.70940399169922,144.62127685546875
13321,-37.70947265625,144.6212615966797
13322,-37.71015167236328,144.62115478515625
13323,-37.71018981933594,144.6211395263672
13324,-37.7102165222168,144.62112426757812
13325,-37.710243225097656,144.62110900878906
13326,-37.71030044555664,144.6210479736328
13327,-37.704715728759766,144.62307739257812
13328,-37.70478820800781,144.62303161621094
13329,-37.70479202270508,144.62303161621094
13330,-37.7048225402832,144.6230010986328
13331,-37.704864501953125,144.62298583984375
13332,-37.7051887512207,144.6228790283203
13333,-37.70527267456055,144.62286376953125
13334,-37.705631256103516,144.622802734375
13335,-37.705692291259766,144.62278747558594
13336,-37.71302032470703,144.6322021484375
13337,-37.71428298950195,144.63116455078125
13338,-37.71490478515625,144.6339111328125
13339,-37.71484375,144.6337890625
13340,-37.714134216308594,144.63241577148438
13341,-37.71409606933594,144.63235473632812
13342,-37.70920944213867,144.62367248535156
13343,-37.70915985107422,144.62374877929688
13344,-37.708290100097656,144.62509155273438
13345,-37.70783996582031,144.62579345703125
13346,-37.707794189453125,144.62586975097656
13347,-37.70768737792969,144.62603759765625
13348,-37.70726013183594,144.62669372558594
13349,-37.70724105834961,144.62673950195312
13350,-37.707237243652344,144.6267852783203
13351,-37.707252502441406,144.62684631347656
13352,-37.707279205322266,144.62689208984375
13353,-37.70763397216797,144.6273956298828
13354,-37.70769500732422,144.62747192382812
13355,-37.7081184387207,144.62806701660156
13356,-37.708168029785156,144.6281280517578
13357,-37.70859909057617,144.6287384033203
13358,-37.708648681640625,144.62881469726562
13359,-37.70907974243164,144.62940979003906
13360,-37.70913314819336,144.62948608398438
13361,-37.70956039428711,144.6300811767578
13362,-37.709999084472656,144.6306915283203
13363,-37.71004867553711,144.63075256347656
13364,-37.710472106933594,144.63134765625
13365,-37.71049880981445,144.63136291503906
13366,-37.71051788330078,144.63137817382812
13367,-37.710533142089844,144.63137817382812
13368,-37.71055221557617,144.63137817382812
13369,-37.709617614746094,144.63002014160156
13370,-37.70994567871094,144.62966918945312
13371,-37.71070098876953,144.62904357910156
13372,-37.71075439453125,144.62899780273438
13373,-37.71502685546875,144.6326141357422
13374,-37.71562957763672,144.6321258544922
13375,-37.71615982055664,144.63168334960938
13376,-37.70769119262695,144.62733459472656
13377,-37.708133697509766,144.6268310546875
13378,-37.708370208740234,144.62644958496094
13379,-37.708412170410156,144.62637329101562
13380,-37.710758209228516,144.62388610839844
13381,-37.71079635620117,144.62396240234375
13382,-37.71139907836914,144.62513732910156
13383,-37.71144104003906,144.62521362304688
13384,-37.706478118896484,144.6239776611328
13385,-37.706520080566406,144.62403869628906
13386,-37.70673751831055,144.6243438720703
13387,-37.70679473876953,144.62442016601562
13388,-37.7074089050293,144.62503051757812
13389,-37.710792541503906,144.6220245361328
13390,-37.710853576660156,144.62196350097656
13391,-37.71109390258789,144.62176513671875
13392,-37.7158088684082,144.63414001464844
13393,-37.715457916259766,144.63345336914062
13394,-37.714656829833984,144.63189697265625
13395,-37.710567474365234,144.6314697265625
13396,-37.710594177246094,144.6315155029297
13397,-37.71059799194336,144.63153076171875
13398,-37.71067810058594,144.63162231445312
13399,-37.71072769165039,144.63168334960938
13400,-37.71075439453125,144.63169860839844
13401,-37.71077346801758,144.6317138671875
13402,-37.71079635620117,144.63169860839844
13403,-37.711524963378906,144.63111877441406
13404,-37.7115592956543,144.63107299804688
13405,-37.711551666259766,144.6309814453125
13406,-37.71147155761719,144.63075256347656
13407,-37.711448669433594,144.63070678710938
13408,-37.711395263671875,144.63064575195312
13409,-37.70621871948242,144.6208038330078
13410,-37.70635223388672,144.62217712402344
13411,-37.70642852783203,144.6229705810547
13412,-37.706443786621094,144.62306213378906
13413,-37.706520080566406,144.62319946289062
13414,-37.7067756652832,144.62355041503906
13415,-37.706809997558594,144.62359619140625
13416,-37.71009826660156,144.63070678710938
13417,-37.710384368896484,144.63038635253906
13418,-37.711097717285156,144.62982177734375
13419,-37.71115493774414,144.62977600097656
13420,-37.70835876464844,144.6251678466797
13421,-37.70922088623047,144.62603759765625
13422,-37.70926284790039,144.6260986328125
13423,-37.7095832824707,144.62672424316406
13424,-37.7099723815918,144.6274871826172
13425,-37.710205078125,144.62794494628906
13426,-37.71036148071289,144.6282501220703
13427,-37.7108039855957,144.6291046142578
13428,-37.71125030517578,144.6299591064453
13429,-37.71128845214844,144.62998962402344
13430,-37.71133041381836,144.6300048828125
13431,-37.71139907836914,144.63002014160156
13432,-37.70721435546875,144.6255645751953
13433,-37.707183837890625,144.6255340576172
13434,-37.7071647644043,144.62548828125
13435,-37.70716094970703,144.6254425048828
13436,-37.70718002319336,144.62538146972656
13437,-37.70784378051758,144.62435913085938
13438,-37.708255767822266,144.6237030029297
13439,-37.70790100097656,144.6233367919922
13440,-37.707881927490234,144.62330627441406
13441,-37.70785903930664,144.62327575683594
13442,-37.70785140991211,144.62322998046875
13443,-37.70784378051758,144.62318420410156
13444,-37.70777130126953,144.62242126464844
13445,-37.707763671875,144.62234497070312
13446,-37.7154426574707,144.63546752929688
13447,-37.716064453125,144.6349639892578
13448,-37.71670913696289,144.63442993164062
13449,-37.71678161621094,144.63436889648438
13450,-37.717247009277344,144.6339874267578
13451,-37.7078742980957,144.62232971191406
13452,-37.70785903930664,144.62216186523438
13453,-37.707725524902344,144.62075805664062
13454,-37.70771789550781,144.62066650390625
13455,-37.70771026611328,144.62063598632812
13456,-37.70770263671875,144.62062072753906
13457,-37.70768356323242,144.62059020996094
13458,-37.7076530456543,144.62057495117188
13459,-37.70759963989258,144.6205596923828
13460,-37.70733642578125,144.62060546875
13461,-37.70725631713867,144.62060546875
13462,-37.707183837890625,144.62059020996094
13463,-37.7071418762207,144.62059020996094
13464,-37.70710754394531,144.62060546875
13465,-37.707000732421875,144.6206817626953
13466,-37.70692443847656,144.62075805664062
13467,-37.713558197021484,144.63278198242188
13468,-37.71352767944336,144.6328125
13469,-37.7135009765625,144.63282775878906
13470,-37.713462829589844,144.63282775878906
13471,-37.71342468261719,144.6328125
13472,-37.71339416503906,144.63278198242188
13473,-37.71290588378906,144.6320037841797
13474,-37.71282958984375,144.6318817138672
13475,-37.712711334228516,144.63174438476562
13476,-37.71257019042969,144.63160705566406
13477,-37.71244430541992,144.63150024414062
13478,-37.71234130859375,144.63137817382812
13479,-37.7122917175293,144.6313018798828
13480,-37.71226119995117,144.63124084472656
13481,-37.712196350097656,144.63113403320312
13482,-37.71208953857422,144.63087463378906
13483,-37.7119140625,144.63034057617188
13484,-37.71190643310547,144.6302490234375
13485,-37.711910247802734,144.63018798828125
13486,-37.711936950683594,144.63011169433594
13487,-37.71196365356445,144.63006591796875
13488,-37.7125244140625,144.62950134277344
13489,-37.71256637573242,144.6294708251953
13490,-37.71260452270508,144.6294708251953
13491,-37.7126350402832,144.6294708251953
13492,-37.71266174316406,144.6295166015625
13493,-37.71299362182617,144.63015747070312
13494,-37.7133674621582,144.63088989257812
13495,-37.70431900024414,144.62232971191406
13496,-37.704383850097656,144.6222686767578
13497,-37.70442199707031,144.62225341796875
13498,-37.7044677734375,144.62222290039062
13499,-37.70518112182617,144.6219940185547
13500,-37.70523452758789,144.62197875976562
13501,-37.70528793334961,144.62196350097656
13502,-37.705543518066406,144.62193298339844
13503,-37.70560836791992,144.62191772460938
13504,-37.709136962890625,144.6293487548828
13505,-37.709503173828125,144.6289520263672
13506,-37.71031188964844,144.62828063964844
13507,-37.71462631225586,144.6288299560547
13508,-37.71436309814453,144.62904357910156
13509,-37.713539123535156,144.6297149658203
13510,-37.718238830566406,144.63624572753906
13511,-37.717586517333984,144.6363525390625
13512,-37.717491149902344,144.63633728027344
13513,-37.71133041381836,144.6234130859375
13514,-37.71137237548828,144.6234893798828
13515,-37.711944580078125,144.62460327148438
13516,-37.71201705932617,144.624755859375
13517,-37.71207046508789,144.62484741210938
13518,-37.71299743652344,144.62664794921875
13519,-37.7130241394043,144.62669372558594
13520,-37.71302795410156,144.6267547607422
13521,-37.7130241394043,144.6267852783203
13522,-37.7130012512207,144.6268310546875
13523,-37.71295928955078,144.6268768310547
13524,-37.712921142578125,144.6269073486328
13525,-37.71196746826172,144.627685546875
13526,-37.71192932128906,144.62771606445312
13527,-37.711856842041016,144.6277618408203
13528,-37.70904541015625,144.62350463867188
13529,-37.7090950012207,144.6234130859375
13530,-37.70912551879883,144.6233673095703
13531,-37.70927429199219,144.6231231689453
13532,-37.70934295654297,144.62306213378906
13533,-37.70940017700195,144.62303161621094
13534,-37.709468841552734,144.6230010986328
13535,-37.709537506103516,144.62298583984375
13536,-37.71002197265625,144.62290954589844
13537,-37.71071243286133,144.622802734375
13538,-37.710750579833984,144.622802734375
13539,-37.710777282714844,144.62278747558594
13540,-37.7108039855957,144.62277221679688
13541,-37.71101760864258,144.62258911132812
13542,-37.71106719970703,144.62254333496094
13543,-37.71642303466797,144.63363647460938
13544,-37.70553207397461,144.62448120117188
13545,-37.705596923828125,144.62440490722656
13546,-37.705997467041016,144.6239471435547
13547,-37.70604705810547,144.62388610839844
13548,-37.71217727661133,144.63082885742188
13549,-37.708656311035156,144.62867736816406
13550,-37.70906448364258,144.6282196044922
13551,-37.709922790527344,144.6275177001953
13552,-37.71026611328125,144.6278839111328
13553,-37.710811614990234,144.62744140625
13554,-37.71137619018555,144.6269989013672
13555,-37.71144104003906,144.62693786621094
13556,-37.708980560302734,144.62721252441406
13557,-37.70895004272461,144.6271514892578
13558,-37.70873260498047,144.62672424316406
13559,-37.70866394042969,144.6266326904297
13560,-37.70790481567383,144.62586975097656
13561,-37.710811614990234,144.625732421875
13562,-37.710880279541016,144.62567138671875
13563,-37.71091842651367,144.62564086914062
13564,-37.71138000488281,144.62527465820312
13565,-37.71195602416992,144.6248016357422
13566,-37.70881271362305,144.62315368652344
13567,-37.70873260498047,144.62318420410156
13568,-37.70860290527344,144.6232452392578
13569,-37.708560943603516,144.62326049804688
13570,-37.708526611328125,144.623291015625
13571,-37.708492279052734,144.6233367919922
13572,-37.71670150756836,144.63648986816406
13573,-37.71666717529297,144.6361541748047
13574,-37.716644287109375,144.63609313964844
13575,-37.709468841552734,144.62208557128906
13576,-37.70946502685547,144.62200927734375
13577,-37.70939254760742,144.6211700439453
13578,-37.70932388305664,144.62059020996094
13579,-37.709327697753906,144.62051391601562
13580,-37.70933532714844,144.6204833984375
13581,-37.709346771240234,144.62045288085938
13582,-37.70936584472656,144.62042236328125
13583,-37.70937728881836,144.6204071044922
13584,-37.70940017700195,144.6204071044922
13585,-37.709442138671875,144.62039184570312
13586,-37.70954895019531,144.62042236328125
13587,-37.71006774902344,144.62045288085938
13588,-37.710105895996094,144.62046813964844
13589,-37.710140228271484,144.62049865722656
13590,-37.71015167236328,144.62051391601562
13591,-37.710166931152344,144.6205596923828
13592,-37.710166931152344,144.62059020996094
13593,-37.710166931152344,144.62071228027344
13594,-37.710174560546875,144.62075805664062
13595,-37.71018981933594,144.62083435058594
13596,-37.71021270751953,144.6208953857422
13597,-37.71065139770508,144.6217498779297
13598,-37.71142578125,144.6232452392578
13599,-37.71146011352539,144.62332153320312
13600,-37.70720672607422,144.6234893798828
13601,-37.7071418762207,144.62350463867188
13602,-37.706939697265625,144.62353515625
13603,-37.70686721801758,144.62356567382812
13604,-37.706764221191406,144.62364196777344
13605,-37.70637512207031,144.62408447265625
13606,-37.706275939941406,144.62420654296875
13607,-37.70581817626953,144.6247100830078
13608,-37.70578384399414,144.62474060058594
13609,-37.705753326416016,144.62474060058594
13610,-37.70571517944336,144.62472534179688
13611,-37.7056770324707,144.6246795654297
13612,-37.70526123046875,144.62408447265625
13613,-37.70521545410156,144.6240234375
13614,-37.70518112182617,144.62396240234375
13615,-37.704776763916016,144.62319946289062
13616,-37.704368591308594,144.62240600585938
13617,-37.70403289794922,144.62176513671875
13618,-37.70396041870117,144.62164306640625
13619,-37.703948974609375,144.62161254882812
13620,-37.70393753051758,144.62158203125
13621,-37.70393371582031,144.6215362548828
13622,-37.70393753051758,144.6215057373047
13623,-37.703948974609375,144.62147521972656
13624,-37.70396423339844,144.6214599609375
13625,-37.70398712158203,144.62144470214844
13626,-37.70401382446289,144.62142944335938
13627,-37.7040901184082,144.6214141845703
13628,-37.7041130065918,144.62139892578125
13629,-37.704193115234375,144.6213836669922
13630,-37.70534896850586,144.62100219726562
13631,-37.70539093017578,144.62098693847656
13632,-37.70543670654297,144.62098693847656
13633,-37.70547103881836,144.62100219726562
13634,-37.70552444458008,144.6210174560547
13635,-37.7149772644043,144.63385009765625
13636,-37.71464538574219,144.63412475585938
13637,-37.71461868286133,144.63414001464844
13638,-37.714603424072266,144.63418579101562
13639,-37.714595794677734,144.6342315673828
13640,-37.714603424072266,144.63429260253906
13641,-37.714664459228516,144.63442993164062
13642,-37.71473693847656,144.63461303710938
13643,-37.71479797363281,144.634765625
13644,-37.714881896972656,144.63490295410156
13645,-37.714988708496094,144.63504028320312
13646,-37.715087890625,144.6351318359375
13647,-37.715171813964844,144.63519287109375
13648,-37.715274810791016,144.63526916503906
13649,-37.715370178222656,144.6353759765625
13650,-37.715538024902344,144.6356201171875
13651,-37.71561050415039,144.63577270507812
13652,-37.715660095214844,144.6359100341797
13653,-37.7157096862793,144.63609313964844
13654,-37.71574020385742,144.6362762451172
13655,-37.715755462646484,144.6364288330078
13656,-37.715755462646484,144.63644409179688
13657,-37.715763092041016,144.63650512695312
13658,-37.71577453613281,144.6365509033203
13659,-37.71579360961914,144.63658142089844
13660,-37.715824127197266,144.6365966796875
13661,-37.71586608886719,144.6365966796875
13662,-37.71623229980469,144.6365509033203
13663,-37.71641540527344,144.63653564453125
13664,-37.71649932861328,144.63653564453125
13665,-37.71742630004883,144.63636779785156
13666,-37.71746063232422,144.63636779785156
13667,-37.71747970581055,144.6363525390625
13668,-37.71750259399414,144.6363067626953
13669,-37.71750259399414,144.63626098632812
13670,-37.71747589111328,144.635986328125
13671,-37.71746063232422,144.6359100341797
13672,-37.71742630004883,144.6358184814453
13673,-37.709022521972656,144.6221466064453
13674,-37.709407806396484,144.62208557128906
13675,-37.71038055419922,144.6219482421875
13676,-37.71041488647461,144.62193298339844
13677,-37.71044921875,144.62191772460938
13678,-37.71059799194336,144.62179565429688
13679,-37.70710754394531,144.62245178222656
13680,-37.70765686035156,144.6223602294922
13681,-37.70793914794922,144.622314453125
13682,-37.70845413208008,144.6222381591797
13683,-37.714515686035156,144.62994384765625
13684,-37.712615966796875,144.6315155029297
13685,-37.71266174316406,144.6314697265625
13686,-37.71375274658203,144.6305694580078
13687,-37.70731735229492,144.62380981445312
13688,-37.707271575927734,144.62374877929688
13689,-37.70724105834961,144.62368774414062
13690,-37.70722198486328,144.6236114501953
13691,-37.70695877075195,144.62088012695312
13692,-37.70694351196289,144.6208038330078
13693,-37.706878662109375,144.6207275390625
13694,-37.706825256347656,144.62071228027344
13695,-37.7062873840332,144.6208038330078
13696,-37.705684661865234,144.6208953857422
13697,-37.70563888549805,144.62091064453125
13698,-37.705604553222656,144.62091064453125
13699,-37.70557403564453,144.62094116210938
13700,-37.70554733276367,144.62095642089844
13701,-37.705535888671875,144.6209716796875
13702,-37.70552444458008,144.62106323242188
13703,-37.70552444458008,144.62107849121094
13704,-37.705528259277344,144.62110900878906
13705,-37.70559310913086,144.62176513671875
13706,-37.70570373535156,144.62289428710938
13707,-37.70574188232422,144.62332153320312
13708,-37.70576477050781,144.62342834472656
13709,-37.70579147338867,144.62350463867188
13710,-37.7058219909668,144.6235809326172
13711,-37.70623016357422,144.6241455078125
13712,-37.70817565917969,144.6280059814453
13713,-37.70857620239258,144.62754821777344
13714,-37.70953369140625,144.6267547607422
13715,-37.66637420654297,144.56033325195312
13716,-37.666072845458984,144.56039428710938
13717,-37.665000915527344,144.5606231689453
13718,-37.66497802734375,144.56065368652344
13719,-37.66495895385742,144.56069946289062
13720,-37.6650390625,144.5614013671875
13721,-37.66506576538086,144.56146240234375
13722,-37.66511535644531,144.5614776611328
13723,-37.666481018066406,144.56121826171875
13724,-37.66653823852539,144.56072998046875
13725,-37.66669464111328,144.56069946289062
13726,-37.66714096069336,144.56060791015625
13727,-37.66718673706055,144.5605926513672
13728,-37.66713333129883,144.56019592285156
13729,-37.667057037353516,144.55950927734375
13730,-37.66705322265625,144.55946350097656
13731,-37.667057037353516,144.55943298339844
13732,-37.66706085205078,144.5594024658203
13733,-37.66707229614258,144.55938720703125
13734,-37.667091369628906,144.5593719482422
13735,-37.6671142578125,144.5593719482422
13736,-37.66712188720703,144.55935668945312
13737,-37.6675910949707,144.55926513671875
13738,-37.6676139831543,144.55926513671875
13739,-37.667633056640625,144.5592498779297
13740,-37.66764831542969,144.5592498779297
13741,-37.667659759521484,144.55923461914062
13742,-37.66766357421875,144.55923461914062
13743,-37.66767501831055,144.55921936035156
13744,-37.66767883300781,144.55918884277344
13745,-37.66767883300781,144.55914306640625
13746,-37.6675910949707,144.5584259033203
13747,-37.664825439453125,144.55972290039062
13748,-37.66482162475586,144.55975341796875
13749,-37.66482162475586,144.55979919433594
13750,-37.664852142333984,144.56007385253906
13751,-37.66704177856445,144.5593719482422
13752,-37.667015075683594,144.55931091308594
13753,-37.6669807434082,144.5590057373047
13754,-37.6660270690918,144.54150390625
13755,-37.666019439697266,144.54148864746094
13756,-37.666011810302734,144.54147338867188
13757,-37.66600036621094,144.5414581298828
13758,-37.665992736816406,144.54144287109375
13759,-37.66598129272461,144.5414276123047
13760,-37.66596603393555,144.5414276123047
13761,-37.665950775146484,144.54141235351562
13762,-37.66593933105469,144.54141235351562
13763,-37.665924072265625,144.54141235351562
13764,-37.66590881347656,144.5414276123047
13765,-37.6658935546875,144.5414276123047
13766,-37.6658821105957,144.54144287109375
13767,-37.66586685180664,144.54144287109375
13768,-37.665855407714844,144.5414581298828
13769,-37.66584396362305,144.54148864746094
13770,-37.66584014892578,144.54150390625
13771,-37.665836334228516,144.54153442382812
13772,-37.665836334228516,144.54156494140625
13773,-37.66584396362305,144.54159545898438
13774,-37.66585159301758,144.54161071777344
13775,-37.66586685180664,144.54164123535156
13776,-37.66587829589844,144.54165649414062
13777,-37.665897369384766,144.54165649414062
13778,-37.66591262817383,144.5416717529297
13779,-37.665931701660156,144.5416717529297
13780,-37.66594696044922,144.54165649414062
13781,-37.66596603393555,144.54165649414062
13782,-37.66598129272461,144.54165649414062
13783,-37.665992736816406,144.54164123535156
13784,-37.66600036621094,144.5416259765625
13785,-37.666011810302734,144.54161071777344
13786,-37.666019439697266,144.54159545898438
13787,-37.6660270690918,144.5415802001953
13788,-37.66603088378906,144.54156494140625
13789,-37.66603088378906,144.5415496826172
13790,-37.66603088378906,144.54153442382812
13791,-37.66611862182617,144.54148864746094
13792,-37.66610336303711,144.54147338867188
13793,-37.66609191894531,144.54147338867188
13794,-37.66606140136719,144.54147338867188
13795,-37.666046142578125,144.54147338867188
13796,-37.66602325439453,144.5414581298828
13797,-37.666038513183594,144.5415802001953
13798,-37.666053771972656,144.54156494140625
13799,-37.66606903076172,144.5415496826172
13800,-37.66608428955078,144.54153442382812
13801,-37.66610336303711,144.54151916503906
13802,-37.6661262512207,144.54150390625
13803,-37.66583251953125,144.54148864746094
13804,-37.66581726074219,144.54150390625
13805,-37.665802001953125,144.54153442382812
13806,-37.66578674316406,144.54153442382812
13807,-37.665767669677734,144.5415496826172
13808,-37.665748596191406,144.54156494140625
13809,-37.66572952270508,144.5415802001953
13810,-37.66574478149414,144.54159545898438
13811,-37.665767669677734,144.54159545898438
13812,-37.665794372558594,144.54159545898438
13813,-37.66581344604492,144.54161071777344
13814,-37.665836334228516,144.54161071777344
13815,-37.66591262817383,144.54168701171875
13816,-37.665924072265625,144.54171752929688
13817,-37.66593551635742,144.54173278808594
13818,-37.665950775146484,144.54177856445312
13819,-37.665958404541016,144.54180908203125
13820,-37.6658935546875,144.54127502441406
13821,-37.66596984863281,144.54176330566406
13822,-37.66596984863281,144.54173278808594
13823,-37.66596984863281,144.54171752929688
13824,-37.665977478027344,144.5416717529297
13825,-37.665950775146484,144.54139709472656
13826,-37.66593551635742,144.5413818359375
13827,-37.665924072265625,144.54136657714844
13828,-37.66591262817383,144.54132080078125
13829,-37.66588592529297,144.5413360595703
13830,-37.6658821105957,144.5413818359375
13831,-37.66587448120117,144.54141235351562
13832,-37.66524124145508,144.53492736816406
13833,-37.66537857055664,144.534912109375
13834,-37.66543960571289,144.53488159179688
13835,-37.6655387878418,144.5348358154297
13836,-37.668643951416016,144.5342559814453
13837,-37.66870880126953,144.5342559814453
13838,-37.670989990234375,144.53379821777344
13839,-37.66520309448242,144.53488159179688
13840,-37.66517639160156,144.5348663330078
13841,-37.6651496887207,144.5348663330078
13842,-37.665122985839844,144.53488159179688
13843,-37.66510009765625,144.53489685058594
13844,-37.665077209472656,144.534912109375
13845,-37.665061950683594,144.53494262695312
13846,-37.66505432128906,144.53497314453125
13847,-37.66505432128906,144.53501892089844
13848,-37.665061950683594,144.53504943847656
13849,-37.66508102416992,144.53509521484375
13850,-37.66510772705078,144.5351104736328
13851,-37.66514205932617,144.53512573242188
13852,-37.66517639160156,144.53512573242188
13853,-37.66520690917969,144.5351104736328
13854,-37.66523361206055,144.5350799560547
13855,-37.665252685546875,144.53504943847656
13856,-37.665260314941406,144.53500366210938
13857,-37.66525650024414,144.53497314453125
13858,-37.665225982666016,144.53489685058594
13859,-37.66514205932617,144.5352020263672
13860,-37.66514205932617,144.5352020263672
13861,-37.665164947509766,144.53526306152344
13862,-37.665199279785156,144.5353546142578
13863,-37.66520309448242,144.5352783203125
13864,-37.66521072387695,144.5352325439453
13865,-37.66521453857422,144.53518676757812
13866,-37.665218353271484,144.53515625
13867,-37.6572265625,144.56678771972656
13868,-37.65687561035156,144.56686401367188
13869,-37.65653610229492,144.5669403076172
13870,-37.6558952331543,144.56707763671875
13871,-37.65583419799805,144.56707763671875
13872,-37.655189514160156,144.5671844482422
13873,-37.65507507324219,144.5672149658203
13874,-37.6545524597168,144.57102966308594
13875,-37.6543083190918,144.57107543945312
13876,-37.653221130371094,144.57127380371094
13877,-37.653160095214844,144.5712890625
13878,-37.654457092285156,144.57012939453125
13879,-37.65420913696289,144.5701904296875
13880,-37.65311813354492,144.57041931152344
13881,-37.65304946899414,144.5704345703125
13882,-37.654361724853516,144.5692901611328
13883,-37.65410614013672,144.5693359375
13884,-37.65301513671875,144.56954956054688
13885,-37.652950286865234,144.56956481933594
13886,-37.65456008911133,144.56951904296875
13887,-37.65510940551758,144.5694122314453
13888,-37.65668869018555,144.5687255859375
13889,-37.655277252197266,144.56898498535156
13890,-37.65679168701172,144.569580078125
13891,-37.65538024902344,144.56985473632812
13892,-37.656890869140625,144.5704803466797
13893,-37.65626907348633,144.5706024169922
13894,-37.65555953979492,144.57073974609375
13895,-37.656280517578125,144.57069396972656
13896,-37.656368255615234,144.5714111328125
13897,-37.65637969970703,144.57147216796875
13898,-37.65639114379883,144.57150268554688
13899,-37.656402587890625,144.571533203125
13900,-37.65641784667969,144.571533203125
13901,-37.65644836425781,144.57154846191406
13902,-37.65648651123047,144.57154846191406
13903,-37.656532287597656,144.571533203125
13904,-37.65699768066406,144.57144165039062
13905,-37.657169342041016,144.57235717773438
13906,-37.65717697143555,144.57237243652344
13907,-37.657196044921875,144.57241821289062
13908,-37.65720748901367,144.5724639892578
13909,-37.65727233886719,144.57301330566406
13910,-37.65727233886719,144.57305908203125
13911,-37.65726089477539,144.57308959960938
13912,-37.65724563598633,144.57310485839844
13913,-37.6572151184082,144.57313537597656
13914,-37.65718078613281,144.57315063476562
13915,-37.656707763671875,144.5732421875
13916,-37.656673431396484,144.5732421875
13917,-37.65665054321289,144.57322692871094
13918,-37.65663146972656,144.5731964111328
13919,-37.6566162109375,144.57318115234375
13920,-37.65660095214844,144.57310485839844
13921,-37.65652847290039,144.57249450683594
13922,-37.65929412841797,144.57516479492188
13923,-37.65926742553711,144.57508850097656
13924,-37.65920639038086,144.57513427734375
13925,-37.65926742553711,144.57522583007812
13926,-37.65909194946289,144.57469177246094
13927,-37.65906524658203,144.5746612548828
13928,-37.65903854370117,144.5746307373047
13929,-37.65902328491211,144.57470703125
13930,-37.65903091430664,144.5747528076172
13931,-37.659034729003906,144.57479858398438
13932,-37.65940475463867,144.57470703125
13933,-37.65932846069336,144.57473754882812
13934,-37.65929412841797,144.5747528076172
13935,-37.65926742553711,144.57476806640625
13936,-37.6593017578125,144.57489013671875
13937,-37.65932846069336,144.57484436035156
13938,-37.65939712524414,144.5747833251953
13939,-37.66030502319336,144.60057067871094
13940,-37.66023635864258,144.60057067871094
13941,-37.660213470458984,144.60069274902344
13942,-37.660240173339844,144.60067749023438
13943,-37.66027069091797,144.60064697265625
13944,-37.66032409667969,144.60061645507812
13945,-37.65986633300781,144.60064697265625
13946,-37.65983581542969,144.60067749023438
13947,-37.65980529785156,144.60069274902344
13948,-37.659759521484375,144.6007080078125
13949,-37.65965270996094,144.60073852539062
13950,-37.659568786621094,144.6007537841797
13951,-37.65958023071289,144.60081481933594
13952,-37.65966033935547,144.60081481933594
13953,-37.6598014831543,144.60079956054688
13954,-37.65989303588867,144.60079956054688
13955,-37.65955352783203,144.60067749023438
13956,-37.65953063964844,144.60064697265625
13957,-37.659507751464844,144.6006317138672
13958,-37.65948486328125,144.6006317138672
13959,-37.659423828125,144.6006317138672
13960,-37.65831756591797,144.60084533691406
13961,-37.6580924987793,144.60089111328125
13962,-37.65807342529297,144.6009063720703
13963,-37.65805435180664,144.60093688964844
13964,-37.65804672241211,144.60096740722656
13965,-37.713226318359375,144.55746459960938
13966,-37.71315383911133,144.55747985839844
13967,-37.71293640136719,144.55752563476562
13968,-37.7127571105957,144.55755615234375
13969,-37.712642669677734,144.55760192871094
13970,-37.7125129699707,144.5576629638672
13971,-37.7123908996582,144.5577392578125
13972,-37.71215057373047,144.5579833984375
13973,-37.71113967895508,144.559326171875
13974,-37.71111297607422,144.55934143066406
13975,-37.711090087890625,144.55935668945312
13976,-37.71106719970703,144.55935668945312
13977,-37.71104431152344,144.55934143066406
13978,-37.71102523803711,144.55931091308594
13979,-37.71088409423828,144.55905151367188
13980,-37.710819244384766,144.5589599609375
13981,-37.71076202392578,144.55886840820312
13982,-37.710662841796875,144.55874633789062
13983,-37.670989990234375,144.56777954101562
13984,-37.670928955078125,144.5677947998047
13985,-37.670875549316406,144.56748962402344
13986,-37.671016693115234,144.56744384765625
13987,-37.67107391357422,144.5677490234375
13988,-37.67103576660156,144.56787109375
13989,-37.67110824584961,144.56797790527344
13990,-37.67124557495117,144.56805419921875
13991,-37.67143249511719,144.56808471679688
13992,-37.67161178588867,144.5680694580078
13993,-37.671810150146484,144.56800842285156
13994,-37.671974182128906,144.5679168701172
13995,-37.67213821411133,144.56787109375
13996,-37.67221450805664,144.56787109375
13997,-37.692325592041016,144.57357788085938
13998,-37.692222595214844,144.57351684570312
13999,-37.69202423095703,144.57354736328125
14000,-37.691917419433594,144.57359313964844
14001,-37.6917839050293,144.57373046875
14002,-37.71499252319336,144.58660888671875
14003,-37.71512985229492,144.5865936279297
14004,-37.71518325805664,144.5865936279297
14005,-37.715370178222656,144.5866241455078
14006,-37.715572357177734,144.58673095703125
14007,-37.71571350097656,144.58676147460938
14008,-37.716156005859375,144.5867462158203
14009,-37.71627426147461,144.5867462158203
14010,-37.71647644042969,144.5867462158203
14011,-37.71722412109375,144.5867156982422
14012,-37.71735382080078,144.5867156982422
14013,-37.71739196777344,144.5867156982422
14014,-37.71747589111328,144.5867156982422
14015,-37.717533111572266,144.58670043945312
14016,-37.71757507324219,144.5865936279297
14017,-37.71754837036133,144.58584594726562
14018,-37.71751403808594,144.58578491210938
14019,-37.71734619140625,144.5857696533203
14020,-37.716278076171875,144.58682250976562
14021,-37.71630096435547,144.58753967285156
14022,-37.716392517089844,144.58753967285156
14023,-37.71648406982422,144.5875244140625
14024,-37.71647644042969,144.58682250976562
14025,-37.71630096435547,144.58778381347656
14026,-37.7163200378418,144.58799743652344
14027,-37.71633529663086,144.58815002441406
14028,-37.71607208251953,144.5882110595703
14029,-37.716094970703125,144.58839416503906
14030,-37.71649169921875,144.5883331298828
14031,-37.716468811035156,144.588134765625
14032,-37.71739196777344,144.5867919921875
14033,-37.717403411865234,144.5870819091797
14034,-37.68215560913086,144.56234741210938
14035,-37.68217849731445,144.56240844726562
14036,-37.68220520019531,144.56253051757812
14037,-37.68220901489258,144.56268310546875
14038,-37.68220138549805,144.56285095214844
14039,-37.68217468261719,144.56298828125
14040,-37.68214416503906,144.5631866455078
14041,-37.68210220336914,144.5634307861328
14042,-37.68208694458008,144.5635528564453
14043,-37.68202209472656,144.56362915039062
14044,-37.68195724487305,144.5636444091797
14045,-37.66476058959961,144.5381622314453
14046,-37.66474533081055,144.53805541992188
14047,-37.664615631103516,144.5369415283203
14048,-37.66450119018555,144.53599548339844
14049,-37.665489196777344,144.53787231445312
14050,-37.665489196777344,144.53782653808594
14051,-37.66548156738281,144.53768920898438
14052,-37.6653938293457,144.5380401611328
14053,-37.66536331176758,144.5380401611328
14054,-37.66469192504883,144.53817749023438
14055,-37.663421630859375,144.53843688964844
14056,-37.6633415222168,144.5384521484375
14057,-37.66326141357422,144.53846740722656
14058,-37.662391662597656,144.53863525390625
14059,-37.66227340698242,144.5377197265625
14060,-37.66314697265625,144.5375518798828
14061,-37.66321563720703,144.53753662109375
14062,-37.663326263427734,144.538330078125
14063,-37.663230895996094,144.5376434326172
14064,-37.663211822509766,144.53749084472656
14065,-37.663108825683594,144.53652954101562
14066,-37.6630744934082,144.5364532470703
14067,-37.66545486450195,144.5378875732422
14068,-37.665428161621094,144.5379180908203
14069,-37.6654052734375,144.53794860839844
14070,-37.6653938293457,144.53799438476562
14071,-37.665401458740234,144.5380859375
14072,-37.66542434692383,144.5381317138672
14073,-37.66545486450195,144.5381622314453
14074,-37.665496826171875,144.53817749023438
14075,-37.66557312011719,144.5381622314453
14076,-37.66560363769531,144.5381317138672
14077,-37.665626525878906,144.53810119628906
14078,-37.66564178466797,144.53805541992188
14079,-37.665626525878906,144.53794860839844
14080,-37.66560363769531,144.5379180908203
14081,-37.66556930541992,144.5378875732422
14082,-37.665531158447266,144.53787231445312
14083,-37.709251403808594,144.5612030029297
14084,-37.70964813232422,144.5618896484375
14085,-37.709678649902344,144.56198120117188
14086,-37.7097053527832,144.5620880126953
14087,-37.70973205566406,144.5623321533203
14088,-37.70953369140625,144.56236267089844
14089,-37.70979690551758,144.56231689453125
14090,-37.709808349609375,144.56231689453125
14091,-37.70991134643555,144.5623016357422
14092,-37.708927154541016,144.56124877929688
14093,-37.70875549316406,144.56097412109375
14094,-37.70839309692383,144.56051635742188
14095,-37.708370208740234,144.5605010986328
14096,-37.708351135253906,144.5604705810547
14097,-37.70833969116211,144.5604248046875
14098,-37.70833969116211,144.5603790283203
14099,-37.70835494995117,144.5603485107422
14100,-37.70869827270508,144.5598907470703
14101,-37.70872116088867,144.5598602294922
14102,-37.7087516784668,144.55982971191406
14103,-37.708778381347656,144.55982971191406
14104,-37.70881271362305,144.55982971191406
14105,-37.70888137817383,144.5598602294922
14106,-37.709373474121094,144.56007385253906
14107,-37.70945739746094,144.5601043701172
14108,-37.709529876708984,144.56016540527344
14109,-37.7095947265625,144.56024169921875
14110,-37.709747314453125,144.56051635742188
14111,-37.71018981933594,144.59176635742188
14112,-37.710147857666016,144.5913848876953
14113,-37.71014404296875,144.5913543701172
14114,-37.709983825683594,144.58982849121094
14115,-37.709529876708984,144.58587646484375
14116,-37.71074676513672,144.58995056152344
14117,-37.710880279541016,144.59112548828125
14118,-37.71088409423828,144.5911407470703
14119,-37.71088790893555,144.59115600585938
14120,-37.710899353027344,144.59117126464844
14121,-37.71091079711914,144.5911865234375
14122,-37.710933685302734,144.59120178222656
14123,-37.710960388183594,144.59120178222656
14124,-37.71099090576172,144.59120178222656
14125,-37.71147155761719,144.5911102294922
14126,-37.71150207519531,144.5911102294922
14127,-37.711524963378906,144.59107971191406
14128,-37.71154022216797,144.59104919433594
14129,-37.7115478515625,144.59100341796875
14130,-37.711551666259766,144.59097290039062
14131,-37.711483001708984,144.59039306640625
14132,-37.711483001708984,144.59031677246094
14133,-37.71150207519531,144.5902557373047
14134,-37.71158218383789,144.5911102294922
14135,-37.711631774902344,144.5911102294922
14136,-37.711769104003906,144.59109497070312
14137,-37.7100715637207,144.59136962890625
14138,-37.7094612121582,144.59149169921875
14139,-37.708900451660156,144.59158325195312
14140,-37.7088623046875,144.5915985107422
14141,-37.70880126953125,144.5916290283203
14142,-37.707271575927734,144.58694458007812
14143,-37.70732879638672,144.5869140625
14144,-37.707550048828125,144.58680725097656
14145,-37.707618713378906,144.58677673339844
14146,-37.708831787109375,144.58656311035156
14147,-37.70889663696289,144.5865478515625
14148,-37.70899963378906,144.5874481201172
14149,-37.70893478393555,144.58746337890625
14150,-37.707908630371094,144.587646484375
14151,-37.70783615112305,144.58767700195312
14152,-37.707611083984375,144.58778381347656
14153,-37.707557678222656,144.5878143310547
14154,-37.709102630615234,144.58834838867188
14155,-37.70903396606445,144.58836364746094
14156,-37.70820236206055,144.58851623535156
14157,-37.708160400390625,144.58851623535156
14158,-37.70811462402344,144.5885467529297
14159,-37.70789337158203,144.58865356445312
14160,-37.70783996582031,144.58868408203125
14161,-37.71146774291992,144.58538818359375
14162,-37.71147918701172,144.58529663085938
14163,-37.71142578125,144.58425903320312
14164,-37.71141052246094,144.5840606689453
14165,-37.71131896972656,144.5834503173828
14166,-37.711299896240234,144.58331298828125
14167,-37.71135330200195,144.5842742919922
14168,-37.70941162109375,144.58462524414062
14169,-37.70932388305664,144.58465576171875
14170,-37.709232330322266,144.58470153808594
14171,-37.70917892456055,144.58474731445312
14172,-37.70942306518555,144.58560180664062
14173,-37.70944595336914,144.58563232421875
14174,-37.709476470947266,144.5856475830078
14175,-37.70950698852539,144.5856475830078
14176,-37.709537506103516,144.58563232421875
14177,-37.70956039428711,144.58560180664062
14178,-37.70957946777344,144.5855712890625
14179,-37.709590911865234,144.58554077148438
14180,-37.709590911865234,144.5854949951172
14181,-37.7095832824707,144.58546447753906
14182,-37.709564208984375,144.58543395996094
14183,-37.709537506103516,144.5854034423828
14184,-37.709510803222656,144.58538818359375
14185,-37.709476470947266,144.58538818359375
14186,-37.709449768066406,144.5854034423828
14187,-37.70942306518555,144.58543395996094
14188,-37.709415435791016,144.58543395996094
14189,-37.70940399169922,144.58546447753906
14190,-37.70939254760742,144.5854949951172
14191,-37.70939254760742,144.58554077148438
14192,-37.70940399169922,144.5855712890625
14193,-37.712242126464844,144.5856475830078
14194,-37.712242126464844,144.58554077148438
14195,-37.71223449707031,144.58535766601562
14196,-37.71222686767578,144.58518981933594
14197,-37.7121696472168,144.58416748046875
14198,-37.712135314941406,144.58387756347656
14199,-37.71208953857422,144.58363342285156
14200,-37.712059020996094,144.58348083496094
14201,-37.71198272705078,144.58309936523438
14202,-37.71190643310547,144.582763671875
14203,-37.71187210083008,144.58265686035156
14204,-37.712120056152344,144.58346557617188
14205,-37.712764739990234,144.58334350585938
14206,-37.71329116821289,144.583251953125
14207,-37.71337890625,144.583251953125
14208,-37.713478088378906,144.58328247070312
14209,-37.71354675292969,144.58331298828125
14210,-37.71357345581055,144.58331298828125
14211,-37.7136344909668,144.5833282470703
14212,-37.71369934082031,144.58331298828125
14213,-37.71388244628906,144.58328247070312
14214,-37.71391677856445,144.58328247070312
14215,-37.71394729614258,144.58328247070312
14216,-37.71397399902344,144.58331298828125
14217,-37.71399688720703,144.58334350585938
14218,-37.71413803100586,144.58358764648438
14219,-37.71416473388672,144.58363342285156
14220,-37.71418380737305,144.58370971679688
14221,-37.71421432495117,144.5839385986328
14222,-37.71421432495117,144.58399963378906
14223,-37.71419906616211,144.58404541015625
14224,-37.71417236328125,144.58407592773438
14225,-37.71412658691406,144.58409118652344
14226,-37.71357727050781,144.5841827392578
14227,-37.71352005004883,144.58419799804688
14228,-37.71295166015625,144.5843048095703
14229,-37.712894439697266,144.5843048095703
14230,-37.71360778808594,144.58465576171875
14231,-37.713504791259766,144.5831756591797
14232,-37.71350860595703,144.58316040039062
14233,-37.7135124206543,144.5831298828125
14234,-37.7135124206543,144.58302307128906
14235,-37.71346664428711,144.58262634277344
14236,-37.71345520019531,144.58258056640625
14237,-37.713443756103516,144.58255004882812
14238,-37.713409423828125,144.58251953125
14239,-37.71333694458008,144.58245849609375
14240,-37.71277618408203,144.5834197998047
14241,-37.7128791809082,144.58413696289062
14242,-37.71294403076172,144.58497619628906
14243,-37.71294403076172,144.5850372314453
14244,-37.71293640136719,144.58506774902344
14245,-37.71292495727539,144.5850830078125
14246,-37.712852478027344,144.5851593017578
14247,-37.712738037109375,144.58523559570312
14248,-37.712677001953125,144.58526611328125
14249,-37.71259307861328,144.58529663085938
14250,-37.71229934692383,144.58534240722656
14251,-37.71198272705078,144.58274841308594
14252,-37.71202850341797,144.58273315429688
14253,-37.712650299072266,144.58262634277344
14254,-37.71327209472656,144.58250427246094
14255,-37.71331787109375,144.58248901367188
14256,-37.71335220336914,144.58242797851562
14257,-37.713356018066406,144.58236694335938
14258,-37.713130950927734,144.5807342529297
14259,-37.71311950683594,144.58071899414062
14260,-37.713104248046875,144.5806884765625
14261,-37.71308135986328,144.58067321777344
14262,-37.713043212890625,144.58067321777344
14263,-37.71297073364258,144.58067321777344
14264,-37.712772369384766,144.58065795898438
14265,-37.712642669677734,144.58067321777344
14266,-37.71254348754883,144.5806884765625
14267,-37.71244812011719,144.58071899414062
14268,-37.71237564086914,144.58074951171875
14269,-37.71230697631836,144.58078002929688
14270,-37.71221160888672,144.58084106445312
14271,-37.712093353271484,144.5809326171875
14272,-37.71183776855469,144.5811767578125
14273,-37.711734771728516,144.58126831054688
14274,-37.71162796020508,144.58135986328125
14275,-37.711551666259766,144.5814208984375
14276,-37.71146011352539,144.58145141601562
14277,-37.71134567260742,144.5814971923828
14278,-37.71120071411133,144.58154296875
14279,-37.71111297607422,144.58155822753906
14280,-37.710975646972656,144.58154296875
14281,-37.71084976196289,144.58154296875
14282,-37.710670471191406,144.5814971923828
14283,-37.710628509521484,144.58148193359375
14284,-37.71055603027344,144.58145141601562
14285,-37.71044158935547,144.5813751220703
14286,-37.7103385925293,144.58131408691406
14287,-37.71026611328125,144.5812530517578
14288,-37.71012496948242,144.5811004638672
14289,-37.71006393432617,144.5810546875
14290,-37.71001434326172,144.58102416992188
14291,-37.70997619628906,144.5810089111328
14292,-37.70945358276367,144.58082580566406
14293,-37.70942687988281,144.58082580566406
14294,-37.70940017700195,144.58082580566406
14295,-37.709381103515625,144.5808563232422
14296,-37.70936584472656,144.58090209960938
14297,-37.70914840698242,144.5819091796875
14298,-37.70911407470703,144.58204650878906
14299,-37.70900344848633,144.5825653076172
14300,-37.70896530151367,144.5828094482422
14301,-37.70895004272461,144.5830535888672
14302,-37.70894241333008,144.58331298828125
14303,-37.70894241333008,144.5835723876953
14304,-37.708980560302734,144.5839080810547
14305,-37.709007263183594,144.58407592773438
14306,-37.70905685424805,144.5843048095703
14307,-37.70911407470703,144.5845489501953
14308,-37.70927047729492,144.58497619628906
14309,-37.709373474121094,144.585205078125
14310,-37.712642669677734,144.58253479003906
14311,-37.71242904663086,144.58096313476562
14312,-37.712406158447266,144.58084106445312
14313,-37.712398529052734,144.58082580566406
14314,-37.71023941040039,144.59136962890625
14315,-37.71044921875,144.59132385253906
14316,-37.71052932739258,144.59130859375
14317,-37.71078109741211,144.5912628173828
14318,-37.7108268737793,144.59124755859375
14319,-37.7083625793457,144.59030151367188
14320,-37.70842361450195,144.59027099609375
14321,-37.708473205566406,144.59024047851562
14322,-37.708534240722656,144.59022521972656
14323,-37.70922088623047,144.59010314941406
14324,-37.70926284790039,144.59010314941406
14325,-37.70928955078125,144.59011840820312
14326,-37.70930862426758,144.5901641845703
14327,-37.70931625366211,144.5902099609375
14328,-37.709449768066406,144.59140014648438
14329,-37.71222686767578,144.58583068847656
14330,-37.71220016479492,144.58584594726562
14331,-37.71218490600586,144.5858612060547
14332,-37.7121696472168,144.5858917236328
14333,-37.712158203125,144.58592224121094
14334,-37.712154388427734,144.5859375
14335,-37.712162017822266,144.58596801757812
14336,-37.71217346191406,144.58599853515625
14337,-37.712188720703125,144.58602905273438
14338,-37.71220779418945,144.58604431152344
14339,-37.71223068237305,144.58604431152344
14340,-37.71225357055664,144.58604431152344
14341,-37.71227264404297,144.58602905273438
14342,-37.71228790283203,144.58602905273438
14343,-37.71229553222656,144.5860137939453
14344,-37.712310791015625,144.58599853515625
14345,-37.712318420410156,144.58596801757812
14346,-37.712318420410156,144.5859375
14347,-37.71231460571289,144.58590698242188
14348,-37.71230697631836,144.5858917236328
14349,-37.71229934692383,144.58587646484375
14350,-37.712276458740234,144.58584594726562
14351,-37.71225357055664,144.58584594726562
14352,-37.71215057373047,144.59024047851562
14353,-37.7121696472168,144.59031677246094
14354,-37.712196350097656,144.5903778076172
14355,-37.71223068237305,144.5904541015625
14356,-37.7122802734375,144.59011840820312
14357,-37.7122688293457,144.590087890625
14358,-37.71225357055664,144.59005737304688
14359,-37.71223068237305,144.5900421142578
14360,-37.71220397949219,144.5900421142578
14361,-37.71217727661133,144.5900421142578
14362,-37.71215057373047,144.59005737304688
14363,-37.71213150024414,144.59007263183594
14364,-37.71212387084961,144.590087890625
14365,-37.71211624145508,144.59010314941406
14366,-37.71210861206055,144.5901336669922
14367,-37.71210861206055,144.5901641845703
14368,-37.71211624145508,144.59019470214844
14369,-37.71212387084961,144.5902099609375
14370,-37.712127685546875,144.59022521972656
14371,-37.71217346191406,144.5902557373047
14372,-37.71220016479492,144.5902557373047
14373,-37.71222686767578,144.5902557373047
14374,-37.712242126464844,144.59024047851562
14375,-37.712249755859375,144.59024047851562
14376,-37.7122688293457,144.5902099609375
14377,-37.7122802734375,144.59017944335938
14378,-37.712284088134766,144.59014892578125
14379,-37.713287353515625,144.59072875976562
14380,-37.71327590942383,144.5907440185547
14381,-37.71324920654297,144.59075927734375
14382,-37.71299743652344,144.59080505371094
14383,-37.71298599243164,144.5908203125
14384,-37.71296691894531,144.59083557128906
14385,-37.71295928955078,144.59085083007812
14386,-37.71295928955078,144.59088134765625
14387,-37.712982177734375,144.59103393554688
14388,-37.71916580200195,144.55970764160156
14389,-37.7192497253418,144.56045532226562
14390,-37.719268798828125,144.56051635742188
14391,-37.71928024291992,144.56053161621094
14392,-37.719303131103516,144.560546875
14393,-37.719364166259766,144.560546875
14394,-37.72066879272461,144.560302734375
14395,-37.720706939697266,144.56028747558594
14396,-37.72203063964844,144.56004333496094
14397,-37.72207260131836,144.56002807617188
14398,-37.72209930419922,144.5599822998047
14399,-37.722145080566406,144.5598907470703
14400,-37.72216796875,144.559814453125
14401,-37.72218704223633,144.5597381591797
14402,-37.719329833984375,144.5594940185547
14403,-37.71915817260742,144.55810546875
14404,-37.71893310546875,144.55624389648438
14405,-37.69129943847656,144.58847045898438
14406,-37.69132995605469,144.5884552001953
14407,-37.69170379638672,144.58811950683594
14408,-37.691715240478516,144.58810424804688
14409,-37.691734313964844,144.58807373046875
14410,-37.691925048828125,144.587646484375
14411,-37.69193649291992,144.58758544921875
14412,-37.69192886352539,144.58753967285156
14413,-37.69189453125,144.5875244140625
14414,-37.691856384277344,144.58749389648438
14415,-37.69136428833008,144.5875701904297
14416,-37.69133758544922,144.58758544921875
14417,-37.69130325317383,144.5876007080078
14418,-37.6910514831543,144.5878448486328
14419,-37.69102478027344,144.58787536621094
14420,-37.67607879638672,144.59632873535156
14421,-37.69425964355469,144.5647735595703
14422,-37.69434356689453,144.56463623046875
14423,-37.69452667236328,144.5644073486328
14424,-37.694766998291016,144.56430053710938
14425,-37.69484329223633,144.56427001953125
14426,-37.69434356689453,144.56520080566406
14427,-37.69440460205078,144.5653076171875
14428,-37.694496154785156,144.56582641601562
14429,-37.693931579589844,144.5659637451172
14430,-37.6923713684082,144.5650177001953
14431,-37.69210433959961,144.56527709960938
14432,-37.69204330444336,144.56533813476562
14433,-37.69203186035156,144.5653533935547
14434,-37.69203567504883,144.5653839111328
14435,-37.69204330444336,144.56539916992188
14436,-37.69205856323242,144.56541442871094
14437,-37.692073822021484,144.5654296875
14438,-37.69209289550781,144.5654296875
14439,-37.69211196899414,144.5654296875
14440,-37.6921272277832,144.56541442871094
14441,-37.692138671875,144.56539916992188
14442,-37.692142486572266,144.5653839111328
14443,-37.692142486572266,144.5653533935547
14444,-37.692138671875,144.56533813476562
14445,-37.6928825378418,144.56459045410156
14446,-37.692955017089844,144.5650177001953
14447,-37.693016052246094,144.5650634765625
14448,-37.69355010986328,144.56494140625
14449,-37.693511962890625,144.56602478027344
14450,-37.693077087402344,144.56605529785156
14451,-37.692562103271484,144.5654754638672
14452,-37.692623138427734,144.56591796875
14453,-37.6916618347168,144.5633544921875
14454,-37.69122314453125,144.5630340576172
14455,-37.69076156616211,144.56271362304688
14456,-37.691062927246094,144.56341552734375
14457,-37.69087600708008,144.5635986328125
14458,-37.690818786621094,144.56260681152344
14459,-37.69063949584961,144.56248474121094
14460,-37.69035339355469,144.56251525878906
14461,-37.69098663330078,144.562255859375
14462,-37.690940856933594,144.5621795654297
14463,-37.6908073425293,144.5620880126953
14464,-37.690773010253906,144.56202697753906
14465,-37.69055938720703,144.56163024902344
14466,-37.69026184082031,144.56155395507812
14467,-37.690650939941406,144.56211853027344
14468,-37.69031524658203,144.5621795654297
14469,-37.69260787963867,144.56991577148438
14470,-37.690673828125,144.5782928466797
14471,-37.69075393676758,144.57801818847656
14472,-37.69075393676758,144.57794189453125
14473,-37.689910888671875,144.57769775390625
14474,-37.689918518066406,144.57774353027344
14475,-37.689979553222656,144.57781982421875
14476,-37.69047164916992,144.5777587890625
14477,-37.690486907958984,144.577880859375
14478,-37.69056701660156,144.57794189453125
14479,-37.69116973876953,144.57789611816406
14480,-37.691192626953125,144.5779266357422
14481,-37.691368103027344,144.57928466796875
14482,-37.68977355957031,144.55467224121094
14483,-37.68974685668945,144.55459594726562
14484,-37.689727783203125,144.5543212890625
14485,-37.68971252441406,144.5541534423828
14486,-37.6896858215332,144.55392456054688
14487,-37.689693450927734,144.55386352539062
14488,-37.689666748046875,144.55369567871094
14489,-37.689788818359375,144.5523223876953
14490,-37.6898307800293,144.55186462402344
14491,-37.689971923828125,144.55145263671875
14492,-37.69007873535156,144.55120849609375
14493,-37.69029998779297,144.5506134033203
14494,-37.69078826904297,144.5500030517578
14495,-37.69142532348633,144.5491943359375
14496,-37.691558837890625,144.54917907714844
14497,-37.69158172607422,144.5491943359375
14498,-37.691619873046875,144.54910278320312
14499,-37.691627502441406,144.54908752441406
14500,-37.69191360473633,144.54898071289062
14501,-37.69161605834961,144.54925537109375
14502,-37.691802978515625,144.55099487304688
14503,-37.68985366821289,144.55233764648438
14504,-37.68988800048828,144.55233764648438
14505,-37.69049835205078,144.55221557617188
14506,-37.69089126586914,144.55213928222656
14507,-37.69051742553711,144.5523681640625
14508,-37.69043731689453,144.55335998535156
14509,-37.683292388916016,144.5940399169922
14510,-37.683414459228516,144.59410095214844
14511,-37.683326721191406,144.5939178466797
14512,-37.68378829956055,144.5948028564453
14513,-37.6837043762207,144.5946502685547
14514,-37.68369674682617,144.59463500976562
14515,-37.68355941772461,144.5944061279297
14516,-37.683502197265625,144.59449768066406
14517,-37.68362808227539,144.59474182128906
14518,-37.68363952636719,144.5947723388672
14519,-37.694374084472656,144.60403442382812
14520,-37.69386291503906,144.6041259765625
14521,-37.68397521972656,144.5952606201172
14522,-37.68385314941406,144.59490966796875
14523,-37.683876037597656,144.5951385498047
14524,-37.67616653442383,144.5963592529297
14525,-37.67618179321289,144.59649658203125
14526,-37.67612838745117,144.59654235839844
14527,-37.676246643066406,144.5964813232422
14528,-37.685672760009766,144.59738159179688
14529,-37.685699462890625,144.59727478027344
14530,-37.685707092285156,144.59710693359375
14531,-37.685569763183594,144.5972900390625
14532,-37.68556594848633,144.59722900390625
14533,-37.6761589050293,144.59629821777344
14534,-37.676151275634766,144.59620666503906
14535,-37.68634033203125,144.59848022460938
14536,-37.686466217041016,144.59864807128906
14537,-37.68682861328125,144.59901428222656
14538,-37.68649673461914,144.5985565185547
14539,-37.68575668334961,144.59767150878906
14540,-37.690940856933594,144.60452270507812
14541,-37.69053649902344,144.60403442382812
14542,-37.678192138671875,144.56944274902344
14543,-37.67932891845703,144.56922912597656
14544,-37.6794548034668,144.5692138671875
14545,-37.67967987060547,144.5691680908203
14546,-37.68417739868164,144.5681610107422
14547,-37.68375015258789,144.56825256347656
14548,-37.68533706665039,144.5635223388672
14549,-37.685020446777344,144.55886840820312
14550,-37.706024169921875,144.6018524169922
14551,-37.705955505371094,144.6018829345703
14552,-37.70583724975586,144.60206604003906
14553,-37.70591354370117,144.60205078125
14554,-37.70596694946289,144.60205078125
14555,-37.70602798461914,144.60206604003906
14556,-37.67436981201172,144.58262634277344
14557,-37.674461364746094,144.58338928222656
14558,-37.67448425292969,144.58358764648438
14559,-37.67448806762695,144.58360290527344
14560,-37.674156188964844,144.57984924316406
14561,-37.674137115478516,144.5796661376953
14562,-37.68291473388672,144.58816528320312
14563,-37.68281555175781,144.58872985839844
14564,-37.682777404785156,144.58938598632812
14565,-37.68296432495117,144.58602905273438
14566,-37.682952880859375,144.58621215820312
14567,-37.68293380737305,144.58656311035156
14568,-37.68302536010742,144.58615112304688
14569,-37.68305206298828,144.58602905273438
14570,-37.68288040161133,144.58871459960938
14571,-37.68397903442383,144.57334899902344
14572,-37.68413543701172,144.57118225097656
14573,-37.68414306640625,144.57107543945312
14574,-37.68436813354492,144.56845092773438
14575,-37.683570861816406,144.57763671875
14576,-37.68408203125,144.5709228515625
14577,-37.68811798095703,144.58355712890625
14578,-37.68813705444336,144.5836639404297
14579,-37.68817138671875,144.58367919921875
14580,-37.6883430480957,144.58364868164062
14581,-37.68837356567383,144.5836181640625
14582,-37.68836975097656,144.58351135253906
14583,-37.71156692504883,144.58148193359375
14584,-37.71158218383789,144.58154296875
14585,-37.71160125732422,144.58172607421875
14586,-37.711631774902344,144.58193969726562
14587,-37.711673736572266,144.5821533203125
14588,-37.711708068847656,144.58229064941406
14589,-37.711753845214844,144.58245849609375
14590,-37.71180725097656,144.58258056640625
14591,-37.71184539794922,144.58261108398438
14592,-37.711639404296875,144.5823211669922
14593,-37.711387634277344,144.58241271972656
14594,-37.711219787597656,144.58245849609375
14595,-37.71103286743164,144.5824737548828
14596,-37.71091842651367,144.5824737548828
14597,-37.71079635620117,144.58245849609375
14598,-37.7105712890625,144.58242797851562
14599,-37.71053695678711,144.58241271972656
14600,-37.71049118041992,144.58241271972656
14601,-37.7104606628418,144.58241271972656
14602,-37.71043395996094,144.5824432373047
14603,-37.71041488647461,144.58245849609375
14604,-37.71039962768555,144.58250427246094
14605,-37.71038818359375,144.58258056640625
14606,-37.71036911010742,144.58274841308594
14607,-37.71036148071289,144.58290100097656
14608,-37.710365295410156,144.5830535888672
14609,-37.71038818359375,144.5833740234375
14610,-37.71040725708008,144.5834503173828
14611,-37.71043014526367,144.58351135253906
14612,-37.710453033447266,144.58355712890625
14613,-37.711875915527344,144.58253479003906
14614,-37.71186447143555,144.5823974609375
14615,-37.711822509765625,144.58189392089844
14616,-37.711788177490234,144.58155822753906
14617,-37.71176528930664,144.5813751220703
14618,-37.71175765991211,144.58135986328125
14619,-37.71192169189453,144.5831298828125
14620,-37.711551666259766,144.583251953125
14621,-37.71141052246094,144.58328247070312
14622,-37.710777282714844,144.58340454101562
14623,-37.710670471191406,144.58343505859375
14624,-37.7105712890625,144.58349609375
14625,-37.71037292480469,144.5836181640625
14626,-37.710289001464844,144.5836639404297
14627,-37.710166931152344,144.5836944580078
14628,-37.709720611572266,144.58377075195312
14629,-37.709041595458984,144.58389282226562
14630,-37.7100944519043,144.58116149902344
14631,-37.7100715637207,144.58119201660156
14632,-37.71003341674805,144.58126831054688
14633,-37.71000671386719,144.58135986328125
14634,-37.7097282409668,144.5826416015625
14635,-37.7097053527832,144.5828094482422
14636,-37.70969009399414,144.58299255371094
14637,-37.70968246459961,144.5832061767578
14638,-37.709716796875,144.5836944580078
14639,-37.713016510009766,144.5850830078125
14640,-37.71318817138672,144.58506774902344
14641,-37.70889663696289,144.58358764648438
14642,-37.707908630371094,144.58375549316406
14643,-37.70785140991211,144.58377075195312
14644,-37.707542419433594,144.58383178710938
14645,-37.70720672607422,144.58389282226562
14646,-37.70694351196289,144.5839385986328
14647,-37.706417083740234,144.5840301513672
14648,-37.706390380859375,144.58404541015625
14649,-37.70637893676758,144.58404541015625
14650,-37.70632553100586,144.58409118652344
14651,-37.70892333984375,144.5828094482422
14652,-37.708614349365234,144.58274841308594
14653,-37.70853042602539,144.58274841308594
14654,-37.70843505859375,144.58274841308594
14655,-37.70747756958008,144.5829315185547
14656,-37.70746612548828,144.5829315185547
14657,-37.70743179321289,144.58294677734375
14658,-37.70738983154297,144.5829620361328
14659,-37.70905303955078,144.58203125
14660,-37.709007263183594,144.58201599121094
14661,-37.70896530151367,144.5819854736328
14662,-37.708946228027344,144.5819549560547
14663,-37.70893096923828,144.58189392089844
14664,-37.70885467529297,144.58120727539062
14665,-37.70884323120117,144.58111572265625
14666,-37.708831787109375,144.58106994628906
14667,-37.70880889892578,144.58103942871094
14668,-37.708778381347656,144.58102416992188
14669,-37.70875930786133,144.58102416992188
14670,-37.70872497558594,144.58102416992188
14671,-37.70822525024414,144.5811767578125
14672,-37.70817947387695,144.58119201660156
14673,-37.70815658569336,144.58120727539062
14674,-37.70814514160156,144.58123779296875
14675,-37.7081413269043,144.5812530517578
14676,-37.70813751220703,144.58128356933594
14677,-37.70813751220703,144.58132934570312
14678,-37.708187103271484,144.58175659179688
14679,-37.708187103271484,144.58180236816406
14680,-37.70817184448242,144.5818634033203
14681,-37.70814514160156,144.58187866210938
14682,-37.70809555053711,144.58189392089844
14683,-37.70730209350586,144.58204650878906
14684,-37.70726776123047,144.58204650878906
14685,-37.707218170166016,144.58206176757812
14686,-37.70716094970703,144.58209228515625
14687,-37.70753479003906,144.58375549316406
14688,-37.70750045776367,144.5834503173828
14689,-37.70747375488281,144.58328247070312
14690,-37.70720291137695,144.58224487304688
14691,-37.70713806152344,144.58201599121094
14692,-37.70711135864258,144.58192443847656
14693,-37.70707321166992,144.5818634033203
14694,-37.7070198059082,144.58181762695312
14695,-37.70696258544922,144.58180236816406
14696,-37.70689392089844,144.581787109375
14697,-37.706607818603516,144.5818634033203
14698,-37.706581115722656,144.5818634033203
14699,-37.7065315246582,144.5818634033203
14700,-37.706451416015625,144.5818328857422
14701,-37.70633316040039,144.581787109375
14702,-37.70625686645508,144.58175659179688
14703,-37.706207275390625,144.58175659179688
14704,-37.70615005493164,144.58175659179688
14705,-37.70609664916992,144.58177185058594
14706,-37.70573043823242,144.58197021484375
14707,-37.70571517944336,144.58197021484375
14708,-37.7056999206543,144.5819854736328
14709,-37.70568084716797,144.58201599121094
14710,-37.7056770324707,144.5820770263672
14711,-37.7056884765625,144.58213806152344
14712,-37.7059440612793,144.58291625976562
14713,-37.70625686645508,144.58387756347656
14714,-37.7066650390625,144.5851287841797
14715,-37.70696258544922,144.58602905273438
14716,-37.70708465576172,144.58639526367188
14717,-37.70774841308594,144.58836364746094
14718,-37.70811080932617,144.58950805664062
14719,-37.70845031738281,144.59056091308594
14720,-37.708919525146484,144.5919952392578
14721,-37.70906448364258,144.58456420898438
14722,-37.70866394042969,144.5847625732422
14723,-37.70859146118164,144.58477783203125
14724,-37.70851135253906,144.5847930908203
14725,-37.70803451538086,144.58486938476562
14726,-37.70750427246094,144.58497619628906
14727,-37.707462310791016,144.58499145507812
14728,-37.707393646240234,144.58502197265625
14729,-37.70792007446289,144.58384704589844
14730,-37.70802688598633,144.58480834960938
14731,-37.707218170166016,144.583984375
14732,-37.70730972290039,144.5847625732422
14733,-37.70732879638672,144.5848388671875
14734,-37.70735168457031,144.5849151611328
14735,-37.70742416381836,144.58514404296875
14736,-37.70743942260742,144.58523559570312
14737,-37.70750427246094,144.5858154296875
14738,-37.70751190185547,144.5858917236328
14739,-37.70925521850586,144.5855712890625
14740,-37.708797454833984,144.5856475830078
14741,-37.70790481567383,144.5858154296875
14742,-37.70708084106445,144.58596801757812
14743,-37.70703125,144.5859832763672
14744,-37.708168029785156,144.5894775390625
14745,-37.70838165283203,144.58935546875
14746,-37.708457946777344,144.58934020996094
14747,-37.7090950012207,144.58921813964844
14748,-37.70912170410156,144.58921813964844
14749,-37.70915222167969,144.5891876220703
14750,-37.70917510986328,144.5891571044922
14751,-37.70918655395508,144.589111328125
14752,-37.70918655395508,144.58905029296875
14753,-37.708805084228516,144.5857391357422
14754,-37.71641159057617,144.59861755371094
14755,-37.71636962890625,144.59828186035156
14756,-37.71614456176758,144.59622192382812
14757,-37.71611785888672,144.59603881835938
14758,-37.71610641479492,144.59588623046875
14759,-37.71611022949219,144.59571838378906
14760,-37.71611785888672,144.59559631347656
14761,-37.71638488769531,144.59918212890625
14762,-37.71644973754883,144.5998077392578
14763,-37.716468811035156,144.5999755859375
14764,-37.71628189086914,144.59829711914062
14765,-37.72066879272461,144.59922790527344
14766,-37.72169876098633,144.5990753173828
14767,-37.72188949584961,144.5990447998047
14768,-37.72196960449219,144.59902954101562
14769,-37.722198486328125,144.59896850585938
14770,-37.722469329833984,144.59889221191406
14771,-37.722808837890625,144.59881591796875
14772,-37.723243713378906,144.59872436523438
14773,-37.72422790527344,144.59857177734375
14774,-37.716522216796875,144.5999755859375
14775,-37.71044921875,144.58236694335938
14776,-37.71044921875,144.5823211669922
14777,-37.71044921875,144.582275390625
14778,-37.71052169799805,144.5819549560547
14779,-37.71443557739258,144.60037231445312
14780,-37.71343231201172,144.60052490234375
14781,-37.71339797973633,144.6005401611328
14782,-37.6733283996582,144.57301330566406
14783,-37.67336654663086,144.5733184814453
14784,-37.67355728149414,144.5748748779297
14785,-37.653472900390625,144.57382202148438
14786,-37.65346908569336,144.57379150390625
14787,-37.653465270996094,144.57376098632812
14788,-37.65338897705078,144.57310485839844
14789,-37.65336227416992,144.57289123535156
14790,-37.653282165527344,144.57223510742188
14791,-37.653255462646484,144.57203674316406
14792,-37.653202056884766,144.5717010498047
14793,-37.65317153930664,144.57139587402344
14794,-37.65314483642578,144.57119750976562
14795,-37.6530647277832,144.57054138183594
14796,-37.653038024902344,144.57032775878906
14797,-37.652957916259766,144.5696563720703
14798,-37.65293502807617,144.5694580078125
14799,-37.652854919433594,144.56878662109375
14800,-37.652854919433594,144.5687713623047
14801,-37.65286636352539,144.56874084472656
14802,-37.65288162231445,144.5687255859375
14803,-37.65290069580078,144.5687255859375
14804,-37.65425491333008,144.56845092773438
14805,-37.65287780761719,144.57176208496094
14806,-37.653133392333984,144.57171630859375
14807,-37.65261459350586,144.56689453125
14808,-37.652626037597656,144.56700134277344
14809,-37.65396499633789,144.5667266845703
14810,-37.65397262573242,144.56680297851562
14811,-37.654052734375,144.56741333007812
14812,-37.65406036376953,144.56748962402344
14813,-37.65507507324219,144.5665283203125
14814,-37.65496826171875,144.56654357910156
14815,-37.654422760009766,144.566650390625
14816,-37.65436935424805,144.566650390625
14817,-37.65427780151367,144.56668090820312
14818,-37.65376663208008,144.5667724609375
14819,-37.6536865234375,144.56678771972656
14820,-37.65330505371094,144.56686401367188
14821,-37.65311813354492,144.56689453125
14822,-37.65299606323242,144.56690979003906
14823,-37.652835845947266,144.56689453125
14824,-37.65272903442383,144.56687927246094
14825,-37.65146255493164,144.56712341308594
14826,-37.65139389038086,144.567138671875
14827,-37.65131759643555,144.56715393066406
14828,-37.65083694458008,144.56724548339844
14829,-37.6507682800293,144.5672607421875
14830,-37.650634765625,144.56727600097656
14831,-37.65652847290039,144.5668487548828
14832,-37.65637969970703,144.56564331054688
14833,-37.65632247924805,144.56564331054688
14834,-37.65580368041992,144.5655975341797
14835,-37.65572738647461,144.5655975341797
14836,-37.6558837890625,144.5669708251953
14837,-37.6673583984375,144.5618896484375
14838,-37.667381286621094,144.5619354248047
14839,-37.667423248291016,144.56195068359375
14840,-37.66795349121094,144.5618438720703
14841,-37.66799545288086,144.56182861328125
14842,-37.66801452636719,144.56178283691406
14843,-37.6678581237793,144.5605010986328
14844,-37.66771697998047,144.55938720703125
14845,-37.6677131652832,144.55935668945312
14846,-37.66769027709961,144.55929565429688
14847,-37.66207504272461,144.5367889404297
14848,-37.66205596923828,144.53680419921875
14849,-37.6619873046875,144.5368194580078
14850,-37.66193389892578,144.5368194580078
14851,-37.6618766784668,144.5368194580078
14852,-37.661834716796875,144.53683471679688
14853,-37.661766052246094,144.53688049316406
14854,-37.662994384765625,144.5364227294922
14855,-37.68992233276367,144.55569458007812
14856,-37.68993377685547,144.555908203125
14857,-37.6898078918457,144.5556182861328
14858,-37.68963623046875,144.55563354492188
14859,-37.68980026245117,144.5548095703125
14860,-37.68986892700195,144.55552673339844
14861,-37.6693229675293,144.56951904296875
14862,-37.66914749145508,144.56964111328125
14863,-37.6685791015625,144.56976318359375
14864,-37.66820526123047,144.56988525390625
14865,-37.65773391723633,144.59991455078125
14866,-37.657833099365234,144.60072326660156
14867,-37.69170379638672,144.562744140625
14868,-37.69192886352539,144.56289672851562
14869,-37.691959381103516,144.56292724609375
14870,-37.69197082519531,144.56297302246094
14871,-37.69196701049805,144.56301879882812
14872,-37.691917419433594,144.56314086914062
14873,-37.691162109375,144.56402587890625
14874,-37.69114303588867,144.5640411376953
14875,-37.691123962402344,144.56402587890625
14876,-37.691104888916016,144.56399536132812
14877,-37.69073486328125,144.5633544921875
14878,-37.690650939941406,144.56298828125
14879,-37.69065475463867,144.5629425048828
14880,-37.69214630126953,144.56553649902344
14881,-37.69216537475586,144.56578063964844
14882,-37.69190979003906,144.56544494628906
14883,-37.69185256958008,144.5655059814453
14884,-37.69393539428711,144.56427001953125
14885,-37.692989349365234,144.56451416015625
14886,-37.69279479980469,144.56463623046875
14887,-37.69404983520508,144.5648193359375
14888,-37.6939811706543,144.56430053710938
14889,-37.69423294067383,144.5647735595703
14890,-37.694297790527344,144.5648193359375
14891,-37.6943473815918,144.56515502929688
14892,-37.6943244934082,144.56524658203125
14893,-37.69419860839844,144.56527709960938
14894,-37.66164779663086,144.56402587890625
14895,-37.661773681640625,144.56504821777344
14896,-37.66223907470703,144.56520080566406
14897,-37.71856689453125,144.56161499023438
14898,-37.71854782104492,144.56146240234375
14899,-37.7186164855957,144.55259704589844
14900,-37.718658447265625,144.5529327392578
14901,-37.718658447265625,144.55296325683594
14902,-37.718650817871094,144.55300903320312
14903,-37.718624114990234,144.5530548095703
14904,-37.71857452392578,144.55307006835938
14905,-37.71844482421875,144.5531005859375
14906,-37.71794891357422,144.55319213867188
14907,-37.7179069519043,144.55320739746094
14908,-37.717838287353516,144.55322265625
14909,-37.717811584472656,144.55322265625
14910,-37.71773147583008,144.55325317382812
14911,-37.717567443847656,144.5532989501953
14912,-37.716251373291016,144.5535430908203
14913,-37.71622085571289,144.55355834960938
14914,-37.7161865234375,144.55357360839844
14915,-37.7178955078125,144.55308532714844
14916,-37.717857360839844,144.55274963378906
14917,-37.71785354614258,144.55426025390625
14918,-37.71774673461914,144.5542755126953
14919,-37.71696853637695,144.55442810058594
14920,-37.716339111328125,144.55455017089844
14921,-37.71626663208008,144.55455017089844
14922,-37.68437576293945,144.58778381347656
14923,-37.66404724121094,144.5655975341797
14924,-37.664649963378906,144.56578063964844
14925,-37.70643615722656,144.5819091796875
14926,-37.70647048950195,144.58203125
14927,-37.70686721801758,144.5833282470703
14928,-37.70693588256836,144.5838623046875
14929,-37.68928146362305,144.59451293945312
14930,-37.689327239990234,144.5948486328125
14931,-37.68940353393555,144.5955352783203
14932,-37.69367218017578,144.59434509277344
14933,-37.69355010986328,144.5912628173828
14934,-37.69350814819336,144.59100341796875
14935,-37.693302154541016,144.59072875976562
14936,-37.69325256347656,144.59075927734375
14937,-37.69256591796875,144.59158325195312
14938,-37.692264556884766,144.59182739257812
14939,-37.69159698486328,144.59237670898438
14940,-37.69131088256836,144.5926055908203
14941,-37.69038772583008,144.59335327148438
14942,-37.68962478637695,144.593994140625
14943,-37.68952178955078,144.59413146972656
14944,-37.68930435180664,144.5944366455078
14945,-37.68928146362305,144.59446716308594
14946,-37.691768646240234,144.5951690673828
14947,-37.6917610168457,144.5950927734375
14948,-37.69154357910156,144.59307861328125
14949,-37.691375732421875,144.5927276611328
14950,-37.690792083740234,144.5953369140625
14951,-37.690895080566406,144.59532165527344
14952,-37.692237854003906,144.5950927734375
14953,-37.690608978271484,144.5937957763672
14954,-37.69045639038086,144.59347534179688
14955,-37.666568756103516,144.56210327148438
14956,-37.664798736572266,144.56243896484375
14957,-37.66014862060547,144.5818328857422
14958,-37.66010284423828,144.58151245117188
14959,-37.66008377075195,144.58139038085938
14960,-37.660072326660156,144.581298828125
14961,-37.65980911254883,144.57925415039062
14962,-37.659339904785156,144.5819854736328
14963,-37.65940475463867,144.58197021484375
14964,-37.65955352783203,144.5819549560547
14965,-37.660072326660156,144.58184814453125
14966,-37.6592903137207,144.58152770996094
14967,-37.65937042236328,144.58151245117188
14968,-37.66001510620117,144.58140563964844
14969,-37.660152435302734,144.5813751220703
14970,-37.659263610839844,144.5812530517578
14971,-37.6578254699707,144.58023071289062
14972,-37.658145904541016,144.5801544189453
14973,-37.65828323364258,144.58013916015625
14974,-37.65894317626953,144.58001708984375
14975,-37.65896224975586,144.58001708984375
14976,-37.65901184082031,144.58001708984375
14977,-37.65903854370117,144.58001708984375
14978,-37.659061431884766,144.58001708984375
14979,-37.659088134765625,144.5800323486328
14980,-37.659122467041016,144.580078125
14981,-37.65915298461914,144.5801544189453
14982,-37.65917205810547,144.58033752441406
14983,-37.6590576171875,144.57907104492188
14984,-37.6590690612793,144.5791778564453
14985,-37.659141540527344,144.5797119140625
14986,-37.659149169921875,144.57980346679688
14987,-37.659149169921875,144.579833984375
14988,-37.659149169921875,144.5799102783203
14989,-37.65912628173828,144.57997131347656
14990,-37.65805435180664,144.57925415039062
14991,-37.658103942871094,144.57923889160156
14992,-37.65968322753906,144.5789337158203
14993,-37.659706115722656,144.5789337158203
14994,-37.65974044799805,144.57894897460938
14995,-37.659767150878906,144.5789794921875
14996,-37.659786224365234,144.5790557861328
14997,-37.658138275146484,144.58001708984375
14998,-37.71085739135742,144.53526306152344
14999,-37.71100997924805,144.53500366210938
15000,-37.711090087890625,144.53488159179688
15001,-37.7111701965332,144.5345458984375
15002,-37.71125793457031,144.5342559814453
15003,-37.7113037109375,144.53404235839844
15004,-37.708621978759766,144.53311157226562
15005,-37.70868682861328,144.53326416015625
15006,-37.708805084228516,144.53330993652344
15007,-37.709007263183594,144.53329467773438
15008,-37.7090950012207,144.53338623046875
15009,-37.70919418334961,144.53369140625
15010,-37.7091064453125,144.53392028808594
15011,-37.70903015136719,144.53382873535156
15012,-37.71478271484375,144.5330047607422
15013,-37.71450424194336,144.53408813476562
15014,-37.71427917480469,144.534912109375
15015,-37.71622848510742,144.5331268310547
15016,-37.716209411621094,144.533203125
15017,-37.716217041015625,144.53367614746094
15018,-37.71623992919922,144.53445434570312
15019,-37.71623611450195,144.53463745117188
15020,-37.71620559692383,144.53492736816406
15021,-37.716121673583984,144.5357208251953
15022,-37.716033935546875,144.53656005859375
15023,-37.71598815917969,144.5369873046875
15024,-37.71345901489258,144.53395080566406
15025,-37.71335220336914,144.5343780517578
15026,-37.71614074707031,144.53302001953125
15027,-37.71626663208008,144.53317260742188
15028,-37.71638870239258,144.5333709716797
15029,-37.71146774291992,144.5333709716797
15030,-37.7116584777832,144.56739807128906
15031,-37.7116584777832,144.56741333007812
15032,-37.71166229248047,144.5674285888672
15033,-37.711669921875,144.56744384765625
15034,-37.7116813659668,144.5674591064453
15035,-37.711692810058594,144.5674591064453
15036,-37.711708068847656,144.56747436523438
15037,-37.71171951293945,144.56747436523438
15038,-37.711734771728516,144.5674591064453
15039,-37.71174621582031,144.5674591064453
15040,-37.71176528930664,144.5674285888672
15041,-37.711769104003906,144.56741333007812
15042,-37.711769104003906,144.5673828125
15043,-37.711761474609375,144.56736755371094
15044,-37.71175765991211,144.56735229492188
15045,-37.71173095703125,144.5673370361328
15046,-37.71171951293945,144.5673370361328
15047,-37.71170425415039,144.5673370361328
15048,-37.71168899536133,144.5673370361328
15049,-37.71167755126953,144.56735229492188
15050,-37.711666107177734,144.56735229492188
15051,-37.7116584777832,144.56736755371094
15052,-37.692848205566406,144.5426483154297
15053,-37.7164192199707,144.5559539794922
15054,-37.7164421081543,144.55601501464844
15055,-37.71645736694336,144.55609130859375
15056,-37.71675109863281,144.5585174560547
15057,-37.71675491333008,144.55860900878906
15058,-37.71616744995117,144.55360412597656
15059,-37.716156005859375,144.5536651611328
15060,-37.71641540527344,144.55580139160156
15061,-37.716407775878906,144.5558319091797
15062,-37.715919494628906,144.55169677734375
15063,-37.716129302978516,144.5534210205078
15064,-37.71614456176758,144.553466796875
15065,-37.71615982055664,144.5535125732422
15066,-37.72659683227539,144.5702362060547
15067,-37.726619720458984,144.57022094726562
15068,-37.72663879394531,144.5701904296875
15069,-37.72665023803711,144.57015991210938
15070,-37.726654052734375,144.57012939453125
15071,-37.72665023803711,144.57009887695312
15072,-37.72663879394531,144.570068359375
15073,-37.726619720458984,144.57003784179688
15074,-37.72659683227539,144.5700225830078
15075,-37.72657012939453,144.5700225830078
15076,-37.72654342651367,144.5700225830078
15077,-37.72653579711914,144.5700225830078
15078,-37.726524353027344,144.57003784179688
15079,-37.726505279541016,144.57005310058594
15080,-37.72649002075195,144.57008361816406
15081,-37.72648239135742,144.5701141357422
15082,-37.72648239135742,144.5701446533203
15083,-37.72648620605469,144.57017517089844
15084,-37.72650146484375,144.57020568847656
15085,-37.72651672363281,144.57022094726562
15086,-37.72653579711914,144.5702362060547
15087,-37.72655487060547,144.5702362060547
15088,-37.72657775878906,144.5702362060547
15089,-37.71345901489258,144.55935668945312
15090,-37.71357727050781,144.55931091308594
15091,-37.7136116027832,144.55929565429688
15092,-37.71470642089844,144.55908203125
15093,-37.71480178833008,144.55906677246094
15094,-37.71515655517578,144.5590057373047
15095,-37.6822395324707,144.5416259765625
15096,-37.6822509765625,144.54161071777344
15097,-37.682289123535156,144.54156494140625
15098,-37.68256378173828,144.54151916503906
15099,-37.662105560302734,144.5373992919922
15100,-37.66206741333008,144.5373992919922
15101,-37.662017822265625,144.53741455078125
15102,-37.66197204589844,144.53744506835938
15103,-37.66193389892578,144.53744506835938
15104,-37.66184616088867,144.53744506835938
15105,-37.7021369934082,144.6079559326172
15106,-37.70351791381836,144.60769653320312
15107,-37.70405197143555,144.60723876953125
15108,-37.70655822753906,144.60678100585938
15109,-37.706634521484375,144.60739135742188
15110,-37.706809997558594,144.6072998046875
15111,-37.70689010620117,144.60720825195312
15112,-37.69084167480469,144.55006408691406
15113,-37.69110870361328,144.55039978027344
15114,-37.717872619628906,144.59005737304688
15115,-37.717926025390625,144.59002685546875
15116,-37.71800231933594,144.58998107910156
15117,-37.71807098388672,144.58993530273438
15118,-37.654319763183594,144.56768798828125
15119,-37.654510498046875,144.56764221191406
15120,-37.65458679199219,144.567626953125
15121,-37.679901123046875,144.5891876220703
15122,-37.68010711669922,144.58938598632812
15123,-37.65298843383789,144.56680297851562
15124,-37.65298843383789,144.5667724609375
15125,-37.65287780761719,144.5658721923828
15126,-37.65286636352539,144.56576538085938
15127,-37.6618766784668,144.6000518798828
15128,-37.717735290527344,144.59010314941406
15129,-37.71776580810547,144.59019470214844
15130,-37.7177848815918,144.5902862548828
15131,-37.717796325683594,144.5903778076172
15132,-37.71882247924805,144.59378051757812
15133,-37.71888732910156,144.59375
15134,-37.68975830078125,144.5850372314453
15135,-37.68964767456055,144.58514404296875
15136,-37.695953369140625,144.54574584960938
15137,-37.695987701416016,144.54605102539062
15138,-37.69295120239258,144.54002380371094
15139,-37.70147705078125,144.606689453125
15140,-37.701499938964844,144.60682678222656
15141,-37.701541900634766,144.6069793701172
15142,-37.70158767700195,144.60708618164062
15143,-37.70166015625,144.6072540283203
15144,-37.70174026489258,144.60743713378906
15145,-37.70185089111328,144.60763549804688
15146,-37.70195007324219,144.60777282714844
15147,-37.703460693359375,144.60923767089844
15148,-37.703590393066406,144.60940551757812
15149,-37.703670501708984,144.60958862304688
15150,-37.703758239746094,144.61019897460938
15151,-37.70375061035156,144.6104736328125
15152,-37.703704833984375,144.6106719970703
15153,-37.70361328125,144.6107635498047
15154,-37.7034912109375,144.61074829101562
15155,-37.65977096557617,144.578857421875
15156,-37.65973663330078,144.57850646972656
15157,-37.6599006652832,144.59335327148438
15158,-37.659549713134766,144.5934295654297
15159,-37.69541549682617,144.5389862060547
15160,-37.69538497924805,144.53872680664062
15161,-37.687557220458984,144.55618286132812
15162,-37.68757629394531,144.55621337890625
15163,-37.688201904296875,144.55618286132812
15164,-37.6882209777832,144.55613708496094
15165,-37.68824005126953,144.55609130859375
15166,-37.68808364868164,144.55471801757812
15167,-37.68806457519531,144.5546875
15168,-37.654972076416016,144.56756591796875
15169,-37.654964447021484,144.56756591796875
15170,-37.654701232910156,144.56761169433594
15171,-37.65435791015625,144.5665740966797
15172,-37.65424728393555,144.56565856933594
15173,-37.654212951660156,144.5653533935547
15174,-37.654212951660156,144.5653076171875
15175,-37.65422439575195,144.56527709960938
15176,-37.65424346923828,144.5652618408203
15177,-37.654266357421875,144.5652618408203
15178,-37.654319763183594,144.56524658203125
15179,-37.654563903808594,144.5652313232422
15180,-37.654685974121094,144.56521606445312
15181,-37.654808044433594,144.565185546875
15182,-37.65492630004883,144.56517028808594
15183,-37.69398880004883,144.54635620117188
15184,-37.714599609375,144.5914306640625
15185,-37.7148551940918,144.5936737060547
15186,-37.695831298828125,144.5968780517578
15187,-37.69605255126953,144.59683227539062
15188,-37.71281433105469,144.5917510986328
15189,-37.713138580322266,144.59169006347656
15190,-37.713783264160156,144.59156799316406
15191,-37.71388244628906,144.591552734375
15192,-37.71544647216797,144.59127807617188
15193,-37.71843338012695,144.59303283691406
15194,-37.71848678588867,144.59300231933594
15195,-37.691402435302734,144.54714965820312
15196,-37.69139099121094,144.5471954345703
15197,-37.69142532348633,144.5474853515625
15198,-37.65694046020508,144.59324645996094
15199,-37.656837463378906,144.5933380126953
15200,-37.65675354003906,144.5934600830078
15201,-37.67308044433594,144.54513549804688
15202,-37.689945220947266,144.57745361328125
15203,-37.68989562988281,144.57676696777344
15204,-37.68997573852539,144.57664489746094
15205,-37.68992233276367,144.57620239257812
15206,-37.67890548706055,144.547607421875
15207,-37.6793098449707,144.5475616455078
15208,-37.68014907836914,144.54757690429688
15209,-37.69386672973633,144.54537963867188
15210,-37.69375228881836,144.54443359375
15211,-37.70322036743164,144.64166259765625
15212,-37.65367889404297,144.56671142578125
15213,-37.653568267822266,144.5657958984375
15214,-37.6535530090332,144.5656280517578
15215,-37.65354919433594,144.56553649902344
15216,-37.68376159667969,144.57830810546875
15217,-37.683815002441406,144.5782470703125
15218,-37.65569305419922,144.56556701660156
15219,-37.65559005737305,144.5654754638672
15220,-37.65537643432617,144.5655059814453
15221,-37.71769332885742,144.5899200439453
15222,-37.71762466430664,144.5899658203125
15223,-37.71758270263672,144.58998107910156
15224,-37.71752166748047,144.59002685546875
15225,-37.707176208496094,144.62042236328125
15226,-37.706146240234375,144.62059020996094
15227,-37.705711364746094,144.6206512451172
15228,-37.704742431640625,144.6208038330078
15229,-37.70450210571289,144.620849609375
15230,-37.704307556152344,144.62088012695312
15231,-37.70387649536133,144.62094116210938
15232,-37.708465576171875,144.62017822265625
15233,-37.70842361450195,144.62026977539062
15234,-37.708778381347656,144.6222686767578
15235,-37.70884323120117,144.62222290039062
15236,-37.708866119384766,144.62220764160156
15237,-37.70888137817383,144.62220764160156
15238,-37.708919525146484,144.6221923828125
15239,-37.70866394042969,144.62228393554688
15240,-37.70868682861328,144.62237548828125
15241,-37.70869445800781,144.62240600585938
15242,-37.708702087402344,144.62245178222656
15243,-37.7087287902832,144.6226043701172
15244,-37.708744049072266,144.62210083007812
15245,-37.70872497558594,144.6220245361328
15246,-37.708709716796875,144.62197875976562
15247,-37.70869827270508,144.62191772460938
15248,-37.708648681640625,144.62144470214844
15249,-37.7086181640625,144.6212158203125
15250,-37.708580017089844,144.62094116210938
15251,-37.70855712890625,144.62074279785156
15252,-37.70853805541992,144.6205596923828
15253,-37.708534240722656,144.62049865722656
15254,-37.70852279663086,144.62039184570312
15255,-37.708518981933594,144.62034606933594
15256,-37.70851516723633,144.62025451660156
15257,-37.70875549316406,144.6228485107422
15258,-37.70876693725586,144.62294006347656
15259,-37.708770751953125,144.6229705810547
15260,-37.708778381347656,144.62301635742188
15261,-37.70879364013672,144.6230926513672
15262,-37.70886993408203,144.62327575683594
15263,-37.708919525146484,144.62335205078125
15264,-37.70897674560547,144.62344360351562
15265,-37.70927810668945,144.6237335205078
15266,-37.70984649658203,144.6243133544922
15267,-37.71009063720703,144.6245574951172
15268,-37.71015548706055,144.6246337890625
15269,-37.710262298583984,144.62474060058594
15270,-37.7103271484375,144.62481689453125
15271,-37.71037292480469,144.6248779296875
15272,-37.71042251586914,144.62496948242188
15273,-37.71075439453125,144.6256103515625
15274,-37.71120834350586,144.62648010253906
15275,-37.711483001708984,144.62701416015625
15276,-37.711917877197266,144.6278839111328
15277,-37.71211242675781,144.62826538085938
15278,-37.71221923828125,144.62844848632812
15279,-37.7122917175293,144.62855529785156
15280,-37.712310791015625,144.6285858154297
15281,-37.71242904663086,144.6287384033203
15282,-37.71247863769531,144.62881469726562
15283,-37.712528228759766,144.62887573242188
15284,-37.71260070800781,144.62896728515625
15285,-37.712642669677734,144.62901306152344
15286,-37.71268844604492,144.62904357910156
15287,-37.7127571105957,144.6290740966797
15288,-37.712833404541016,144.62908935546875
15289,-37.71287155151367,144.6291046142578
15290,-37.712928771972656,144.62908935546875
15291,-37.7130012512207,144.62908935546875
15292,-37.71308898925781,144.62905883789062
15293,-37.71316909790039,144.62899780273438
15294,-37.713890075683594,144.62828063964844
15295,-37.713958740234375,144.6282196044922
15296,-37.71405029296875,144.628173828125
15297,-37.71413803100586,144.62815856933594
15298,-37.7142333984375,144.62815856933594
15299,-37.70873260498047,144.62245178222656
15300,-37.708740234375,144.62240600585938
15301,-37.70874786376953,144.6223602294922
15302,-37.70876693725586,144.62228393554688
15303,-37.708919525146484,144.6221466064453
15304,-37.7088737487793,144.6221466064453
15305,-37.7088623046875,144.6221466064453
15306,-37.70883560180664,144.62213134765625
15307,-37.708778381347656,144.62213134765625
15308,-37.70862579345703,144.62220764160156
15309,-37.7086296081543,144.62222290039062
15310,-37.708641052246094,144.62225341796875
15311,-37.70865249633789,144.62228393554688
15312,-37.70868682861328,144.62229919433594
15313,-37.70871353149414,144.622314453125
15314,-37.708744049072266,144.62229919433594
15315,-37.70877456665039,144.6222686767578
15316,-37.70879364013672,144.6222381591797
15317,-37.708797454833984,144.62220764160156
15318,-37.708797454833984,144.62217712402344
15319,-37.70878982543945,144.6221466064453
15320,-37.708763122558594,144.6221160888672
15321,-37.708717346191406,144.62208557128906
15322,-37.70869064331055,144.62210083007812
15323,-37.70866775512695,144.62210083007812
15324,-37.70864486694336,144.62213134765625
15325,-37.70863723754883,144.6221466064453
15326,-37.7086296081543,144.62217712402344
15327,-37.70859146118164,144.62217712402344
15328,-37.70857620239258,144.62217712402344
15329,-37.70854949951172,144.6221923828125
15330,-37.70854949951172,144.62225341796875
15331,-37.708580017089844,144.62225341796875
15332,-37.70859146118164,144.62225341796875
15333,-37.7086181640625,144.62225341796875
15334,-37.70790100097656,144.62034606933594
15335,-37.70803451538086,144.62033081054688
15336,-37.70829772949219,144.6202850341797
15337,-37.703670501708984,144.62095642089844
15338,-37.70359420776367,144.62095642089844
15339,-37.70351791381836,144.6209716796875
15340,-37.70345687866211,144.62095642089844
15341,-37.70334243774414,144.62095642089844
15342,-37.70319366455078,144.62094116210938
15343,-37.70304489135742,144.62094116210938
15344,-37.70298767089844,144.62094116210938
15345,-37.702938079833984,144.62094116210938
15346,-37.70281982421875,144.6209259033203
15347,-37.7027587890625,144.62091064453125
15348,-37.70268249511719,144.62088012695312
15349,-37.702598571777344,144.62083435058594
15350,-37.702537536621094,144.62078857421875
15351,-37.70243835449219,144.62069702148438
15352,-37.70234298706055,144.62060546875
15353,-37.70225143432617,144.62046813964844
15354,-37.701175689697266,144.61898803710938
15355,-37.70390319824219,144.62286376953125
15356,-37.703460693359375,144.62217712402344
15357,-37.702816009521484,144.6212615966797
15358,-37.702781677246094,144.62120056152344
15359,-37.70277404785156,144.62115478515625
15360,-37.70277786254883,144.62110900878906
15361,-37.70278549194336,144.62107849121094
15362,-37.70280838012695,144.62106323242188
15363,-37.70283508300781,144.62103271484375
15364,-37.7028694152832,144.62103271484375
15365,-37.70291519165039,144.6210174560547
15366,-37.702938079833984,144.6210174560547
15367,-37.702972412109375,144.6210174560547
15368,-37.70303726196289,144.6210174560547
15369,-37.70308303833008,144.6210174560547
15370,-37.70314407348633,144.62103271484375
15371,-37.703189849853516,144.62103271484375
15372,-37.703243255615234,144.6210479736328
15373,-37.703277587890625,144.6210479736328
15374,-37.70332336425781,144.6210479736328
15375,-37.70340347290039,144.62103271484375
15376,-37.703495025634766,144.62103271484375
15377,-37.70367431640625,144.62100219726562
15378,-37.657310485839844,144.57595825195312
15379,-37.65745162963867,144.5758819580078
15380,-37.65113830566406,144.57080078125
15381,-37.65076446533203,144.5682373046875
15382,-37.65043640136719,144.56591796875
15383,-37.65039825439453,144.56565856933594
15384,-37.693870544433594,144.60423278808594
15385,-37.69438171386719,144.6041259765625
15386,-37.71955108642578,144.58966064453125
15387,-37.71954345703125,144.5895538330078
15388,-37.71959686279297,144.58773803710938
15389,-37.719600677490234,144.5876922607422
15390,-37.7196044921875,144.587646484375
15391,-37.71961212158203,144.58763122558594
15392,-37.71963119506836,144.58761596679688
15393,-37.71965408325195,144.5876007080078
15394,-37.719703674316406,144.58758544921875
15395,-37.720359802246094,144.5874786376953
15396,-37.72050476074219,144.5874481201172
15397,-37.72059631347656,144.5874481201172
15398,-37.72108459472656,144.58750915527344
15399,-37.72111892700195,144.5875244140625
15400,-37.721134185791016,144.58753967285156
15401,-37.72114562988281,144.58758544921875
15402,-37.72114944458008,144.58763122558594
15403,-37.72113037109375,144.58773803710938
15404,-37.720970153808594,144.58860778808594
15405,-37.720943450927734,144.58872985839844
15406,-37.720890045166016,144.58885192871094
15407,-37.720802307128906,144.58908081054688
15408,-37.72076416015625,144.58921813964844
15409,-37.7207145690918,144.58950805664062
15410,-37.72069549560547,144.58961486816406
15411,-37.72014236450195,144.58956909179688
15412,-37.72013854980469,144.58946228027344
15413,-37.72036361694336,144.58761596679688
15414,-37.71929168701172,144.59169006347656
15415,-37.719242095947266,144.5916748046875
15416,-37.71920394897461,144.59165954589844
15417,-37.719146728515625,144.5916748046875
15418,-37.71979904174805,144.59056091308594
15419,-37.71980285644531,144.59063720703125
15420,-37.71978759765625,144.59117126464844
15421,-37.72050476074219,144.5895538330078
15422,-37.72049331665039,144.58969116210938
15423,-37.720401763916016,144.5902099609375
15424,-37.72038650512695,144.59030151367188
15425,-37.720367431640625,144.59034729003906
15426,-37.7203369140625,144.5904083251953
15427,-37.72030258178711,144.59043884277344
15428,-37.720252990722656,144.59046936035156
15429,-37.720191955566406,144.59048461914062
15430,-37.72296905517578,144.59173583984375
15431,-37.722694396972656,144.59127807617188
15432,-37.722530364990234,144.5910186767578
15433,-37.72237014770508,144.5908203125
15434,-37.72227096557617,144.5906982421875
15435,-37.72196578979492,144.5903778076172
15436,-37.721710205078125,144.59014892578125
15437,-37.72145462036133,144.5899658203125
15438,-37.7212028503418,144.58981323242188
15439,-37.72108840942383,144.58975219726562
15440,-37.721031188964844,144.58973693847656
15441,-37.720970153808594,144.58970642089844
15442,-37.72062301635742,144.58958435058594
15443,-37.72040939331055,144.5895538330078
15444,-37.71895217895508,144.5897674560547
15445,-37.7183723449707,144.58987426757812
15446,-37.719261169433594,144.59461975097656
15447,-37.71918487548828,144.59466552734375
15448,-37.72117614746094,144.6098175048828
15449,-37.721214294433594,144.61012268066406
15450,-37.72121047973633,144.61016845703125
15451,-37.7212028503418,144.61021423339844
15452,-37.72118377685547,144.61024475097656
15453,-37.72115707397461,144.6102752685547
15454,-37.72112274169922,144.61029052734375
15455,-37.7199592590332,144.61048889160156
15456,-37.72118377685547,144.608642578125
15457,-37.721046447753906,144.60867309570312
15458,-37.72092819213867,144.6086883544922
15459,-37.718475341796875,144.59649658203125
15460,-37.718265533447266,144.59654235839844
15461,-37.71981430053711,144.630859375
15462,-37.71983337402344,144.63096618652344
15463,-37.71995162963867,144.63134765625
15464,-37.72007751464844,144.63172912597656
15465,-37.72019958496094,144.6320343017578
15466,-37.72052001953125,144.6306610107422
15467,-37.720428466796875,144.63070678710938
15468,-37.720157623291016,144.6307830810547
15469,-37.7191047668457,144.63104248046875
15470,-37.71893310546875,144.63108825683594
15471,-37.71888732910156,144.63108825683594
15472,-37.71884536743164,144.63107299804688
15473,-37.71881866455078,144.6310577392578
15474,-37.718788146972656,144.63099670410156
15475,-37.718685150146484,144.6307373046875
15476,-37.720516204833984,144.6318359375
15477,-37.7176513671875,144.6337127685547
15478,-37.718563079833984,144.63311767578125
15479,-37.71869659423828,144.63302612304688
15480,-37.71903991699219,144.6328125
15481,-37.719112396240234,144.63275146484375
15482,-37.71916961669922,144.63272094726562
15483,-37.71937561035156,144.63258361816406
15484,-37.71965026855469,144.6324005126953
15485,-37.72074508666992,144.63168334960938
15486,-37.72077941894531,144.6316375732422
15487,-37.720787048339844,144.63160705566406
15488,-37.720794677734375,144.63157653808594
15489,-37.72079086303711,144.63153076171875
15490,-37.72078323364258,144.6314697265625
15491,-37.72041702270508,144.63037109375
15492,-37.71912384033203,144.63113403320312
15493,-37.71934127807617,144.6316680908203
15494,-37.7193717956543,144.63172912597656
15495,-37.71967315673828,144.63418579101562
15496,-37.71965789794922,144.6341094970703
15497,-37.719635009765625,144.634033203125
15498,-37.71943283081055,144.63352966308594
15499,-37.71929168701172,144.6331787109375
15500,-37.71916961669922,144.6328887939453
15501,-37.71916198730469,144.63287353515625
15502,-37.72109603881836,144.63241577148438
15503,-37.72152328491211,144.6322021484375
15504,-37.72197723388672,144.6335906982422
15505,-37.72172927856445,144.63372802734375
15506,-37.72054672241211,144.63450622558594
15507,-37.72222137451172,144.6343231201172
15508,-37.721519470214844,144.63475036621094
15509,-37.72146987915039,144.63479614257812
15510,-37.7214469909668,144.63482666015625
15511,-37.721435546875,144.63487243652344
15512,-37.721439361572266,144.63491821289062
15513,-37.721553802490234,144.6354217529297
15514,-37.72175598144531,144.63290405273438
15515,-37.72147750854492,144.633056640625
15516,-37.72027587890625,144.63385009765625
15517,-37.720008850097656,144.634033203125
15518,-37.71993637084961,144.63406372070312
15519,-37.719749450683594,144.6340789794922
15520,-37.65363693237305,144.56578063964844
15521,-37.65385818481445,144.56573486328125
15522,-37.6541748046875,144.565673828125
15523,-37.65395736694336,144.5657196044922
15524,-37.718116760253906,144.58767700195312
15525,-37.718135833740234,144.58778381347656
15526,-37.718360900878906,144.5897674560547
15527,-37.71894836425781,144.5896759033203
15528,-37.718875885009766,144.587646484375
15529,-37.718868255615234,144.5876007080078
15530,-37.71885681152344,144.58755493164062
15531,-37.718833923339844,144.5875244140625
15532,-37.71881866455078,144.58750915527344
15533,-37.71879196166992,144.58750915527344
15534,-37.718719482421875,144.5874786376953
15535,-37.71860885620117,144.5874786376953
15536,-37.71849060058594,144.58749389648438
15537,-37.718379974365234,144.58753967285156
15538,-37.71824645996094,144.58761596679688
15539,-37.71795654296875,144.58773803710938
15540,-37.7177734375,144.58779907226562
15541,-37.71759033203125,144.5878448486328
15542,-37.717559814453125,144.58786010742188
15543,-37.71753692626953,144.587890625
15544,-37.717525482177734,144.58792114257812
15545,-37.717525482177734,144.58795166015625
15546,-37.7175407409668,144.5880889892578
15547,-37.71770095825195,144.5895233154297
15548,-37.71772003173828,144.58963012695312
15549,-37.71927261352539,144.58737182617188
15550,-37.719200134277344,144.58738708496094
15551,-37.7191162109375,144.58740234375
15552,-37.71894073486328,144.5874481201172
15553,-37.71889114379883,144.58746337890625
15554,-37.72235870361328,144.5939483642578
15555,-37.72227096557617,144.5938262939453
15556,-37.72217559814453,144.59356689453125
15557,-37.72398376464844,144.59353637695312
15558,-37.722896575927734,144.59449768066406
15559,-37.7227668762207,144.59457397460938
15560,-37.72257614135742,144.59466552734375
15561,-37.722713470458984,144.59527587890625
15562,-37.722808837890625,144.59524536132812
15563,-37.72318649291992,144.59518432617188
15564,-37.72328567504883,144.5951690673828
15565,-37.723426818847656,144.59510803222656
15566,-37.723533630371094,144.5950469970703
15567,-37.7236328125,144.594970703125
15568,-37.724369049072266,144.5943145751953
15569,-37.72358703613281,144.5928192138672
15570,-37.72239303588867,144.59390258789062
15571,-37.722373962402344,144.5939178466797
15572,-37.722354888916016,144.593994140625
15573,-37.72236251831055,144.5940399169922
15574,-37.72248077392578,144.5943603515625
15575,-37.7227783203125,144.59568786621094
15576,-37.72281265258789,144.5959930419922
15577,-37.72282028198242,144.5960235595703
15578,-37.72170639038086,144.5944061279297
15579,-37.72197341918945,144.59425354003906
15580,-37.72198486328125,144.59542846679688
15581,-37.72203826904297,144.59548950195312
15582,-37.72206115722656,144.5955810546875
15583,-37.72209930419922,144.5959014892578
15584,-37.721370697021484,144.59349060058594
15585,-37.72140884399414,144.59359741210938
15586,-37.72184371948242,144.59481811523438
15587,-37.72196960449219,144.5952606201172
15588,-37.721981048583984,144.59532165527344
15589,-37.721988677978516,144.5953826904297
15590,-37.72196578979492,144.595458984375
15591,-37.721927642822266,144.59547424316406
15592,-37.72178649902344,144.5955047607422
15593,-37.721656799316406,144.5955352783203
15594,-37.72146987915039,144.59561157226562
15595,-37.721397399902344,144.5956268310547
15596,-37.72126007080078,144.595703125
15597,-37.72092056274414,144.59588623046875
15598,-37.720821380615234,144.595947265625
15599,-37.72077178955078,144.59597778320312
15600,-37.72076416015625,144.59388732910156
15601,-37.72079849243164,144.593994140625
15602,-37.72012710571289,144.59425354003906
15603,-37.720176696777344,144.5943603515625
15604,-37.7208137512207,144.5961151123047
15605,-37.72081756591797,144.59620666503906
15606,-37.720802307128906,144.59629821777344
15607,-37.72285461425781,144.5923309326172
15608,-37.72279739379883,144.59239196777344
15609,-37.72266387939453,144.59249877929688
15610,-37.72368240356445,144.5967254638672
15611,-37.72359848022461,144.59588623046875
15612,-37.72246551513672,144.59695434570312
15613,-37.72235870361328,144.5961151123047
15614,-37.722434997558594,144.59678649902344
15615,-37.722599029541016,144.5978546142578
15616,-37.72267532348633,144.59852600097656
15617,-37.72269058227539,144.59857177734375
15618,-37.72270965576172,144.59860229492188
15619,-37.72273635864258,144.59861755371094
15620,-37.72277069091797,144.59861755371094
15621,-37.723880767822266,144.59841918945312
15622,-37.723793029785156,144.59764099121094
15623,-37.721343994140625,144.59884643554688
15624,-37.72123336791992,144.59889221191406
15625,-37.72084045410156,144.59896850585938
15626,-37.72105026245117,144.59657287597656
15627,-37.72101593017578,144.5966796875
15628,-37.721004486083984,144.5967254638672
15629,-37.72100830078125,144.59681701660156
15630,-37.72108840942383,144.59713745117188
15631,-37.721160888671875,144.59756469726562
15632,-37.72124099731445,144.59812927246094
15633,-37.7213134765625,144.59877014160156
15634,-37.7213249206543,144.59881591796875
15635,-37.72138214111328,144.59886169433594
15636,-37.72144317626953,144.59886169433594
15637,-37.72195053100586,144.59877014160156
15638,-37.72199630737305,144.5987548828125
15639,-37.72201919555664,144.59872436523438
15640,-37.72202682495117,144.5986785888672
15641,-37.72202682495117,144.5986328125
15642,-37.7219352722168,144.5978546142578
15643,-37.72188949584961,144.59750366210938
15644,-37.721805572509766,144.59703063964844
15645,-37.72174072265625,144.5967254638672
15646,-37.72168731689453,144.5965118408203
15647,-37.72017288208008,144.59646606445312
15648,-37.72026824951172,144.596435546875
15649,-37.720703125,144.59629821777344
15650,-37.720760345458984,144.59628295898438
15651,-37.720848083496094,144.5963134765625
15652,-37.72088623046875,144.59634399414062
15653,-37.720916748046875,144.59640502929688
15654,-37.720970153808594,144.5965118408203
15655,-37.72101593017578,144.5965576171875
15656,-37.72111892700195,144.59661865234375
15657,-37.7212028503418,144.5966339111328
15658,-37.721290588378906,144.59661865234375
15659,-37.72156524658203,144.5965576171875
15660,-37.72160339355469,144.5965576171875
15661,-37.72164535522461,144.59654235839844
15662,-37.7220573425293,144.59622192382812
15663,-37.7221565246582,144.59617614746094
15664,-37.72222137451172,144.5961456298828
15665,-37.723777770996094,144.59585571289062
15666,-37.72392272949219,144.59579467773438
15667,-37.72407531738281,144.59567260742188
15668,-37.72461700439453,144.59518432617188
15669,-37.724735260009766,144.5950927734375
15670,-37.71952819824219,144.594970703125
15671,-37.71964645385742,144.5951690673828
15672,-37.719749450683594,144.59536743164062
15673,-37.719810485839844,144.59548950195312
15674,-37.71992874145508,144.59576416015625
15675,-37.7200927734375,144.59619140625
15676,-37.72014236450195,144.59637451171875
15677,-37.7203369140625,144.5970916748047
15678,-37.72044372558594,144.59756469726562
15679,-37.720497131347656,144.59788513183594
15680,-37.72065734863281,144.59912109375
15681,-37.719844818115234,144.59580993652344
15682,-37.71957015991211,144.59593200683594
15683,-37.719512939453125,144.59596252441406
15684,-37.719417572021484,144.59597778320312
15685,-37.718910217285156,144.596435546875
15686,-37.71860885620117,144.5964813232422
15687,-37.71871566772461,144.5948944091797
15688,-37.7187385559082,144.5950164794922
15689,-37.71888732910156,144.5963134765625
15690,-37.718997955322266,144.59669494628906
15691,-37.719032287597656,144.5968017578125
15692,-37.71990966796875,144.59909057617188
15693,-37.720008850097656,144.59912109375
15694,-37.72040557861328,144.5990447998047
15695,-37.71881866455078,144.59690856933594
15696,-37.719024658203125,144.59767150878906
15697,-37.719093322753906,144.59799194335938
15698,-37.719154357910156,144.59840393066406
15699,-37.71923828125,144.59912109375
15700,-37.71925354003906,144.59918212890625
15701,-37.719276428222656,144.59921264648438
15702,-37.71931457519531,144.59922790527344
15703,-37.7193603515625,144.59922790527344
15704,-37.7198600769043,144.59913635253906
15705,-37.71989059448242,144.59912109375
15706,-37.71991729736328,144.59906005859375
15707,-37.71991729736328,144.5989990234375
15708,-37.71982192993164,144.5982208251953
15709,-37.719757080078125,144.59780883789062
15710,-37.71966552734375,144.59735107421875
15711,-37.71944808959961,144.59657287597656
15712,-37.71828079223633,144.5975799560547
15713,-37.718353271484375,144.59765625
15714,-37.718387603759766,144.5977020263672
15715,-37.718414306640625,144.59780883789062
15716,-37.718482971191406,144.59812927246094
15717,-37.71852493286133,144.598388671875
15718,-37.71855163574219,144.59860229492188
15719,-37.7186279296875,144.59927368164062
15720,-37.718624114990234,144.59930419921875
15721,-37.71861267089844,144.59933471679688
15722,-37.718589782714844,144.59934997558594
15723,-37.718570709228516,144.599365234375
15724,-37.718544006347656,144.59938049316406
15725,-37.718021392822266,144.59947204589844
15726,-37.71743392944336,144.59957885742188
15727,-37.7173957824707,144.5995635986328
15728,-37.71736526489258,144.5995635986328
15729,-37.717350006103516,144.59954833984375
15730,-37.71733856201172,144.59951782226562
15731,-37.717247009277344,144.59878540039062
15732,-37.717247009277344,144.59872436523438
15733,-37.71725082397461,144.59869384765625
15734,-37.71726608276367,144.5986328125
15735,-37.717411041259766,144.59840393066406
15736,-37.717437744140625,144.59837341308594
15737,-37.71746826171875,144.5983428955078
15738,-37.7175178527832,144.59832763671875
15739,-37.71775436401367,144.59828186035156
15740,-37.71778869628906,144.5982666015625
15741,-37.71782302856445,144.59823608398438
15742,-37.7178840637207,144.59815979003906
15743,-37.71791076660156,144.59811401367188
15744,-37.7183723449707,144.59744262695312
15745,-37.718597412109375,144.59713745117188
15746,-37.718685150146484,144.5970001220703
15747,-37.71874237060547,144.5969696044922
15748,-37.7193603515625,144.5966339111328
15749,-37.71950912475586,144.59652709960938
15750,-37.71958541870117,144.5964813232422
15751,-37.719696044921875,144.5963897705078
15752,-37.72001266479492,144.5962371826172
15753,-37.7178840637207,144.5983428955078
15754,-37.71790313720703,144.59841918945312
15755,-37.717918395996094,144.59852600097656
15756,-37.72111892700195,144.5896759033203
15757,-37.72136306762695,144.5888671875
15758,-37.721412658691406,144.58876037597656
15759,-37.72188949584961,144.5877685546875
15760,-37.72191619873047,144.58773803710938
15761,-37.72194290161133,144.58770751953125
15762,-37.72197341918945,144.58770751953125
15763,-37.72200012207031,144.5877227783203
15764,-37.722023010253906,144.5877227783203
15765,-37.7221794128418,144.58779907226562
15766,-37.72240447998047,144.587890625
15767,-37.72247314453125,144.58792114257812
15768,-37.72275924682617,144.58795166015625
15769,-37.72306442260742,144.58792114257812
15770,-37.72312927246094,144.58790588378906
15771,-37.723384857177734,144.5878143310547
15772,-37.72318649291992,144.59190368652344
15773,-37.723175048828125,144.59190368652344
15774,-37.723140716552734,144.59190368652344
15775,-37.72311019897461,144.5919189453125
15776,-37.72308349609375,144.59193420410156
15777,-37.723060607910156,144.5919647216797
15778,-37.723045349121094,144.59201049804688
15779,-37.72303771972656,144.592041015625
15780,-37.72304153442383,144.5920867919922
15781,-37.72304916381836,144.59213256835938
15782,-37.72306823730469,144.5921630859375
15783,-37.72309112548828,144.59219360351562
15784,-37.72311782836914,144.5922088623047
15785,-37.72315216064453,144.5922088623047
15786,-37.723182678222656,144.5922088623047
15787,-37.72321319580078,144.5922088623047
15788,-37.72323989868164,144.59217834472656
15789,-37.723262786865234,144.59214782714844
15790,-37.7232780456543,144.5921173095703
15791,-37.72328567504883,144.59207153320312
15792,-37.72328567504883,144.592041015625
15793,-37.72327423095703,144.5919952392578
15794,-37.72325897216797,144.5919647216797
15795,-37.72323226928711,144.59193420410156
15796,-37.72320556640625,144.5919189453125
15797,-37.72321701049805,144.59228515625
15798,-37.723289489746094,144.59234619140625
15799,-37.723365783691406,144.59242248535156
15800,-37.72208023071289,144.5893096923828
15801,-37.72224044799805,144.5889892578125
15802,-37.72233581542969,144.58872985839844
15803,-37.723289489746094,144.59046936035156
15804,-37.7231330871582,144.5903778076172
15805,-37.72307586669922,144.59033203125
15806,-37.722869873046875,144.59007263183594
15807,-37.72256088256836,144.5897216796875
15808,-37.72229766845703,144.5894775390625
15809,-37.72175598144531,144.58908081054688
15810,-37.721500396728516,144.58892822265625
15811,-37.72276306152344,144.59121704101562
15812,-37.723148345947266,144.5907440185547
15813,-37.723445892333984,144.590087890625
15814,-37.723655700683594,144.5897216796875
15815,-37.723663330078125,144.58969116210938
15816,-37.72368621826172,144.58958435058594
15817,-37.72369384765625,144.5895233154297
15818,-37.723670959472656,144.5894317626953
15819,-37.72359848022461,144.58921813964844
15820,-37.723548889160156,144.58909606933594
15821,-37.723506927490234,144.5889892578125
15822,-37.72335433959961,144.5887451171875
15823,-37.723289489746094,144.58865356445312
15824,-37.72322082519531,144.588623046875
15825,-37.72319793701172,144.588623046875
15826,-37.723148345947266,144.58863830566406
15827,-37.72437286376953,144.5905303955078
15828,-37.72378921508789,144.58987426757812
15829,-37.723487854003906,144.5895233154297
15830,-37.723388671875,144.58935546875
15831,-37.72333908081055,144.58924865722656
15832,-37.72324752807617,144.58905029296875
15833,-37.72318649291992,144.5888214111328
15834,-37.72598648071289,144.58934020996094
15835,-37.725948333740234,144.5891571044922
15836,-37.72589111328125,144.5885009765625
15837,-37.72587966918945,144.5884552001953
15838,-37.72585678100586,144.5884246826172
15839,-37.7258186340332,144.58840942382812
15840,-37.72576904296875,144.58840942382812
15841,-37.725276947021484,144.58863830566406
15842,-37.72494125366211,144.58883666992188
15843,-37.72458267211914,144.5890655517578
15844,-37.72437286376953,144.5892333984375
15845,-37.72411346435547,144.5894775390625
15846,-37.72383499145508,144.58982849121094
15847,-37.72565460205078,144.5861053466797
15848,-37.72574234008789,144.58624267578125
15849,-37.725765228271484,144.58633422851562
15850,-37.725830078125,144.58689880371094
15851,-37.7258415222168,144.58702087402344
15852,-37.72583770751953,144.5870819091797
15853,-37.72582244873047,144.58712768554688
15854,-37.725772857666016,144.58718872070312
15855,-37.72541427612305,144.58753967285156
15856,-37.72517395019531,144.58773803710938
15857,-37.72435760498047,144.5882110595703
15858,-37.72176742553711,144.59136962890625
15859,-37.721946716308594,144.59307861328125
15860,-37.72166442871094,144.59259033203125
15861,-37.7215576171875,144.59242248535156
15862,-37.7214469909668,144.5922393798828
15863,-37.721282958984375,144.592041015625
15864,-37.7212028503418,144.59194946289062
15865,-37.721065521240234,144.59181213378906
15866,-37.72090530395508,144.5916748046875
15867,-37.72076416015625,144.59158325195312
15868,-37.720703125,144.59153747558594
15869,-37.72054672241211,144.5913543701172
15870,-37.720516204833984,144.59132385253906
15871,-37.72050857543945,144.59129333496094
15872,-37.72051239013672,144.5912628173828
15873,-37.72052764892578,144.59121704101562
15874,-37.720550537109375,144.5911865234375
15875,-37.720611572265625,144.591064453125
15876,-37.720664978027344,144.5909423828125
15877,-37.72073745727539,144.59071350097656
15878,-37.72075653076172,144.59066772460938
15879,-37.72078323364258,144.59063720703125
15880,-37.720821380615234,144.59063720703125
15881,-37.720863342285156,144.5906524658203
15882,-37.72110366821289,144.59078979492188
15883,-37.72132873535156,144.59095764160156
15884,-37.721588134765625,144.59117126464844
15885,-37.722042083740234,144.5917205810547
15886,-37.722557067871094,144.59259033203125
15887,-37.721527099609375,144.59170532226562
15888,-37.720909118652344,144.59010314941406
15889,-37.720890045166016,144.59017944335938
15890,-37.72078323364258,144.5905303955078
15891,-37.72029495239258,144.59149169921875
15892,-37.720420837402344,144.59133911132812
15893,-37.72023010253906,144.59156799316406
15894,-37.72011947631836,144.59165954589844
15895,-37.719970703125,144.59173583984375
15896,-37.719913482666016,144.5918426513672
15897,-37.7212028503418,144.59359741210938
15898,-37.72108459472656,144.59326171875
15899,-37.72101974487305,144.59312438964844
15900,-37.720943450927734,144.5929718017578
15901,-37.72088623046875,144.5928955078125
15902,-37.720829010009766,144.59280395507812
15903,-37.720726013183594,144.59268188476562
15904,-37.72063064575195,144.59259033203125
15905,-37.72052764892578,144.59251403808594
15906,-37.7203254699707,144.5923614501953
15907,-37.72020721435547,144.5922393798828
15908,-37.72012710571289,144.5921630859375
15909,-37.72003173828125,144.59202575683594
15910,-37.719970703125,144.5919189453125
15911,-37.71994400024414,144.5918731689453
15912,-37.719932556152344,144.59185791015625
15913,-37.71989822387695,144.59182739257812
15914,-37.719871520996094,144.59182739257812
15915,-37.719844818115234,144.5918426513672
15916,-37.719818115234375,144.5918731689453
15917,-37.719696044921875,144.5919952392578
15918,-37.719642639160156,144.59207153320312
15919,-37.719573974609375,144.59217834472656
15920,-37.71952438354492,144.59228515625
15921,-37.719486236572266,144.59239196777344
15922,-37.71945571899414,144.59249877929688
15923,-37.71942901611328,144.59263610839844
15924,-37.719417572021484,144.59278869628906
15925,-37.71942138671875,144.59298706054688
15926,-37.719444274902344,144.59324645996094
15927,-37.7194709777832,144.59344482421875
15928,-37.71951675415039,144.59365844726562
15929,-37.71957015991211,144.59384155273438
15930,-37.71973419189453,144.5943145751953
15931,-37.71977996826172,144.5944366455078
15932,-37.720428466796875,144.59408569335938
15933,-37.720211029052734,144.59339904785156
15934,-37.72016906738281,144.5931396484375
15935,-37.72016525268555,144.59295654296875
15936,-37.720191955566406,144.5927276611328
15937,-37.7132682800293,144.5930633544922
15938,-37.71331787109375,144.59315490722656
15939,-37.71333694458008,144.5933074951172
15940,-37.71261215209961,144.59361267089844
15941,-37.71257781982422,144.5933380126953
15942,-37.71256637573242,144.5932159423828
15943,-37.71240234375,144.59182739257812
15944,-37.71235656738281,144.59136962890625
15945,-37.7132568359375,144.59271240234375
15946,-37.71329116821289,144.59300231933594
15947,-37.71328353881836,144.59303283691406
15948,-37.71324920654297,144.59307861328125
15949,-37.71321105957031,144.5930938720703
15950,-37.713661193847656,144.59078979492188
15951,-37.71368408203125,144.5908660888672
15952,-37.71369171142578,144.59091186523438
15953,-37.713722229003906,144.5909881591797
15954,-37.71413803100586,144.5937957763672
15955,-37.71538543701172,144.6092529296875
15956,-37.715431213378906,144.60968017578125
15957,-37.71982192993164,144.6097412109375
15958,-37.72114181518555,144.6094970703125
15959,-37.71973419189453,144.60891723632812
15960,-37.719905853271484,144.61045837402344
15961,-37.71702194213867,144.61024475097656
15962,-37.7150764465332,144.610595703125
15963,-37.71708679199219,144.61097717285156
15964,-37.717132568359375,144.61109924316406
15965,-37.7171516418457,144.61123657226562
15966,-37.7153205871582,144.61134338378906
15967,-37.71699905395508,144.6110382080078
15968,-37.717044830322266,144.61102294921875
15969,-37.717071533203125,144.6110076904297
15970,-37.71710205078125,144.61093139648438
15971,-37.717098236083984,144.61087036132812
15972,-37.7169303894043,144.60940551757812
15973,-37.65968322753906,144.57806396484375
15974,-37.65968704223633,144.57810974121094
15975,-37.65971374511719,144.57835388183594
15976,-37.65083312988281,144.5677032470703
15977,-37.650577545166016,144.56597900390625
15978,-37.65293884277344,144.5657501220703
15979,-37.652801513671875,144.5657958984375
15980,-37.65248107910156,144.56588745117188
15981,-37.652156829833984,144.5659637451172
15982,-37.65171432495117,144.56605529785156
15983,-37.65133285522461,144.56622314453125
15984,-37.65128707885742,144.5662384033203
15985,-37.65131759643555,144.56646728515625
15986,-37.65138244628906,144.56703186035156
15987,-37.719200134277344,144.6219024658203
15988,-37.718955993652344,144.62118530273438
15989,-37.71873092651367,144.62046813964844
15990,-37.71849822998047,144.61976623535156
15991,-37.718284606933594,144.61911010742188
15992,-37.71826171875,144.61900329589844
15993,-37.72005081176758,144.6195068359375
15994,-37.71929931640625,144.61962890625
15995,-37.71855163574219,144.61976623535156
15996,-37.71842575073242,144.6197967529297
15997,-37.718162536621094,144.61993408203125
15998,-37.72012710571289,144.6202392578125
15999,-37.71879577636719,144.62045288085938
16000,-37.71867370605469,144.62049865722656
16001,-37.7183952331543,144.62063598632812
16002,-37.72019958496094,144.62095642089844
16003,-37.71901321411133,144.6211700439453
16004,-37.718875885009766,144.6212158203125
16005,-37.7186279296875,144.621337890625
16006,-37.72024154663086,144.62130737304688
16007,-37.720611572265625,144.62124633789062
16008,-37.719852447509766,144.6180419921875
16009,-37.7198600769043,144.61810302734375
16010,-37.719886779785156,144.6183319091797
16011,-37.71989822387695,144.61843872070312
16012,-37.71995162963867,144.61891174316406
16013,-37.72026824951172,144.62156677246094
16014,-37.72029495239258,144.62181091308594
16015,-37.72038650512695,144.62266540527344
16016,-37.720436096191406,144.6230926513672
16017,-37.72053146362305,144.62400817871094
16018,-37.720703125,144.62554931640625
16019,-37.7207145690918,144.62567138671875
16020,-37.7241096496582,144.61770629882812
16021,-37.7234992980957,144.61781311035156
16022,-37.72358322143555,144.61865234375
16023,-37.72365951538086,144.6194305419922
16024,-37.72420120239258,144.61854553222656
16025,-37.72428512573242,144.61932373046875
16026,-37.723087310791016,144.61953735351562
16027,-37.723018646240234,144.61953735351562
16028,-37.72280502319336,144.61952209472656
16029,-37.722251892089844,144.61810302734375
16030,-37.72233963012695,144.61891174316406
16031,-37.72286605834961,144.61883544921875
16032,-37.722740173339844,144.6188507080078
16033,-37.722721099853516,144.6188507080078
16034,-37.72269821166992,144.6188507080078
16035,-37.721981048583984,144.61898803710938
16036,-37.72296905517578,144.62155151367188
16037,-37.72285842895508,144.62156677246094
16038,-37.72258758544922,144.62161254882812
16039,-37.7243766784668,144.62017822265625
16040,-37.72406005859375,144.6202392578125
16041,-37.72348403930664,144.62033081054688
16042,-37.72285079956055,144.62045288085938
16043,-37.7231559753418,144.62330627441406
16044,-37.72429275512695,144.62310791015625
16045,-37.72433853149414,144.62307739257812
16046,-37.7243537902832,144.623046875
16047,-37.724361419677734,144.6230010986328
16048,-37.72426986694336,144.6222381591797
16049,-37.72306823730469,144.62245178222656
16050,-37.72370529174805,144.62232971191406
16051,-37.722747802734375,144.6177520751953
16052,-37.72276306152344,144.61788940429688
16053,-37.722808837890625,144.61837768554688
16054,-37.72284698486328,144.6186065673828
16055,-37.72279357910156,144.6197509765625
16056,-37.722801208496094,144.61997985839844
16057,-37.73339080810547,144.6022186279297
16058,-37.73372268676758,144.60215759277344
16059,-37.734375,144.60203552246094
16060,-37.73491668701172,144.60191345214844
16061,-37.734954833984375,144.60191345214844
16062,-37.7349853515625,144.6019287109375
16063,-37.73500442504883,144.60195922851562
16064,-37.73501968383789,144.60198974609375
16065,-37.73507308959961,144.60255432128906
16066,-37.73534393310547,144.60546875
16067,-37.73469161987305,144.60557556152344
16068,-37.73405075073242,144.6056671142578
16069,-37.73430252075195,144.60836791992188
16070,-37.73493957519531,144.60813903808594
16071,-37.73493957519531,144.60818481445312
16072,-37.73492431640625,144.6082305908203
16073,-37.73490524291992,144.60824584960938
16074,-37.734867095947266,144.6082763671875
16075,-37.73396301269531,144.60842895507812
16076,-37.73561096191406,144.6080780029297
16077,-37.73552322387695,144.60812377929688
16078,-37.73509216308594,144.60818481445312
16079,-37.73630905151367,144.60800170898438
16080,-37.73567199707031,144.6081085205078
16081,-37.73564147949219,144.60809326171875
16082,-37.735595703125,144.60804748535156
16083,-37.73558044433594,144.60800170898438
16084,-37.735450744628906,144.60545349121094
16085,-37.73523712158203,144.60548400878906
16086,-37.736324310302734,144.60850524902344
16087,-37.736297607421875,144.60781860351562
16088,-37.736061096191406,144.60537719726562
16089,-37.73577880859375,144.60252380371094
16090,-37.73577117919922,144.6024932861328
16091,-37.73575210571289,144.60244750976562
16092,-37.7357292175293,144.60243225097656
16093,-37.73569107055664,144.60243225097656
16094,-37.719051361083984,144.63510131835938
16095,-37.71866226196289,144.6351776123047
16096,-37.718589782714844,144.6352081298828
16097,-37.718299865722656,144.6353759765625
16098,-37.71820831298828,144.6354522705078
16099,-37.71781539916992,144.6346893310547
16100,-37.7179069519043,144.63462829589844
16101,-37.718353271484375,144.6343231201172
16102,-37.71841049194336,144.63429260253906
16103,-37.71849060058594,144.63426208496094
16104,-37.7189826965332,144.63418579101562
16105,-37.71861267089844,144.6332244873047
16106,-37.7186164855957,144.63323974609375
16107,-37.718746185302734,144.63356018066406
16108,-37.71893310546875,144.6339874267578
16109,-37.718963623046875,144.6340789794922
16110,-37.718997955322266,144.63427734375
16111,-37.717193603515625,144.63323974609375
16112,-37.71742248535156,144.633056640625
16113,-37.71843338012695,144.63238525390625
16114,-37.67583465576172,144.56015014648438
16115,-37.675819396972656,144.5601806640625
16116,-37.675811767578125,144.56021118164062
16117,-37.675811767578125,144.5602264404297
16118,-37.675819396972656,144.5602569580078
16119,-37.67583084106445,144.56028747558594
16120,-37.67584991455078,144.560302734375
16121,-37.675872802734375,144.560302734375
16122,-37.67589569091797,144.560302734375
16123,-37.6759147644043,144.560302734375
16124,-37.675933837890625,144.56028747558594
16125,-37.67594528198242,144.5602569580078
16126,-37.67595291137695,144.5602264404297
16127,-37.675941467285156,144.5601806640625
16128,-37.67592239379883,144.56015014648438
16129,-37.675899505615234,144.5601348876953
16130,-37.67584991455078,144.5601348876953
16131,-37.67620849609375,144.56251525878906
16132,-37.676353454589844,144.5630645751953
16133,-37.67668914794922,144.56402587890625
16134,-37.677249908447266,144.56541442871094
16135,-37.67744445800781,144.56614685058594
16136,-37.69186019897461,144.56317138671875
16137,-37.69186019897461,144.5631866455078
16138,-37.691864013671875,144.56320190429688
16139,-37.691871643066406,144.56321716308594
16140,-37.69189453125,144.563232421875
16141,-37.6919059753418,144.563232421875
16142,-37.69192123413086,144.563232421875
16143,-37.691932678222656,144.56321716308594
16144,-37.69194030761719,144.56320190429688
16145,-37.69194412231445,144.5631866455078
16146,-37.69194412231445,144.56317138671875
16147,-37.69193649291992,144.5631561279297
16148,-37.69192886352539,144.56314086914062
16149,-37.69190216064453,144.56312561035156
16150,-37.691890716552734,144.56312561035156
16151,-37.69187545776367,144.56314086914062
16152,-37.69186782836914,144.5631561279297
16153,-37.72356033325195,144.5927734375
16154,-37.72395324707031,144.59347534179688
16155,-37.724609375,144.59483337402344
16156,-37.724708557128906,144.59503173828125
16157,-37.724788665771484,144.59523010253906
16158,-37.7192497253418,144.56060791015625
16159,-37.719215393066406,144.5607147216797
16160,-37.71922302246094,144.5608673095703
16161,-37.68057632446289,144.54698181152344
16162,-37.6806526184082,144.54698181152344
16163,-37.680694580078125,144.54696655273438
16164,-37.680843353271484,144.5467987060547
16165,-37.701995849609375,144.57408142089844
16166,-37.70200729370117,144.5742645263672
16167,-37.70270919799805,144.5741424560547
16168,-37.70278549194336,144.57412719726562
16169,-37.7028694152832,144.57411193847656
16170,-37.70207214355469,144.5748748779297
16171,-37.70240020751953,144.57479858398438
16172,-37.702049255371094,144.57467651367188
16173,-37.70237731933594,144.57460021972656
16174,-37.702354431152344,144.5744171142578
16175,-37.702423095703125,144.5749969482422
16176,-37.702091217041016,144.57505798339844
16177,-37.702030181884766,144.57447814941406
16178,-37.702735900878906,144.5743408203125
16179,-37.702693939208984,144.57395935058594
16180,-37.702510833740234,144.57398986816406
16181,-37.702110290527344,144.57522583007812
16182,-37.70209503173828,144.57508850097656
16183,-37.702083587646484,144.5749969482422
16184,-37.684486389160156,144.56491088867188
16185,-37.68450164794922,144.56539916992188
16186,-37.684478759765625,144.5658416748047
16187,-37.684478759765625,144.56590270996094
16188,-37.684486389160156,144.56594848632812
16189,-37.68450164794922,144.56597900390625
16190,-37.66890335083008,144.54464721679688
16191,-37.66884231567383,144.54449462890625
16192,-37.66867446899414,144.5443572998047
16193,-37.66875076293945,144.54417419433594
16194,-37.6688232421875,144.54408264160156
16195,-37.668907165527344,144.54403686523438
16196,-37.66899490356445,144.5439910888672
16197,-37.66859817504883,144.5443572998047
16198,-37.66867446899414,144.5450897216797
16199,-37.66867446899414,144.545166015625
16200,-37.66861343383789,144.54522705078125
16201,-37.66813659667969,144.54530334472656
16202,-37.68632507324219,144.55191040039062
16203,-37.686317443847656,144.55194091796875
16204,-37.68632125854492,144.55197143554688
16205,-37.68632888793945,144.55198669433594
16206,-37.68634033203125,144.55201721191406
16207,-37.68635559082031,144.55203247070312
16208,-37.6864013671875,144.55203247070312
16209,-37.686424255371094,144.55201721191406
16210,-37.68644332885742,144.552001953125
16211,-37.68645477294922,144.55194091796875
16212,-37.68644714355469,144.55191040039062
16213,-37.68643569946289,144.55189514160156
16214,-37.68641662597656,144.5518798828125
16215,-37.686370849609375,144.55186462402344
16216,-37.686344146728516,144.5518798828125
16217,-37.685726165771484,144.5518798828125
16218,-37.694557189941406,144.5631561279297
16219,-37.694679260253906,144.56373596191406
16220,-37.694522857666016,144.56292724609375
16221,-37.69452667236328,144.56298828125
16222,-37.69453430175781,144.56301879882812
16223,-37.69453811645508,144.56304931640625
16224,-37.694541931152344,144.56307983398438
16225,-37.6921272277832,144.56356811523438
16226,-37.69203186035156,144.5633087158203
16227,-37.67539978027344,144.55152893066406
16228,-37.67540740966797,144.55148315429688
16229,-37.67540740966797,144.5514373779297
16230,-37.67539596557617,144.5513916015625
16231,-37.675376892089844,144.55136108398438
16232,-37.67535400390625,144.55133056640625
16233,-37.675323486328125,144.55130004882812
16234,-37.67525100708008,144.55128479003906
16235,-37.67521667480469,144.55130004882812
16236,-37.6751823425293,144.5513153076172
16237,-37.67513656616211,144.55137634277344
16238,-37.67512512207031,144.55140686035156
16239,-37.67511749267578,144.55145263671875
16240,-37.67511749267578,144.55149841308594
16241,-37.67512512207031,144.55152893066406
16242,-37.675140380859375,144.55157470703125
16243,-37.67518997192383,144.5516357421875
16244,-37.67522430419922,144.55165100097656
16245,-37.67525863647461,144.55165100097656
16246,-37.67529296875,144.55165100097656
16247,-37.67532730102539,144.5516357421875
16248,-37.675357818603516,144.55160522460938
16249,-37.67538070678711,144.55157470703125
16250,-37.675472259521484,144.55137634277344
16251,-37.675479888916016,144.55154418945312
16252,-37.67499542236328,144.55142211914062
16253,-37.65711212158203,144.59478759765625
16254,-37.65708541870117,144.59478759765625
16255,-37.65706253051758,144.5948028564453
16256,-37.65704345703125,144.59481811523438
16257,-37.65702819824219,144.5948486328125
16258,-37.65702438354492,144.59487915039062
16259,-37.65702819824219,144.59490966796875
16260,-37.65703582763672,144.59494018554688
16261,-37.657073974609375,144.59498596191406
16262,-37.65709686279297,144.59498596191406
16263,-37.65711975097656,144.59498596191406
16264,-37.657142639160156,144.594970703125
16265,-37.65717697143555,144.5949249267578
16266,-37.65718460083008,144.5948944091797
16267,-37.65718078613281,144.59486389160156
16268,-37.65717315673828,144.59483337402344
16269,-37.65715789794922,144.5948028564453
16270,-37.657135009765625,144.59478759765625
16271,-37.655426025390625,144.59408569335938
16272,-37.655677795410156,144.59408569335938
16273,-37.65603256225586,144.59413146972656
16274,-37.656314849853516,144.59425354003906
16275,-37.65658950805664,144.59442138671875
16276,-37.6569709777832,144.59475708007812
16277,-37.659732818603516,144.5917510986328
16278,-37.65989685058594,144.59152221679688
16279,-37.69415283203125,144.5652313232422
16280,-37.694129943847656,144.5652313232422
16281,-37.69411087036133,144.5652313232422
16282,-37.694095611572266,144.5652618408203
16283,-37.69408416748047,144.56527709960938
16284,-37.694091796875,144.56533813476562
16285,-37.6941032409668,144.5653533935547
16286,-37.69411849975586,144.56536865234375
16287,-37.69413757324219,144.56536865234375
16288,-37.694175720214844,144.5653533935547
16289,-37.694190979003906,144.56533813476562
16290,-37.69419860839844,144.5653076171875
16291,-37.69418716430664,144.5652618408203
16292,-37.69417190551758,144.5652313232422
16293,-37.684364318847656,144.5857391357422
16294,-37.68433380126953,144.58572387695312
16295,-37.684303283691406,144.58572387695312
16296,-37.68427658081055,144.5857391357422
16297,-37.68425369262695,144.5857696533203
16298,-37.68423843383789,144.58580017089844
16299,-37.684226989746094,144.58583068847656
16300,-37.684226989746094,144.5858612060547
16301,-37.684234619140625,144.58590698242188
16302,-37.68424987792969,144.58592224121094
16303,-37.684268951416016,144.58595275878906
16304,-37.68429183959961,144.58596801757812
16305,-37.68431854248047,144.5859832763672
16306,-37.68434524536133,144.58596801757812
16307,-37.68436813354492,144.58596801757812
16308,-37.684391021728516,144.5859375
16309,-37.684410095214844,144.58592224121094
16310,-37.68442153930664,144.58587646484375
16311,-37.684425354003906,144.58584594726562
16312,-37.68442153930664,144.5858154296875
16313,-37.68440628051758,144.58578491210938
16314,-37.68438720703125,144.58575439453125
16315,-37.685482025146484,144.58580017089844
16316,-37.68545150756836,144.5858154296875
16317,-37.6854248046875,144.58583068847656
16318,-37.68537139892578,144.58584594726562
16319,-37.68533706665039,144.58584594726562
16320,-37.6846809387207,144.58578491210938
16321,-37.684627532958984,144.58578491210938
16322,-37.684566497802734,144.58578491210938
16323,-37.68449783325195,144.58578491210938
16324,-37.68417739868164,144.58583068847656
16325,-37.683631896972656,144.58580017089844
16326,-37.683258056640625,144.5857696533203
16327,-37.68312072753906,144.58575439453125
16328,-37.684452056884766,144.58383178710938
16329,-37.684356689453125,144.58517456054688
16330,-37.684356689453125,144.5854034423828
16331,-37.71080780029297,144.57086181640625
16332,-37.7108154296875,144.5708465576172
16333,-37.710819244384766,144.57081604003906
16334,-37.710811614990234,144.57080078125
16335,-37.71080017089844,144.57078552246094
16336,-37.710784912109375,144.57077026367188
16337,-37.710750579833984,144.57077026367188
16338,-37.71073532104492,144.57078552246094
16339,-37.710723876953125,144.57080078125
16340,-37.710716247558594,144.57081604003906
16341,-37.71072006225586,144.57086181640625
16342,-37.710731506347656,144.5708770751953
16343,-37.71074295043945,144.57089233398438
16344,-37.71076202392578,144.57089233398438
16345,-37.71078109741211,144.57089233398438
16346,-37.71079635620117,144.5708770751953
16347,-37.71109390258789,144.57330322265625
16348,-37.713783264160156,144.59072875976562
16349,-37.71379089355469,144.5906982421875
16350,-37.71378707885742,144.59066772460938
16351,-37.71377944946289,144.59063720703125
16352,-37.713768005371094,144.5906219482422
16353,-37.713748931884766,144.59059143066406
16354,-37.71372604370117,144.59059143066406
16355,-37.71369934082031,144.590576171875
16356,-37.71367645263672,144.59059143066406
16357,-37.713653564453125,144.59060668945312
16358,-37.71363830566406,144.5906219482422
16359,-37.7136344909668,144.59063720703125
16360,-37.713626861572266,144.5906524658203
16361,-37.713619232177734,144.59068298339844
16362,-37.713619232177734,144.59071350097656
16363,-37.713626861572266,144.5907440185547
16364,-37.7136344909668,144.59075927734375
16365,-37.71364212036133,144.59075927734375
16366,-37.71368408203125,144.59078979492188
16367,-37.713706970214844,144.59080505371094
16368,-37.7137336730957,144.59078979492188
16369,-37.71375274658203,144.5907745361328
16370,-37.71377182006836,144.59075927734375
16371,-37.713836669921875,144.59072875976562
16372,-37.71389389038086,144.5906982421875
16373,-37.71394729614258,144.59066772460938
16374,-37.66456604003906,144.5930938720703
16375,-37.66457748413086,144.59303283691406
16376,-37.66456985473633,144.59298706054688
16377,-37.664554595947266,144.59295654296875
16378,-37.66453170776367,144.5929412841797
16379,-37.66450500488281,144.59292602539062
16380,-37.66447448730469,144.59291076660156
16381,-37.66444396972656,144.59292602539062
16382,-37.6644172668457,144.5929412841797
16383,-37.664398193359375,144.5929718017578
16384,-37.66438293457031,144.59300231933594
16385,-37.66437911987305,144.59303283691406
16386,-37.66438293457031,144.59307861328125
16387,-37.66439437866211,144.59310913085938
16388,-37.66440963745117,144.59312438964844
16389,-37.6644287109375,144.59315490722656
16390,-37.66447830200195,144.59317016601562
16391,-37.66450500488281,144.59315490722656
16392,-37.66453170776367,144.59315490722656
16393,-37.66455078125,144.59312438964844
16394,-37.66431427001953,144.5929718017578
16395,-37.66361999511719,144.5926971435547
16396,-37.66350173950195,144.59268188476562
16397,-37.66464614868164,144.59214782714844
16398,-37.664520263671875,144.59283447265625
16399,-37.683677673339844,144.54905700683594
16400,-37.683719635009766,144.54901123046875
16401,-37.683746337890625,144.5489959716797
16402,-37.683815002441406,144.5489959716797
16403,-37.68387985229492,144.5490264892578
16404,-37.68391036987305,144.5490264892578
16405,-37.6839599609375,144.5490264892578
16406,-37.68510818481445,144.5487823486328
16407,-37.68498611450195,144.54879760742188
16408,-37.68490219116211,144.54881286621094
16409,-37.68482971191406,144.54884338378906
16410,-37.68478775024414,144.5488739013672
16411,-37.684730529785156,144.5488739013672
16412,-37.68467712402344,144.5488739013672
16413,-37.68463134765625,144.54884338378906
16414,-37.684593200683594,144.548828125
16415,-37.68452835083008,144.54884338378906
16416,-37.68446731567383,144.54888916015625
16417,-37.6844367980957,144.54891967773438
16418,-37.684391021728516,144.54893493652344
16419,-37.684322357177734,144.54896545410156
16420,-37.68743896484375,144.55174255371094
16421,-37.68742752075195,144.5516815185547
16422,-37.687408447265625,144.55162048339844
16423,-37.6873779296875,144.55154418945312
16424,-37.68732452392578,144.5514373779297
16425,-37.687255859375,144.55133056640625
16426,-37.6862907409668,144.5537567138672
16427,-37.686283111572266,144.55369567871094
16428,-37.686279296875,144.5536346435547
16429,-37.68629455566406,144.55340576171875
16430,-37.68635177612305,144.55287170410156
16431,-37.686336517333984,144.55291748046875
16432,-37.68632888793945,144.55296325683594
16433,-37.686317443847656,144.55307006835938
16434,-37.69219207763672,144.59738159179688
16435,-37.692543029785156,144.59738159179688
16436,-37.692848205566406,144.59738159179688
16437,-37.69353103637695,144.5973663330078
16438,-37.6935920715332,144.59738159179688
16439,-37.708984375,144.54592895507812
16440,-37.70899200439453,144.54588317871094
16441,-37.70899963378906,144.5458221435547
16442,-37.70899963378906,144.54580688476562
16443,-37.70899963378906,144.54574584960938
16444,-37.711090087890625,144.5594482421875
16445,-37.71109390258789,144.55946350097656
16446,-37.7111930847168,144.55963134765625
16447,-37.71122741699219,144.55966186523438
16448,-37.71345520019531,144.60301208496094
16449,-37.71340560913086,144.60305786132812
16450,-37.713356018066406,144.60308837890625
16451,-37.713233947753906,144.6031036376953
16452,-37.7131233215332,144.60313415527344
16453,-37.71306228637695,144.60316467285156
16454,-37.713035583496094,144.6031951904297
16455,-37.712989807128906,144.60324096679688
16456,-37.712955474853516,144.60330200195312
16457,-37.712913513183594,144.60337829589844
16458,-37.712890625,144.6034393310547
16459,-37.71287155151367,144.60350036621094
16460,-37.71286392211914,144.60360717773438
16461,-37.71287155151367,144.6037139892578
16462,-37.71290588378906,144.60382080078125
16463,-37.71318054199219,144.60462951660156
16464,-37.71318817138672,144.60467529296875
16465,-37.71318817138672,144.604736328125
16466,-37.71318054199219,144.6047821044922
16467,-37.713172912597656,144.60482788085938
16468,-37.71316909790039,144.6048583984375
16469,-37.713172912597656,144.6049041748047
16470,-37.71318817138672,144.60496520996094
16471,-37.71321487426758,144.60499572753906
16472,-37.713253021240234,144.6050262451172
16473,-37.713294982910156,144.60504150390625
16474,-37.71333694458008,144.6050262451172
16475,-37.71337127685547,144.60499572753906
16476,-37.71339797973633,144.60494995117188
16477,-37.71341323852539,144.6049041748047
16478,-37.71341323852539,144.60484313964844
16479,-37.71339797973633,144.60479736328125
16480,-37.713375091552734,144.60476684570312
16481,-37.713348388671875,144.60475158691406
16482,-37.713314056396484,144.60472106933594
16483,-37.713287353515625,144.6046905517578
16484,-37.7132682800293,144.6046600341797
16485,-37.71324157714844,144.60459899902344
16486,-37.71296310424805,144.60374450683594
16487,-37.712947845458984,144.6036834716797
16488,-37.71294403076172,144.60362243652344
16489,-37.712947845458984,144.60354614257812
16490,-37.71296691894531,144.6034698486328
16491,-37.712982177734375,144.60342407226562
16492,-37.713016510009766,144.6033477783203
16493,-37.713050842285156,144.60330200195312
16494,-37.71308135986328,144.60325622558594
16495,-37.7131233215332,144.6032257080078
16496,-37.713191986083984,144.6031951904297
16497,-37.7132682800293,144.60317993164062
16498,-37.71335220336914,144.60316467285156
16499,-37.71339797973633,144.6031494140625
16500,-37.71342849731445,144.60311889648438
16501,-37.663177490234375,144.5912628173828
16502,-37.66299819946289,144.59130859375
16503,-37.66272735595703,144.5913543701172
16504,-37.663936614990234,144.59112548828125
16505,-37.66380310058594,144.59115600585938
16506,-37.66353988647461,144.59120178222656
16507,-37.66361618041992,144.59523010253906
16508,-37.663482666015625,144.59466552734375
16509,-37.66341018676758,144.5944061279297
16510,-37.671302795410156,144.5929412841797
16511,-37.67121887207031,144.59300231933594
16512,-37.6711311340332,144.59304809570312
16513,-37.671085357666016,144.59304809570312
16514,-37.67100524902344,144.59304809570312
16515,-37.696720123291016,144.55294799804688
16516,-37.69670867919922,144.55294799804688
16517,-37.69667053222656,144.552978515625
16518,-37.69662857055664,144.55300903320312
16519,-37.696590423583984,144.55303955078125
16520,-37.69660186767578,144.55203247070312
16521,-37.69659423828125,144.55203247070312
16522,-37.69654846191406,144.55201721191406
16523,-37.69651794433594,144.55201721191406
16524,-37.69648361206055,144.55203247070312
16525,-37.696449279785156,144.5520477294922
16526,-37.67827224731445,144.55084228515625
16527,-37.67823791503906,144.55081176757812
16528,-37.678184509277344,144.55079650878906
16529,-37.67800521850586,144.5508270263672
16530,-37.67671203613281,144.55108642578125
16531,-37.67667770385742,144.55113220214844
16532,-37.67667007446289,144.55117797851562
16533,-37.67809295654297,144.54771423339844
16534,-37.67797088623047,144.54771423339844
16535,-37.67793273925781,144.54774475097656
16536,-37.67673110961914,144.54811096191406
16537,-37.676544189453125,144.54815673828125
16538,-37.67647933959961,144.54815673828125
16539,-37.676448822021484,144.54815673828125
16540,-37.676265716552734,144.5481414794922
16541,-37.67618179321289,144.5481414794922
16542,-37.676109313964844,144.54811096191406
16543,-37.67753219604492,144.54782104492188
16544,-37.67720413208008,144.5479278564453
16545,-37.677146911621094,144.54794311523438
16546,-37.67695999145508,144.5480194091797
16547,-37.678131103515625,144.54530334472656
16548,-37.67820739746094,144.54527282714844
16549,-37.67826843261719,144.54527282714844
16550,-37.678401947021484,144.54525756835938
16551,-37.67682647705078,144.5425567626953
16552,-37.67685317993164,144.54254150390625
16553,-37.676876068115234,144.54251098632812
16554,-37.67691421508789,144.54251098632812
16555,-37.676979064941406,144.54249572753906
16556,-37.67708969116211,144.54248046875
16557,-37.67753982543945,144.5424041748047
16558,-37.67747497558594,144.5424041748047
16559,-37.67738342285156,144.54241943359375
16560,-37.67729568481445,144.5424346923828
16561,-37.68288803100586,144.58657836914062
16562,-37.68283462524414,144.58660888671875
16563,-37.68280029296875,144.58665466308594
16564,-37.682769775390625,144.58673095703125
16565,-37.68275451660156,144.58694458007812
16566,-37.6834716796875,144.57833862304688
16567,-37.683414459228516,144.57839965820312
16568,-37.683372497558594,144.5784454345703
16569,-37.683349609375,144.57850646972656
16570,-37.68333435058594,144.57864379882812
16571,-37.68326950073242,144.57943725585938
16572,-37.683223724365234,144.5799560546875
16573,-37.6832389831543,144.58001708984375
16574,-37.68327713012695,144.580078125
16575,-37.68333053588867,144.5801544189453
16576,-37.68335723876953,144.58018493652344
16577,-37.68309020996094,144.58346557617188
16578,-37.683048248291016,144.58348083496094
16579,-37.68302536010742,144.58351135253906
16580,-37.68301010131836,144.5835723876953
16581,-37.682952880859375,144.584228515625
16582,-37.68294906616211,144.5842742919922
16583,-37.68292999267578,144.5843048095703
16584,-37.68291473388672,144.5843505859375
16585,-37.68288803100586,144.58462524414062
16586,-37.682891845703125,144.58468627929688
16587,-37.68290328979492,144.58474731445312
16588,-37.68290710449219,144.58480834960938
16589,-37.682891845703125,144.5850067138672
16590,-37.6828727722168,144.58529663085938
16591,-37.68288803100586,144.58534240722656
16592,-37.682918548583984,144.58538818359375
16593,-37.68294906616211,144.5854034423828
16594,-37.683265686035156,144.5809326171875
16595,-37.6832160949707,144.58096313476562
16596,-37.68318176269531,144.5810089111328
16597,-37.68315505981445,144.5811004638672
16598,-37.68312072753906,144.58135986328125
16599,-37.68303680419922,144.5824432373047
16600,-37.68303298950195,144.5824737548828
16601,-37.68303298950195,144.58250427246094
16602,-37.68303680419922,144.58258056640625
16603,-37.683067321777344,144.5826416015625
16604,-37.683109283447266,144.5827178955078
16605,-37.68315887451172,144.58277893066406
16606,-37.68333053588867,144.58358764648438
16607,-37.6833610534668,144.58349609375
16608,-37.683380126953125,144.5834197998047
16609,-37.68313217163086,144.58522033691406
16610,-37.68315887451172,144.58518981933594
16611,-37.683197021484375,144.5851287841797
16612,-37.68321990966797,144.58502197265625
16613,-37.683250427246094,144.5848388671875
16614,-37.683258056640625,144.5846710205078
16615,-37.68327713012695,144.58460998535156
16616,-37.683292388916016,144.58453369140625
16617,-37.68330764770508,144.58436584472656
16618,-37.68330001831055,144.58428955078125
16619,-37.68328857421875,144.58424377441406
16620,-37.68333435058594,144.58363342285156
16621,-37.68330764770508,144.58355712890625
16622,-37.68327331542969,144.58351135253906
16623,-37.671295166015625,144.5570068359375
16624,-37.67121505737305,144.5570526123047
16625,-37.67110061645508,144.55709838867188
16626,-37.67104721069336,144.5570831298828
16627,-37.67100143432617,144.5570831298828
16628,-37.663902282714844,144.53707885742188
16629,-37.66396713256836,144.5370635986328
16630,-37.664554595947266,144.53695678710938
16631,-37.65746307373047,144.5679473876953
16632,-37.65743637084961,144.56793212890625
16633,-37.65741729736328,144.56793212890625
16634,-37.6573486328125,144.5679473876953
16635,-37.65713882446289,144.56797790527344
16636,-37.656646728515625,144.56784057617188
16637,-37.65665817260742,144.5677947998047
16638,-37.65666198730469,144.56776428222656
16639,-37.65666198730469,144.5677490234375
16640,-37.656654357910156,144.5676727294922
16641,-37.656639099121094,144.56753540039062
16642,-37.71493148803711,144.58538818359375
16643,-37.71495819091797,144.58535766601562
16644,-37.7149772644043,144.58531188964844
16645,-37.71498107910156,144.5852508544922
16646,-37.7149772644043,144.585205078125
16647,-37.71495819091797,144.5851593017578
16648,-37.714927673339844,144.5851287841797
16649,-37.71489334106445,144.5829315185547
16650,-37.71479034423828,144.5833740234375
16651,-37.714752197265625,144.5836639404297
16652,-37.71474075317383,144.5838623046875
16653,-37.71473693847656,144.58401489257812
16654,-37.71473693847656,144.5841827392578
16655,-37.714752197265625,144.58444213867188
16656,-37.71477508544922,144.58468627929688
16657,-37.714805603027344,144.58486938476562
16658,-37.70305252075195,144.57528686523438
16659,-37.70305252075195,144.5751495361328
16660,-37.70287322998047,144.57504272460938
16661,-37.70286178588867,144.57505798339844
16662,-37.70281982421875,144.5750732421875
16663,-37.702823638916016,144.57371520996094
16664,-37.70268249511719,144.57257080078125
16665,-37.70266342163086,144.5724334716797
16666,-37.702579498291016,144.57168579101562
16667,-37.7025260925293,144.57127380371094
16668,-37.702423095703125,144.57044982910156
16669,-37.702396392822266,144.5702362060547
16670,-37.702239990234375,144.5692596435547
16671,-37.70295333862305,144.5748748779297
16672,-37.70295715332031,144.57493591308594
16673,-37.70295333862305,144.57496643066406
16674,-37.7030143737793,144.574951171875
16675,-37.703006744384766,144.57492065429688
16676,-37.7029914855957,144.5748748779297
16677,-37.70301055908203,144.57528686523438
16678,-37.6728630065918,144.5980682373047
16679,-37.672828674316406,144.59817504882812
16680,-37.673118591308594,144.59815979003906
16681,-37.67308807373047,144.59811401367188
16682,-37.67306137084961,144.5980682373047
16683,-37.67300796508789,144.59799194335938
16684,-37.66237258911133,144.5709686279297
16685,-37.66239929199219,144.57098388671875
16686,-37.66267776489258,144.5712890625
16687,-37.662696838378906,144.57131958007812
16688,-37.662696838378906,144.5713653564453
16689,-37.66269302368164,144.57139587402344
16690,-37.66267395019531,144.57142639160156
16691,-37.66264343261719,144.5714569091797
16692,-37.66250991821289,144.57154846191406
16693,-37.6624641418457,144.57156372070312
16694,-37.66242980957031,144.57156372070312
16695,-37.6623649597168,144.57154846191406
16696,-37.662349700927734,144.57151794433594
16697,-37.66233825683594,144.5714874267578
16698,-37.686134338378906,144.56747436523438
16699,-37.685997009277344,144.5675048828125
16700,-37.685665130615234,144.56756591796875
16701,-37.6855583190918,144.56759643554688
16702,-37.68609619140625,144.56710815429688
16703,-37.68596267700195,144.567138671875
16704,-37.68561935424805,144.56719970703125
16705,-37.68551254272461,144.56723022460938
16706,-37.71786117553711,144.58990478515625
16707,-37.717838287353516,144.58987426757812
16708,-37.71781539916992,144.58985900878906
16709,-37.71778869628906,144.58985900878906
16710,-37.7177619934082,144.58985900878906
16711,-37.717735290527344,144.58987426757812
16712,-37.71771240234375,144.5898895263672
16713,-37.71770095825195,144.58990478515625
16714,-37.717681884765625,144.58995056152344
16715,-37.71767807006836,144.58998107910156
16716,-37.717681884765625,144.59002685546875
16717,-37.71769332885742,144.59005737304688
16718,-37.71771240234375,144.590087890625
16719,-37.7177619934082,144.59011840820312
16720,-37.71779251098633,144.59011840820312
16721,-37.71781921386719,144.59010314941406
16722,-37.71784591674805,144.590087890625
16723,-37.71786117553711,144.59007263183594
16724,-37.71788024902344,144.59002685546875
16725,-37.7178840637207,144.58999633789062
16726,-37.7178840637207,144.5899658203125
16727,-37.71787643432617,144.58993530273438
16728,-37.718223571777344,144.59217834472656
16729,-37.71819305419922,144.5921630859375
16730,-37.71816635131836,144.59217834472656
16731,-37.7181396484375,144.59219360351562
16732,-37.718116760253906,144.59222412109375
16733,-37.71810531616211,144.59225463867188
16734,-37.71809768676758,144.59228515625
16735,-37.718101501464844,144.5923309326172
16736,-37.718109130859375,144.5923614501953
16737,-37.71812438964844,144.59239196777344
16738,-37.718143463134766,144.5924072265625
16739,-37.718162536621094,144.59242248535156
16740,-37.71818161010742,144.59242248535156
16741,-37.71820831298828,144.59243774414062
16742,-37.718238830566406,144.59242248535156
16743,-37.718265533447266,144.5924072265625
16744,-37.718284606933594,144.59237670898438
16745,-37.718299865722656,144.59234619140625
16746,-37.71830368041992,144.59231567382812
16747,-37.71830368041992,144.59228515625
16748,-37.71829605102539,144.5922393798828
16749,-37.718284606933594,144.59222412109375
16750,-37.71826171875,144.59219360351562
16751,-37.71824645996094,144.59217834472656
16752,-37.71823501586914,144.59249877929688
16753,-37.71827697753906,144.5925750732422
16754,-37.718318939208984,144.59263610839844
16755,-37.7194938659668,144.59457397460938
16756,-37.71947479248047,144.59454345703125
16757,-37.71945571899414,144.59451293945312
16758,-37.71943664550781,144.59449768066406
16759,-37.71940994262695,144.59449768066406
16760,-37.719383239746094,144.594482421875
16761,-37.71935272216797,144.59449768066406
16762,-37.71932601928711,144.59449768066406
16763,-37.719303131103516,144.5945281982422
16764,-37.71928024291992,144.5945587158203
16765,-37.71927261352539,144.59457397460938
16766,-37.71926498413086,144.59458923339844
16767,-37.71925735473633,144.5946502685547
16768,-37.719261169433594,144.5946807861328
16769,-37.71927261352539,144.59471130371094
16770,-37.71928787231445,144.59474182128906
16771,-37.71930694580078,144.5947723388672
16772,-37.719329833984375,144.59478759765625
16773,-37.71935272216797,144.5948028564453
16774,-37.71937561035156,144.5948028564453
16775,-37.71940612792969,144.5948028564453
16776,-37.71943664550781,144.59478759765625
16777,-37.71946334838867,144.59475708007812
16778,-37.719482421875,144.5947265625
16779,-37.7194938659668,144.59471130371094
16780,-37.71950149536133,144.5946807861328
16781,-37.719505310058594,144.5946502685547
16782,-37.71950149536133,144.59461975097656
16783,-37.71969223022461,144.59449768066406
16784,-37.719627380371094,144.59449768066406
16785,-37.68215560913086,144.5811767578125
16786,-37.682167053222656,144.58084106445312
16787,-37.68183135986328,144.58538818359375
16788,-37.68190002441406,144.58444213867188
16789,-37.68195724487305,144.58358764648438
16790,-37.685821533203125,144.59759521484375
16791,-37.684539794921875,144.59585571289062
16792,-37.68580627441406,144.59774780273438
16793,-37.6860466003418,144.5980682373047
16794,-37.686248779296875,144.59835815429688
16795,-37.68629455566406,144.59841918945312
16796,-37.719215393066406,144.59474182128906
16797,-37.719635009765625,144.5945587158203
16798,-37.6851921081543,144.60635375976562
16799,-37.68510437011719,144.60635375976562
16800,-37.685020446777344,144.60638427734375
16801,-37.6849479675293,144.6064453125
16802,-37.68527603149414,144.60638427734375
16803,-37.68544006347656,144.60687255859375
16804,-37.68545913696289,144.60675048828125
16805,-37.685447692871094,144.6066436767578
16806,-37.6854133605957,144.60653686523438
16807,-37.68535232543945,144.6064453125
16808,-37.68515396118164,144.6071319580078
16809,-37.685245513916016,144.60711669921875
16810,-37.68532943725586,144.6070556640625
16811,-37.675968170166016,144.59815979003906
16812,-37.676021575927734,144.59820556640625
16813,-37.67607498168945,144.5982208251953
16814,-37.6761360168457,144.59823608398438
16815,-37.67619323730469,144.59823608398438
16816,-37.67625045776367,144.5982208251953
16817,-37.675411224365234,144.59104919433594
16818,-37.674705505371094,144.59120178222656
16819,-37.6673469543457,144.54615783691406
16820,-37.66734313964844,144.5462188720703
16821,-37.66732406616211,144.5462646484375
16822,-37.667293548583984,144.54629516601562
16823,-37.66715621948242,144.54635620117188
16824,-37.66712951660156,144.54637145996094
16825,-37.710853576660156,144.6275177001953
16826,-37.71134567260742,144.62847900390625
16827,-37.7115478515625,144.6288604736328
16828,-37.711761474609375,144.6292266845703
16829,-37.71178436279297,144.6292724609375
16830,-37.711795806884766,144.62930297851562
16831,-37.71179962158203,144.62933349609375
16832,-37.71179962158203,144.6293487548828
16833,-37.7117919921875,144.62937927246094
16834,-37.711761474609375,144.62940979003906
16835,-37.71162033081055,144.6295623779297
16836,-37.7115592956543,144.629638671875
16837,-37.71149826049805,144.62973022460938
16838,-37.711448669433594,144.6298370361328
16839,-37.71143341064453,144.6298828125
16840,-37.711421966552734,144.62991333007812
16841,-37.711387634277344,144.63011169433594
16842,-37.71138000488281,144.6302032470703
16843,-37.71138381958008,144.6303253173828
16844,-37.711395263671875,144.63043212890625
16845,-37.71140670776367,144.63050842285156
16846,-37.71141052246094,144.6305389404297
16847,-37.7114143371582,144.6305694580078
16848,-37.71140670776367,144.630615234375
16849,-37.71137237548828,144.6306610107422
16850,-37.71082305908203,144.63111877441406
16851,-37.710609436035156,144.63134765625
16852,-37.710575103759766,144.63136291503906
16853,-37.713294982910156,144.59913635253906
16854,-37.713443756103516,144.59910583496094
16855,-37.713932037353516,144.59902954101562
16856,-37.71395492553711,144.59922790527344
16857,-37.7139892578125,144.5995330810547
16858,-37.71346664428711,144.59930419921875
16859,-37.71343231201172,144.5989990234375
16860,-37.713417053222656,144.59886169433594
16861,-37.71292495727539,144.59893798828125
16862,-37.712799072265625,144.59898376464844
16863,-37.71274185180664,144.59901428222656
16864,-37.71274948120117,144.59912109375
16865,-37.71282196044922,144.5992431640625
16866,-37.712860107421875,144.59942626953125
16867,-37.712947845458984,144.6002197265625
16868,-37.683624267578125,144.57815551757812
16869,-37.68488311767578,144.56072998046875
16870,-37.68479537963867,144.56069946289062
16871,-37.68458557128906,144.56068420410156
16872,-37.692047119140625,144.56729125976562
16873,-37.692100524902344,144.5671844482422
16874,-37.6921272277832,144.56710815429688
16875,-37.692134857177734,144.56704711914062
16876,-37.692138671875,144.56698608398438
16877,-37.69213104248047,144.56692504882812
16878,-37.69212341308594,144.56687927246094
16879,-37.692115783691406,144.56686401367188
16880,-37.6885986328125,144.56658935546875
16881,-37.688377380371094,144.56703186035156
16882,-37.68836212158203,144.5670928955078
16883,-37.688358306884766,144.567138671875
16884,-37.68836212158203,144.56723022460938
16885,-37.68836212158203,144.56724548339844
16886,-37.6883659362793,144.56727600097656
16887,-37.68373489379883,144.56842041015625
16888,-37.68389892578125,144.56838989257812
16889,-37.683998107910156,144.56838989257812
16890,-37.684173583984375,144.568359375
16891,-37.683746337890625,144.60812377929688
16892,-37.68391799926758,144.60787963867188
16893,-37.68417739868164,144.60757446289062
16894,-37.684383392333984,144.60736083984375
16895,-37.684513092041016,144.6072540283203
16896,-37.68463134765625,144.607177734375
16897,-37.68476104736328,144.60711669921875
16898,-37.684810638427734,144.60711669921875
16899,-37.68488311767578,144.6071014404297
16900,-37.68492889404297,144.6071014404297
16901,-37.68231201171875,144.62498474121094
16902,-37.6910400390625,144.5719757080078
16903,-37.69100570678711,144.57139587402344
16904,-37.69098663330078,144.57106018066406
16905,-37.690982818603516,144.5707550048828
16906,-37.69407653808594,144.60272216796875
16907,-37.698001861572266,144.60350036621094
16908,-37.6965446472168,144.60549926757812
16909,-37.696659088134766,144.60523986816406
16910,-37.69676208496094,144.60504150390625
16911,-37.6968994140625,144.6047821044922
16912,-37.6961784362793,144.60940551757812
16913,-37.69610595703125,144.60887145996094
16914,-37.69608688354492,144.60848999023438
16915,-37.696067810058594,144.60813903808594
16916,-37.696075439453125,144.60777282714844
16917,-37.69746017456055,144.6034698486328
16918,-37.70485305786133,144.62420654296875
16919,-37.70930099487305,144.63046264648438
16920,-37.72664260864258,144.57000732421875
16921,-37.726646423339844,144.5699462890625
16922,-37.726654052734375,144.5697479248047
16923,-37.72649002075195,144.57029724121094
16924,-37.72647476196289,144.5704345703125
16925,-37.72645568847656,144.57054138183594
16926,-37.72640609741211,144.57070922851562
16927,-37.72611999511719,144.57244873046875
16928,-37.72661209106445,144.5698699951172
16929,-37.72658157348633,144.5699462890625
16930,-37.72657012939453,144.56997680664062
16931,-37.72678756713867,144.56924438476562
16932,-37.726810455322266,144.5691680908203
16933,-37.72700500488281,144.5684051513672
16934,-37.7270393371582,144.5682830810547
16935,-37.726200103759766,144.5724639892578
16936,-37.72651290893555,144.570556640625
16937,-37.72654342651367,144.5703887939453
16938,-37.726566314697266,144.5703125
16939,-37.688446044921875,144.56748962402344
16940,-37.68971252441406,144.56723022460938
16941,-37.692169189453125,144.56661987304688
16942,-37.69321060180664,144.56640625
16943,-37.687679290771484,144.567626953125
16944,-37.68785858154297,144.56759643554688
16945,-37.68878936767578,144.56802368164062
16946,-37.68891525268555,144.56813049316406
16947,-37.68841552734375,144.56748962402344
16948,-37.68841552734375,144.56756591796875
16949,-37.688419342041016,144.567626953125
16950,-37.68843460083008,144.5676727294922
16951,-37.68845748901367,144.56773376464844
16952,-37.6884880065918,144.56776428222656
16953,-37.689022064208984,144.56822204589844
16954,-37.689151763916016,144.568359375
16955,-37.6893196105957,144.56854248046875
16956,-37.68947219848633,144.56874084472656
16957,-37.68962478637695,144.56893920898438
16958,-37.68976974487305,144.5691680908203
16959,-37.68992233276367,144.56944274902344
16960,-37.690025329589844,144.5696563720703
16961,-37.691707611083984,144.56591796875
16962,-37.69207763671875,144.5665740966797
16963,-37.692073822021484,144.5665283203125
16964,-37.69207000732422,144.5664825439453
16965,-37.69205856323242,144.56642150878906
16966,-37.692039489746094,144.5663604736328
16967,-37.69141387939453,144.5655975341797
16968,-37.691261291503906,144.56541442871094
16969,-37.691131591796875,144.5652618408203
16970,-37.690982818603516,144.56504821777344
16971,-37.69085693359375,144.5648651123047
16972,-37.69072341918945,144.56463623046875
16973,-37.68852233886719,144.56732177734375
16974,-37.688480377197266,144.56732177734375
16975,-37.68944549560547,144.5640869140625
16976,-37.689414978027344,144.56430053710938
16977,-37.689388275146484,144.56448364257812
16978,-37.68935012817383,144.56466674804688
16979,-37.689308166503906,144.5648651123047
16980,-37.68926239013672,144.56503295898438
16981,-37.68921661376953,144.565185546875
16982,-37.68916320800781,144.5653533935547
16983,-37.68909454345703,144.5655517578125
16984,-37.68901824951172,144.56573486328125
16985,-37.688907623291016,144.56597900390625
16986,-37.68662643432617,144.53321838378906
16987,-37.686649322509766,144.5336456298828
16988,-37.68666458129883,144.53395080566406
16989,-37.68669128417969,144.53431701660156
16990,-37.68671798706055,144.53468322753906
16991,-37.70270919799805,144.6219024658203
16992,-37.70380401611328,144.62342834472656
16993,-37.683509826660156,144.5804901123047
16994,-37.68349075317383,144.5803985595703
16995,-37.6834831237793,144.58033752441406
16996,-37.68347930908203,144.5802459716797
16997,-37.68301010131836,144.57789611816406
16998,-37.68370819091797,144.5779571533203
16999,-37.6846923828125,144.57806396484375
17000,-37.684635162353516,144.5780487060547
17001,-37.68415069580078,144.5780029296875
17002,-37.683738708496094,144.57533264160156
17003,-37.683616638183594,144.5770263671875
17004,-37.68358612060547,144.5774688720703
17005,-37.69114303588867,144.56695556640625
17006,-37.6878547668457,144.60574340820312
17007,-37.68873977661133,144.60548400878906
17008,-37.68899154663086,144.60540771484375
17009,-37.689109802246094,144.60536193847656
17010,-37.68958282470703,144.60523986816406
17011,-37.689823150634766,144.6051788330078
17012,-37.690006256103516,144.60513305664062
17013,-37.69013595581055,144.6051025390625
17014,-37.69025802612305,144.6051025390625
17015,-37.690364837646484,144.60511779785156
17016,-37.69049835205078,144.6051483154297
17017,-37.69062042236328,144.60520935058594
17018,-37.69155502319336,144.60462951660156
17019,-37.69142150878906,144.6046600341797
17020,-37.691322326660156,144.60467529296875
17021,-37.69123840332031,144.60467529296875
17022,-37.691123962402344,144.60464477539062
17023,-37.69100570678711,144.60458374023438
17024,-37.689613342285156,144.60287475585938
17025,-37.68943786621094,144.60263061523438
17026,-37.68940353393555,144.6025848388672
17027,-37.68906021118164,144.6020965576172
17028,-37.68904495239258,144.60208129882812
17029,-37.68857955932617,144.6014404296875
17030,-37.68852615356445,144.6013641357422
17031,-37.6910514831543,144.60511779785156
17032,-37.69112777709961,144.60504150390625
17033,-37.69127655029297,144.60494995117188
17034,-37.6914176940918,144.60487365722656
17035,-37.69160079956055,144.6047821044922
17036,-37.68907928466797,144.605224609375
17037,-37.68865203857422,144.6053466796875
17038,-37.68782424926758,144.6055908203125
17039,-37.687557220458984,144.60568237304688
17040,-37.6874885559082,144.60569763183594
17041,-37.68743896484375,144.605712890625
17042,-37.68724822998047,144.6057891845703
17043,-37.67781066894531,144.59815979003906
17044,-37.67635726928711,144.5975341796875
17045,-37.676658630371094,144.59620666503906
17046,-37.67674255371094,144.59609985351562
17047,-37.67564392089844,144.59207153320312
17048,-37.68384552001953,144.60775756835938
17049,-37.6834831237793,144.6082763671875
17050,-37.683292388916016,144.60861206054688
17051,-37.683135986328125,144.60894775390625
17052,-37.68299865722656,144.60926818847656
17053,-37.68288040161133,144.60960388183594
17054,-37.68278884887695,144.60992431640625
17055,-37.682701110839844,144.61029052734375
17056,-37.68263626098633,144.6106414794922
17057,-37.68259048461914,144.6109619140625
17058,-37.68256378173828,144.6112823486328
17059,-37.68254470825195,144.61163330078125
17060,-37.682525634765625,144.61227416992188
17061,-37.6861572265625,144.60630798339844
17062,-37.68635177612305,144.60623168945312
17063,-37.68641662597656,144.60621643066406
17064,-37.687007904052734,144.60601806640625
17065,-37.68746566772461,144.60586547851562
17066,-37.687583923339844,144.60581970214844
17067,-37.683162689208984,144.6092071533203
17068,-37.683292388916016,144.60891723632812
17069,-37.68339920043945,144.60870361328125
17070,-37.686309814453125,144.60609436035156
17071,-37.68610763549805,144.60617065429688
17072,-37.68585968017578,144.6062469482422
17073,-37.68555450439453,144.6063690185547
17074,-37.685447692871094,144.60638427734375
17075,-37.68535232543945,144.60638427734375
17076,-37.718772888183594,144.53558349609375
17077,-37.71870040893555,144.53578186035156
17078,-37.718196868896484,144.53839111328125
17079,-37.71949768066406,144.53475952148438
17080,-37.719520568847656,144.534912109375
17081,-37.71980285644531,144.5352020263672
17082,-37.71989059448242,144.53538513183594
17083,-37.71986770629883,144.53570556640625
17084,-37.719722747802734,144.5360870361328
17085,-37.719566345214844,144.5364227294922
17086,-37.71944808959961,144.53665161132812
17087,-37.719390869140625,144.53707885742188
17088,-37.71944808959961,144.53843688964844
17089,-37.7194938659668,144.5390625
17090,-37.719573974609375,144.53915405273438
17091,-37.72015380859375,144.53912353515625
17092,-37.720272064208984,144.5384979248047
17093,-37.724300384521484,144.53395080566406
17094,-37.72438430786133,144.53402709960938
17095,-37.72451400756836,144.5340576171875
17096,-37.724796295166016,144.5360870361328
17097,-37.7247200012207,144.5361328125
17098,-37.724609375,144.53628540039062
17099,-37.723365783691406,144.53651428222656
17100,-37.7230224609375,144.5362548828125
17101,-37.72287368774414,144.53614807128906
17102,-37.72274398803711,144.53616333007812
17103,-37.72272491455078,144.5362548828125
17104,-37.7227783203125,144.53628540039062
17105,-37.72309494018555,144.53656005859375
17106,-37.722747802734375,144.53662109375
17107,-37.72269058227539,144.53652954101562
17108,-37.72296142578125,144.5367431640625
17109,-37.723087310791016,144.5375213623047
17110,-37.7230110168457,144.53758239746094
17111,-37.72273635864258,144.5376434326172
17112,-37.72496795654297,144.53775024414062
17113,-37.72484588623047,144.53785705566406
17114,-37.724754333496094,144.53793334960938
17115,-37.724647521972656,144.53802490234375
17116,-37.724647521972656,144.53829956054688
17117,-37.72467041015625,144.53842163085938
17118,-37.72474670410156,144.53843688964844
17119,-37.724796295166016,144.5382843017578
17120,-37.72542953491211,144.5392303466797
17121,-37.725303649902344,144.5392303466797
17122,-37.725196838378906,144.53921508789062
17123,-37.724884033203125,144.5391387939453
17124,-37.72475051879883,144.5391082763672
17125,-37.72469711303711,144.5391845703125
17126,-37.72471618652344,144.53932189941406
17127,-37.72480010986328,144.539306640625
17128,-37.72617721557617,144.54066467285156
17129,-37.72669219970703,144.5404052734375
17130,-37.72677230834961,144.54029846191406
17131,-37.725364685058594,144.53858947753906
17132,-37.72549057006836,144.5385284423828
17133,-37.72562026977539,144.53851318359375
17134,-37.72587203979492,144.53858947753906
17135,-37.72605895996094,144.5385284423828
17136,-37.72621154785156,144.538330078125
17137,-37.72649002075195,144.5382537841797
17138,-37.72509002685547,144.53712463378906
17139,-37.72523880004883,144.53704833984375
17140,-37.7259635925293,144.53692626953125
17141,-37.724952697753906,144.53759765625
17142,-37.724266052246094,144.53782653808594
17143,-37.725006103515625,144.53636169433594
17144,-37.725181579589844,144.53628540039062
17145,-37.72486114501953,144.53497314453125
17146,-37.72502136230469,144.5349884033203
17147,-37.72509765625,144.53492736816406
17148,-37.72479248046875,144.5343475341797
17149,-37.72494125366211,144.5343017578125
17150,-37.7249870300293,144.5342254638672
17151,-37.72502517700195,144.53402709960938
17152,-37.725128173828125,144.53390502929688
17153,-37.72527313232422,144.5338592529297
17154,-37.725311279296875,144.5339813232422
17155,-37.718719482421875,144.535400390625
17156,-37.718605041503906,144.5354461669922
17157,-37.71858596801758,144.53555297851562
17158,-37.71859359741211,144.53579711914062
17159,-37.71812057495117,144.5381622314453
17160,-37.71807861328125,144.53826904296875
17161,-37.717864990234375,144.53829956054688
17162,-37.73676300048828,144.55015563964844
17163,-37.73673629760742,144.54991149902344
17164,-37.73667526245117,144.54922485351562
17165,-37.73664474487305,144.54840087890625
17166,-37.73672103881836,144.54835510253906
17167,-37.73671340942383,144.5481414794922
17168,-37.73682403564453,144.54806518554688
17169,-37.73554611206055,144.5503692626953
17170,-37.73549270629883,144.5498504638672
17171,-37.735652923583984,144.54981994628906
17172,-37.735443115234375,144.54942321777344
17173,-37.735721588134766,144.54933166503906
17174,-37.736019134521484,144.54934692382812
17175,-37.736289978027344,144.54931640625
17176,-37.736351013183594,144.54916381835938
17177,-37.73633575439453,144.54904174804688
17178,-37.73566436767578,144.5491180419922
17179,-37.73508071899414,144.5491943359375
17180,-37.73520278930664,144.54901123046875
17181,-37.73555374145508,144.5489959716797
17182,-37.73501205444336,144.54893493652344
17183,-37.72650909423828,144.5419464111328
17184,-37.72622299194336,144.5420684814453
17185,-37.72549057006836,144.54217529296875
17186,-37.72509765625,144.54205322265625
17187,-37.724578857421875,144.5421905517578
17188,-37.72426986694336,144.54226684570312
17189,-37.72405242919922,144.5423126220703
17190,-37.72396469116211,144.542236328125
17191,-37.723976135253906,144.54209899902344
17192,-37.72407531738281,144.5421142578125
17193,-37.71656036376953,144.53379821777344
17194,-37.71665573120117,144.53465270996094
17195,-37.716922760009766,144.5346221923828
17196,-37.716949462890625,144.5345001220703
17197,-37.716678619384766,144.53404235839844
17198,-37.71851348876953,144.568359375
17199,-37.7182502746582,144.566162109375
17200,-37.7179069519043,144.56854248046875
17201,-37.717952728271484,144.56890869140625
17202,-37.71795654296875,144.56895446777344
17203,-37.717315673828125,144.56907653808594
17204,-37.71731185913086,144.56903076171875
17205,-37.71699523925781,144.56639099121094
17206,-37.71635818481445,144.56900024414062
17207,-37.716346740722656,144.56906127929688
17208,-37.71623611450195,144.569580078125
17209,-37.71613311767578,144.57005310058594
17210,-37.71611785888672,144.57017517089844
17211,-37.715633392333984,144.568359375
17212,-37.71556091308594,144.56837463378906
17213,-37.71495819091797,144.56849670410156
17214,-37.71427917480469,144.56861877441406
17215,-37.71438217163086,144.56948852539062
17216,-37.71429443359375,144.56875610351562
17217,-37.715065002441406,144.5694122314453
17218,-37.7151985168457,144.570556640625
17219,-37.715206146240234,144.5706024169922
17220,-37.71615982055664,144.56954956054688
17221,-37.71612548828125,144.56954956054688
17222,-37.7160758972168,144.5695343017578
17223,-37.71595764160156,144.56956481933594
17224,-37.71583938598633,144.569580078125
17225,-37.715816497802734,144.569580078125
17226,-37.71579360961914,144.56956481933594
17227,-37.71578598022461,144.56954956054688
17228,-37.71577072143555,144.56951904296875
17229,-37.715763092041016,144.56947326660156
17230,-37.71574783325195,144.5693359375
17231,-37.71573257446289,144.5692138671875
17232,-37.71643829345703,144.5657196044922
17233,-37.71636199951172,144.56568908691406
17234,-37.716331481933594,144.56568908691406
17235,-37.71626663208008,144.565673828125
17236,-37.71617126464844,144.56546020507812
17237,-37.716156005859375,144.5655517578125
17238,-37.716148376464844,144.565673828125
17239,-37.715980529785156,144.56578063964844
17240,-37.71605682373047,144.56581115722656
17241,-37.71607208251953,144.56581115722656
17242,-37.71613693237305,144.56582641601562
17243,-37.71624755859375,144.56594848632812
17244,-37.716251373291016,144.56593322753906
17245,-37.71626663208008,144.56582641601562
17246,-37.715572357177734,144.5658721923828
17247,-37.71527862548828,144.56591796875
17248,-37.71615219116211,144.56529235839844
17249,-37.716156005859375,144.5658416748047
17250,-37.7161979675293,144.5659637451172
17251,-37.71657943725586,144.56568908691406
17252,-37.71702194213867,144.57022094726562
17253,-37.71709060668945,144.5702362060547
17254,-37.71710968017578,144.5702362060547
17255,-37.717247009277344,144.57020568847656
17256,-37.71613311767578,144.56568908691406
17257,-37.716060638427734,144.56573486328125
17258,-37.71603775024414,144.5657501220703
17259,-37.71624755859375,144.56565856933594
17260,-37.71622085571289,144.5655517578125
17261,-37.716209411621094,144.56553649902344
17262,-37.715736389160156,144.56959533691406
17263,-37.71571350097656,144.56961059570312
17264,-37.7155876159668,144.56964111328125
17265,-37.71564865112305,144.56851196289062
17266,-37.7155647277832,144.56777954101562
17267,-37.71556091308594,144.56771850585938
17268,-37.7155647277832,144.56759643554688
17269,-37.71556854248047,144.56747436523438
17270,-37.71558380126953,144.5673828125
17271,-37.71559143066406,144.56735229492188
17272,-37.715599060058594,144.5673065185547
17273,-37.71561813354492,144.56724548339844
17274,-37.715641021728516,144.5671844482422
17275,-37.71566390991211,144.567138671875
17276,-37.71568298339844,144.56707763671875
17277,-37.715694427490234,144.5670166015625
17278,-37.7156982421875,144.5669403076172
17279,-37.715694427490234,144.56687927246094
17280,-37.7156867980957,144.56680297851562
17281,-37.71567153930664,144.56668090820312
17282,-37.71455001831055,144.57070922851562
17283,-37.71453857421875,144.57080078125
17284,-37.714542388916016,144.57083129882812
17285,-37.71455383300781,144.57093811035156
17286,-37.715911865234375,144.57046508789062
17287,-37.714595794677734,144.5707244873047
17288,-37.71457290649414,144.5707244873047
17289,-37.71452713012695,144.5706787109375
17290,-37.71451950073242,144.57064819335938
17291,-37.716094970703125,144.57025146484375
17292,-37.7160758972168,144.5703125
17293,-37.716064453125,144.5703582763672
17294,-37.716339111328125,144.5703887939453
17295,-37.71627426147461,144.57037353515625
17296,-37.716251373291016,144.57037353515625
17297,-37.7161865234375,144.5703582763672
17298,-37.71615219116211,144.57069396972656
17299,-37.716163635253906,144.57061767578125
17300,-37.71616744995117,144.5706024169922
17301,-37.716182708740234,144.5705108642578
17302,-37.715980529785156,144.5704803466797
17303,-37.71599578857422,144.5704803466797
17304,-37.716060638427734,144.5705108642578
17305,-37.716163635253906,144.57032775878906
17306,-37.71615982055664,144.5703125
17307,-37.71614456176758,144.57025146484375
17308,-37.71608352661133,144.57052612304688
17309,-37.71611785888672,144.57061767578125
17310,-37.71620178222656,144.5704803466797
17311,-37.71625518798828,144.5704345703125
17312,-37.71616744995117,144.57083129882812
17313,-37.71635055541992,144.5723419189453
17314,-37.716373443603516,144.57252502441406
17315,-37.71604537963867,144.57037353515625
17316,-37.71598434448242,144.5704345703125
17317,-37.71597671508789,144.5704345703125
17318,-37.716224670410156,144.56585693359375
17319,-37.71624755859375,144.5658416748047
17320,-37.71628189086914,144.56581115722656
17321,-37.71629333496094,144.56576538085938
17322,-37.71629333496094,144.56573486328125
17323,-37.716285705566406,144.56570434570312
17324,-37.71622085571289,144.56564331054688
17325,-37.7161979675293,144.56564331054688
17326,-37.71617126464844,144.56565856933594
17327,-37.716121673583984,144.5657196044922
17328,-37.71611785888672,144.56576538085938
17329,-37.71612548828125,144.5657958984375
17330,-37.71617889404297,144.56585693359375
17331,-37.71620178222656,144.56585693359375
17332,-37.71613693237305,144.57054138183594
17333,-37.71615982055664,144.57052612304688
17334,-37.716209411621094,144.57044982910156
17335,-37.716209411621094,144.57041931152344
17336,-37.71620178222656,144.5703887939453
17337,-37.71613693237305,144.57032775878906
17338,-37.71611022949219,144.57032775878906
17339,-37.71608352661133,144.57032775878906
17340,-37.71603775024414,144.57041931152344
17341,-37.71603775024414,144.57044982910156
17342,-37.71604537963867,144.5704803466797
17343,-37.71610641479492,144.57054138183594
17344,-37.716434478759766,144.569091796875
17345,-37.7166748046875,144.5691680908203
17346,-37.71670150756836,144.56918334960938
17347,-37.71672058105469,144.56918334960938
17348,-37.716766357421875,144.56918334960938
17349,-37.71681213378906,144.5691680908203
17350,-37.71690368652344,144.56915283203125
17351,-37.718570709228516,144.56883239746094
17352,-37.7186279296875,144.56883239746094
17353,-37.71867370605469,144.56881713867188
17354,-37.71869659423828,144.5688018798828
17355,-37.718719482421875,144.5688018798828
17356,-37.71876525878906,144.5687713623047
17357,-37.71891403198242,144.56869506835938
17358,-37.71897506713867,144.5686798095703
17359,-37.719078063964844,144.56866455078125
17360,-37.71910858154297,144.56866455078125
17361,-37.719139099121094,144.5686492919922
17362,-37.719154357910156,144.56861877441406
17363,-37.71916580200195,144.56858825683594
17364,-37.71916580200195,144.5685577392578
17365,-37.71913528442383,144.5682830810547
17366,-37.71856689453125,144.56881713867188
17367,-37.71763610839844,144.5662841796875
17368,-37.71855926513672,144.56610107421875
17369,-37.717315673828125,144.56634521484375
17370,-37.714969635009766,144.56861877441406
17371,-37.7162971496582,144.5673370361328
17372,-37.71589279174805,144.56741333007812
17373,-37.71583557128906,144.56741333007812
17374,-37.71577072143555,144.56741333007812
17375,-37.71570587158203,144.56739807128906
17376,-37.715675354003906,144.5673828125
17377,-37.715660095214844,144.5673828125
17378,-37.71520233154297,144.56764221191406
17379,-37.715431213378906,144.56759643554688
17380,-37.715484619140625,144.56759643554688
17381,-37.71549606323242,144.56759643554688
17382,-37.71633529663086,144.56578063964844
17383,-37.71636962890625,144.56576538085938
17384,-37.71528625488281,144.56675720214844
17385,-37.715599060058594,144.5666961669922
17386,-37.71696853637695,144.5702667236328
17387,-37.717002868652344,144.57025146484375
17388,-37.717018127441406,144.5702362060547
17389,-37.71702575683594,144.57020568847656
17390,-37.7170295715332,144.57015991210938
17391,-37.72445297241211,144.56922912597656
17392,-37.723838806152344,144.56935119628906
17393,-37.723785400390625,144.56936645507812
17394,-37.723716735839844,144.5693817138672
17395,-37.723670959472656,144.5694122314453
17396,-37.72364807128906,144.56942749023438
17397,-37.72356414794922,144.56948852539062
17398,-37.723533630371094,144.56951904296875
17399,-37.7234992980957,144.56954956054688
17400,-37.72346115112305,144.56956481933594
17401,-37.723419189453125,144.56959533691406
17402,-37.723388671875,144.56961059570312
17403,-37.72334289550781,144.5696258544922
17404,-37.723331451416016,144.5696258544922
17405,-37.7232780456543,144.56964111328125
17406,-37.72016143798828,144.57025146484375
17407,-37.72019577026367,144.57025146484375
17408,-37.72025680541992,144.5702362060547
17409,-37.72084426879883,144.57012939453125
17410,-37.721534729003906,144.5699920654297
17411,-37.721614837646484,144.5699462890625
17412,-37.721702575683594,144.56996154785156
17413,-37.72202682495117,144.5699005126953
17414,-37.722312927246094,144.56983947753906
17415,-37.722469329833984,144.56980895996094
17416,-37.7227783203125,144.5697479248047
17417,-37.7227897644043,144.55995178222656
17418,-37.72291946411133,144.55999755859375
17419,-37.72296142578125,144.56002807617188
17420,-37.722984313964844,144.56007385253906
17421,-37.72306442260742,144.5607452392578
17422,-37.72307586669922,144.56082153320312
17423,-37.71799850463867,144.5554656982422
17424,-37.71809387207031,144.55545043945312
17425,-37.71871566772461,144.55532836914062
17426,-37.71877670288086,144.55531311035156
17427,-37.71933364868164,144.55520629882812
17428,-37.71940231323242,144.55519104003906
17429,-37.71946716308594,144.55447387695312
17430,-37.719417572021484,144.554443359375
17431,-37.71938705444336,144.55442810058594
17432,-37.719356536865234,144.5543975830078
17433,-37.71932601928711,144.5543212890625
17434,-37.71929168701172,144.55421447753906
17435,-37.719268798828125,144.55413818359375
17436,-37.71925354003906,144.55406188964844
17437,-37.71913528442383,144.55308532714844
17438,-37.7191276550293,144.55299377441406
17439,-37.71870040893555,144.55303955078125
17440,-37.71875,144.5530548095703
17441,-37.71879959106445,144.55307006835938
17442,-37.71974182128906,144.55288696289062
17443,-37.71980285644531,144.55287170410156
17444,-37.71977996826172,144.5526580810547
17445,-37.719844818115234,144.55264282226562
17446,-37.72035598754883,144.55255126953125
17447,-37.720420837402344,144.5525360107422
17448,-37.720489501953125,144.55255126953125
17449,-37.720550537109375,144.5525665283203
17450,-37.72060775756836,144.5525665283203
17451,-37.720699310302734,144.55258178710938
17452,-37.720577239990234,144.55203247070312
17453,-37.720611572265625,144.55209350585938
17454,-37.720645904541016,144.5521697998047
17455,-37.72066879272461,144.55223083496094
17456,-37.72068786621094,144.5523223876953
17457,-37.720703125,144.55242919921875
17458,-37.720703125,144.5525360107422
17459,-37.72069549560547,144.55262756347656
17460,-37.72068405151367,144.55271911621094
17461,-37.72068405151367,144.55271911621094
17462,-37.72065734863281,144.5528106689453
17463,-37.72063064575195,144.55288696289062
17464,-37.72058868408203,144.552978515625
17465,-37.72043228149414,144.5532989501953
17466,-37.72023391723633,144.5537109375
17467,-37.720191955566406,144.5537872314453
17468,-37.72017288208008,144.55380249023438
17469,-37.72011184692383,144.55386352539062
17470,-37.720027923583984,144.553955078125
17471,-37.71964645385742,144.5542449951172
17472,-37.7195930480957,144.55429077148438
17473,-37.71955490112305,144.55433654785156
17474,-37.71951675415039,144.55438232421875
17475,-37.7194938659668,144.55441284179688
17476,-37.71940994262695,144.5546112060547
17477,-37.719383239746094,144.55471801757812
17478,-37.7193717956543,144.55482482910156
17479,-37.71936798095703,144.55491638183594
17480,-37.7193717956543,144.55499267578125
17481,-37.71947479248047,144.55569458007812
17482,-37.7194938659668,144.55577087402344
17483,-37.719696044921875,144.5565643310547
17484,-37.71970748901367,144.556640625
17485,-37.71982192993164,144.5575408935547
17486,-37.71988296508789,144.55804443359375
17487,-37.71989440917969,144.55810546875
17488,-37.719913482666016,144.55816650390625
17489,-37.71993637084961,144.55824279785156
17490,-37.719966888427734,144.55831909179688
17491,-37.72035217285156,144.55918884277344
17492,-37.720436096191406,144.559326171875
17493,-37.72047424316406,144.55935668945312
17494,-37.72052764892578,144.5593719482422
17495,-37.720577239990234,144.55938720703125
17496,-37.72059631347656,144.5594024658203
17497,-37.72064208984375,144.55941772460938
17498,-37.72069549560547,144.55943298339844
17499,-37.72074508666992,144.55943298339844
17500,-37.72079849243164,144.5594482421875
17501,-37.72084426879883,144.5594482421875
17502,-37.72090530395508,144.55943298339844
17503,-37.72095489501953,144.55943298339844
17504,-37.721031188964844,144.5594024658203
17505,-37.7210693359375,144.55938720703125
17506,-37.72114562988281,144.559326171875
17507,-37.72119903564453,144.55931091308594
17508,-37.72126770019531,144.5592803955078
17509,-37.72134017944336,144.55926513671875
17510,-37.721763610839844,144.55918884277344
17511,-37.7217903137207,144.55917358398438
17512,-37.72181701660156,144.55918884277344
17513,-37.721832275390625,144.55921936035156
17514,-37.72184371948242,144.5592498779297
17515,-37.721885681152344,144.5594024658203
17516,-37.72203063964844,144.5596160888672
17517,-37.72206497192383,144.55966186523438
17518,-37.72208786010742,144.55967712402344
17519,-37.722137451171875,144.55972290039062
17520,-37.72227096557617,144.55978393554688
17521,-37.72229766845703,144.55978393554688
17522,-37.71999740600586,144.5537109375
17523,-37.7199592590332,144.5536651611328
17524,-37.719932556152344,144.55361938476562
17525,-37.71990966796875,144.55355834960938
17526,-37.71989059448242,144.55349731445312
17527,-37.71987533569336,144.55343627929688
17528,-37.71986389160156,144.55335998535156
17529,-37.719764709472656,144.55255126953125
17530,-37.71971130371094,144.55226135253906
17531,-37.71846008300781,144.55322265625
17532,-37.71870803833008,144.5552520751953
17533,-37.708133697509766,144.56060791015625
17534,-37.708221435546875,144.5605010986328
17535,-37.70825958251953,144.5604705810547
17536,-37.709373474121094,144.55905151367188
17537,-37.70927429199219,144.55909729003906
17538,-37.70927047729492,144.55909729003906
17539,-37.709251403808594,144.5591278076172
17540,-37.70908737182617,144.55934143066406
17541,-37.71025466918945,144.5578155517578
17542,-37.71013259887695,144.55796813964844
17543,-37.70939254760742,144.5589599609375
17544,-37.70937728881836,144.5590057373047
17545,-37.709388732910156,144.55909729003906
17546,-37.70942687988281,144.5591278076172
17547,-37.70985794067383,144.55931091308594
17548,-37.71009063720703,144.559326171875
17549,-37.71208190917969,144.555419921875
17550,-37.71205520629883,144.555419921875
17551,-37.71202850341797,144.55545043945312
17552,-37.71196746826172,144.55552673339844
17553,-37.7108039855957,144.5570831298828
17554,-37.710750579833984,144.55714416503906
17555,-37.71124267578125,144.55772399902344
17556,-37.71065902709961,144.55703735351562
17557,-37.7105712890625,144.5569305419922
17558,-37.710548400878906,144.55691528320312
17559,-37.71052169799805,144.55691528320312
17560,-37.71049499511719,144.55691528320312
17561,-37.71047592163086,144.55694580078125
17562,-37.71007537841797,144.55747985839844
17563,-37.71006393432617,144.5574951171875
17564,-37.71005630493164,144.55752563476562
17565,-37.71006393432617,144.5575714111328
17566,-37.710079193115234,144.55760192871094
17567,-37.71038055419922,144.55795288085938
17568,-37.71073913574219,144.55838012695312
17569,-37.7135124206543,144.55645751953125
17570,-37.713504791259766,144.556396484375
17571,-37.71349334716797,144.5563201904297
17572,-37.7144889831543,144.5609588623047
17573,-37.71444320678711,144.56088256835938
17574,-37.714420318603516,144.56072998046875
17575,-37.715152740478516,144.5599365234375
17576,-37.715248107910156,144.5607147216797
17577,-37.715248107910156,144.5607452392578
17578,-37.715240478515625,144.56077575683594
17579,-37.7152214050293,144.560791015625
17580,-37.71519088745117,144.56080627441406
17581,-37.71455383300781,144.56092834472656
17582,-37.71451187133789,144.56094360351562
17583,-37.714473724365234,144.56100463867188
17584,-37.714473724365234,144.56106567382812
17585,-37.714515686035156,144.56143188476562
17586,-37.71451950073242,144.56146240234375
17587,-37.714508056640625,144.56149291992188
17588,-37.7144889831543,144.56150817871094
17589,-37.71445846557617,144.5615234375
17590,-37.71419906616211,144.5615692138672
17591,-37.71578598022461,144.55703735351562
17592,-37.71580505371094,144.5569610595703
17593,-37.715816497802734,144.556884765625
17594,-37.715789794921875,144.55667114257812
17595,-37.71588897705078,144.55792236328125
17596,-37.71592712402344,144.55796813964844
17597,-37.71595001220703,144.5580291748047
17598,-37.71597671508789,144.5582275390625
17599,-37.715858459472656,144.5579376220703
17600,-37.715904235839844,144.55789184570312
17601,-37.71591567993164,144.557861328125
17602,-37.71591567993164,144.55783081054688
17603,-37.7158317565918,144.55711364746094
17604,-37.715824127197266,144.5570831298828
17605,-37.71581268310547,144.5570526123047
17606,-37.71575164794922,144.55703735351562
17607,-37.71431350708008,144.55731201171875
17608,-37.716033935546875,144.558837890625
17609,-37.71401596069336,144.557373046875
17610,-37.713958740234375,144.557373046875
17611,-37.71470642089844,144.5582733154297
17612,-37.71479797363281,144.55902099609375
17613,-37.71614456176758,144.55975341796875
17614,-37.71641159057617,144.56199645996094
17615,-37.71384048461914,144.556396484375
17616,-37.7138557434082,144.55653381347656
17617,-37.71398162841797,144.5575714111328
17618,-37.71406173706055,144.55824279785156
17619,-37.7131233215332,144.55674743652344
17620,-37.71314239501953,144.55679321289062
17621,-37.71307373046875,144.55665588378906
17622,-37.713104248046875,144.55670166015625
17623,-37.71334457397461,144.55648803710938
17624,-37.71331024169922,144.55648803710938
17625,-37.71326446533203,144.5564727783203
17626,-37.71319580078125,144.5564422607422
17627,-37.712947845458984,144.5565948486328
17628,-37.71296310424805,144.5565948486328
17629,-37.71303176879883,144.5565948486328
17630,-37.71302795410156,144.5564727783203
17631,-37.712947845458984,144.55653381347656
17632,-37.71294021606445,144.55653381347656
17633,-37.71415710449219,144.55633544921875
17634,-37.71369934082031,144.55642700195312
17635,-37.71321487426758,144.5565643310547
17636,-37.713279724121094,144.55653381347656
17637,-37.713314056396484,144.55650329589844
17638,-37.71316146850586,144.55674743652344
17639,-37.713165283203125,144.55670166015625
17640,-37.71318435668945,144.55662536621094
17641,-37.71310043334961,144.55665588378906
17642,-37.713130950927734,144.55665588378906
17643,-37.713157653808594,144.55665588378906
17644,-37.71320343017578,144.55661010742188
17645,-37.713218688964844,144.55653381347656
17646,-37.71321487426758,144.55650329589844
17647,-37.71320343017578,144.55645751953125
17648,-37.71318435668945,144.5564422607422
17649,-37.71316146850586,144.55641174316406
17650,-37.713134765625,144.55641174316406
17651,-37.713104248046875,144.55641174316406
17652,-37.713077545166016,144.55641174316406
17653,-37.713050842285156,144.55642700195312
17654,-37.71303176879883,144.55645751953125
17655,-37.71302032470703,144.55648803710938
17656,-37.713016510009766,144.55653381347656
17657,-37.71302032470703,144.5565643310547
17658,-37.713050842285156,144.55662536621094
17659,-37.71343994140625,144.55926513671875
17660,-37.71336364746094,144.55860900878906
17661,-37.71399688720703,144.56161499023438
17662,-37.71393966674805,144.5615997314453
17663,-37.713932037353516,144.5615997314453
17664,-37.71360778808594,144.5617218017578
17665,-37.71363067626953,144.5617218017578
17666,-37.7136116027832,144.56166076660156
17667,-37.71360397338867,144.56166076660156
17668,-37.71393966674805,144.56166076660156
17669,-37.698299407958984,144.54421997070312
17670,-37.699100494384766,144.5440673828125
17671,-37.69881820678711,144.5449981689453
17672,-37.698909759521484,144.5450439453125
17673,-37.69895553588867,144.5450439453125
17674,-37.69913101196289,144.54501342773438
17675,-37.69916534423828,144.54498291015625
17676,-37.69918441772461,144.54495239257812
17677,-37.699195861816406,144.544921875
17678,-37.69919967651367,144.54489135742188
17679,-37.698997497558594,144.54319763183594
17680,-37.69899368286133,144.54318237304688
17681,-37.698974609375,144.54315185546875
17682,-37.698951721191406,144.5431365966797
17683,-37.69892120361328,144.5431365966797
17684,-37.69818878173828,144.54327392578125
17685,-37.712257385253906,144.54518127441406
17686,-37.71222686767578,144.5451202392578
17687,-37.71221923828125,144.54501342773438
17688,-37.71278762817383,144.5450897216797
17689,-37.71280288696289,144.54498291015625
17690,-37.71278762817383,144.5448760986328
17691,-37.71290588378906,144.54556274414062
17692,-37.712867736816406,144.54550170898438
17693,-37.71285629272461,144.54547119140625
17694,-37.712852478027344,144.54544067382812
17695,-37.71281433105469,144.54513549804688
17696,-37.71280288696289,144.54510498046875
17697,-37.712764739990234,144.54507446289062
17698,-37.71274185180664,144.54507446289062
17699,-37.712276458740234,144.545166015625
17700,-37.71223831176758,144.54519653320312
17701,-37.71222686767578,144.5452117919922
17702,-37.71221923828125,144.5452423095703
17703,-37.71219253540039,144.54588317871094
17704,-37.712196350097656,144.54592895507812
17705,-37.71220397949219,144.54595947265625
17706,-37.71224594116211,144.5460662841797
17707,-37.713382720947266,144.54498291015625
17708,-37.713356018066406,144.5450897216797
17709,-37.7127571105957,144.54571533203125
17710,-37.71189498901367,144.5463104248047
17711,-37.655677795410156,144.58079528808594
17712,-37.65571594238281,144.58111572265625
17713,-37.655731201171875,144.58123779296875
17714,-37.65582275390625,144.5819854736328
17715,-37.65583419799805,144.58209228515625
17716,-37.65593338012695,144.58290100097656
17717,-37.65594482421875,144.58297729492188
17718,-37.655765533447266,144.5821075439453
17719,-37.654083251953125,144.58242797851562
17720,-37.654022216796875,144.5824432373047
17721,-37.653968811035156,144.58245849609375
17722,-37.6536979675293,144.5826416015625
17723,-37.653648376464844,144.58267211914062
17724,-37.6563720703125,144.58065795898438
17725,-37.656455993652344,144.5813446044922
17726,-37.6566276550293,144.582763671875
17727,-37.6566276550293,144.5828094482422
17728,-37.6566162109375,144.58282470703125
17729,-37.65659713745117,144.58285522460938
17730,-37.65656661987305,144.58287048339844
17731,-37.65654373168945,144.58287048339844
17732,-37.655860900878906,144.5830078125
17733,-37.654998779296875,144.58316040039062
17734,-37.65399932861328,144.58335876464844
17735,-37.65389633178711,144.5833740234375
17736,-37.653785705566406,144.58338928222656
17737,-37.653114318847656,144.58352661132812
17738,-37.65367126464844,144.58157348632812
17739,-37.65373229980469,144.5815887451172
17740,-37.65378189086914,144.58160400390625
17741,-37.65380859375,144.58160400390625
17742,-37.65565872192383,144.5812530517578
17743,-37.65387725830078,144.58326721191406
17744,-37.653682708740234,144.58277893066406
17745,-37.653621673583984,144.58258056640625
17746,-37.653594970703125,144.58242797851562
17747,-37.653587341308594,144.5823974609375
17748,-37.65357971191406,144.5823211669922
17749,-37.6535758972168,144.58224487304688
17750,-37.65357208251953,144.58216857910156
17751,-37.6535758972168,144.58206176757812
17752,-37.65359115600586,144.5819549560547
17753,-37.65360641479492,144.5818634033203
17754,-37.65362548828125,144.58175659179688
17755,-37.65363693237305,144.58172607421875
17756,-37.653682708740234,144.58151245117188
17757,-37.65369415283203,144.58143615722656
17758,-37.65369415283203,144.58135986328125
17759,-37.65367126464844,144.5811767578125
17760,-37.65254211425781,144.5718231201172
17761,-37.652286529541016,144.5697479248047
17762,-37.65165328979492,144.5698699951172
17763,-37.65121841430664,144.5699462890625
17764,-37.65119171142578,144.5699462890625
17765,-37.65116882324219,144.56993103027344
17766,-37.651153564453125,144.56991577148438
17767,-37.651145935058594,144.5698699951172
17768,-37.65108871459961,144.56947326660156
17769,-37.65090560913086,144.5681915283203
17770,-37.65222930908203,144.56924438476562
17771,-37.65159606933594,144.56936645507812
17772,-37.65249252319336,144.57142639160156
17773,-37.651458740234375,144.57162475585938
17774,-37.651432037353516,144.57164001464844
17775,-37.65141296386719,144.5716552734375
17776,-37.65140151977539,144.57168579101562
17777,-37.65140151977539,144.5717315673828
17778,-37.651451110839844,144.5720672607422
17779,-37.65150451660156,144.57244873046875
17780,-37.65153503417969,144.57247924804688
17781,-37.651580810546875,144.57249450683594
17782,-37.651817321777344,144.57244873046875
17783,-37.652587890625,144.57229614257812
17784,-37.65122604370117,144.57078552246094
17785,-37.65238571166992,144.570556640625
17786,-37.65143966674805,144.56809997558594
17787,-37.652557373046875,144.57199096679688
17788,-37.65207290649414,144.56797790527344
17789,-37.65019607543945,144.56393432617188
17790,-37.64936828613281,144.5574951171875
17791,-37.655311584472656,144.5655059814453
17792,-37.655086517333984,144.56553649902344
17793,-37.654964447021484,144.5655517578125
17794,-37.665496826171875,144.5349578857422
17795,-37.66552734375,144.5349884033203
17796,-37.665550231933594,144.53500366210938
17797,-37.66557312011719,144.53500366210938
17798,-37.66863250732422,144.53440856933594
17799,-37.66865158081055,144.53439331054688
17800,-37.668670654296875,144.53436279296875
17801,-37.66868209838867,144.5343475341797
17802,-37.66155242919922,144.53562927246094
17803,-37.66161346435547,144.5357208251953
17804,-37.661624908447266,144.53573608398438
17805,-37.661643981933594,144.53575134277344
17806,-37.66166687011719,144.53575134277344
17807,-37.663414001464844,144.53541564941406
17808,-37.66343307495117,144.535400390625
17809,-37.663455963134766,144.53536987304688
17810,-37.66346740722656,144.53533935546875
17811,-37.66350555419922,144.53524780273438
17812,-37.663856506347656,144.53518676757812
17813,-37.66390609741211,144.53526306152344
17814,-37.66392135620117,144.5352783203125
17815,-37.66395568847656,144.53530883789062
17816,-37.66398239135742,144.53530883789062
17817,-37.66476058959961,144.53515625
17818,-37.66477966308594,144.53514099121094
17819,-37.664794921875,144.5351104736328
17820,-37.66481018066406,144.53506469726562
17821,-37.664817810058594,144.53500366210938
17822,-37.66367721557617,144.53521728515625
17823,-37.664730072021484,144.53501892089844
17824,-37.66368865966797,144.53530883789062
17825,-37.66395950317383,144.53759765625
17826,-37.72039794921875,144.5771484375
17827,-37.72038650512695,144.5772705078125
17828,-37.72040557861328,144.57749938964844
17829,-37.72212600708008,144.5778350830078
17830,-37.72205352783203,144.5778045654297
17831,-37.72197341918945,144.57778930664062
17832,-37.72188186645508,144.57757568359375
17833,-37.72186279296875,144.5776824951172
17834,-37.721858978271484,144.57778930664062
17835,-37.7216911315918,144.57789611816406
17836,-37.72176742553711,144.57791137695312
17837,-37.72185134887695,144.5779266357422
17838,-37.721946716308594,144.578125
17839,-37.72195816040039,144.5780487060547
17840,-37.72197341918945,144.57794189453125
17841,-37.72184753417969,144.5778045654297
17842,-37.721763610839844,144.5778350830078
17843,-37.721954345703125,144.57777404785156
17844,-37.72191619873047,144.57765197753906
17845,-37.721988677978516,144.57791137695312
17846,-37.72205352783203,144.577880859375
17847,-37.72196960449219,144.57830810546875
17848,-37.722564697265625,144.57778930664062
17849,-37.723209381103516,144.5777130126953
17850,-37.7238883972168,144.57763671875
17851,-37.721866607666016,144.57794189453125
17852,-37.721900939941406,144.5780487060547
17853,-37.721954345703125,144.5779571533203
17854,-37.72199630737305,144.577880859375
17855,-37.72199630737305,144.57785034179688
17856,-37.721988677978516,144.57781982421875
17857,-37.72193145751953,144.5777587890625
17858,-37.72190475463867,144.5777587890625
17859,-37.72188186645508,144.57777404785156
17860,-37.721839904785156,144.5778350830078
17861,-37.72183609008789,144.57785034179688
17862,-37.72183609008789,144.577880859375
17863,-37.721839904785156,144.57791137695312
17864,-37.721858978271484,144.57794189453125
17865,-37.721885681152344,144.5779571533203
17866,-37.72190856933594,144.57797241210938
17867,-37.72193145751953,144.5779571533203
17868,-37.725257873535156,144.57522583007812
17869,-37.725215911865234,144.57521057128906
17870,-37.72520446777344,144.57521057128906
17871,-37.72512435913086,144.57518005371094
17872,-37.725032806396484,144.57496643066406
17873,-37.72502517700195,144.57505798339844
17874,-37.72501754760742,144.5751190185547
17875,-37.72500991821289,144.57518005371094
17876,-37.7248420715332,144.57530212402344
17877,-37.72491455078125,144.57530212402344
17878,-37.72492218017578,144.57530212402344
17879,-37.72500228881836,144.5753173828125
17880,-37.725093841552734,144.57550048828125
17881,-37.7251091003418,144.57542419433594
17882,-37.725120544433594,144.57533264160156
17883,-37.725135803222656,144.57530212402344
17884,-37.72520446777344,144.57525634765625
17885,-37.725215911865234,144.57525634765625
17886,-37.72502899169922,144.57534790039062
17887,-37.72505569458008,144.57542419433594
17888,-37.72506332397461,144.575439453125
17889,-37.72499465942383,144.57521057128906
17890,-37.72491455078125,144.57525634765625
17891,-37.72510528564453,144.57516479492188
17892,-37.72507858276367,144.57510375976562
17893,-37.72506332397461,144.57505798339844
17894,-37.725101470947266,144.57534790039062
17895,-37.72514724731445,144.5752716064453
17896,-37.72514724731445,144.5752410888672
17897,-37.72513961791992,144.57521057128906
17898,-37.72507858276367,144.5751495361328
17899,-37.72505569458008,144.5751495361328
17900,-37.72502899169922,144.57516479492188
17901,-37.7249870300293,144.5752410888672
17902,-37.72498321533203,144.5752716064453
17903,-37.72499084472656,144.57530212402344
17904,-37.725006103515625,144.57533264160156
17905,-37.72505187988281,144.57534790039062
17906,-37.72507858276367,144.57534790039062
17907,-37.725318908691406,144.57754516601562
17908,-37.725303649902344,144.5774383544922
17909,-37.72529602050781,144.57736206054688
17910,-37.72522735595703,144.57669067382812
17911,-37.72515106201172,144.57598876953125
17912,-37.72496795654297,144.5743865966797
17913,-37.72490692138672,144.57386779785156
17914,-37.72479248046875,144.5729217529297
17915,-37.72478103637695,144.5728302001953
17916,-37.72390365600586,144.57444763183594
17917,-37.72378921508789,144.57342529296875
17918,-37.72364807128906,144.57553100585938
17919,-37.72372817993164,144.5755157470703
17920,-37.72398376464844,144.57546997070312
17921,-37.720420837402344,144.57716369628906
17922,-37.72045135498047,144.57716369628906
17923,-37.72180938720703,144.57691955566406
17924,-37.723636627197266,144.5734405517578
17925,-37.72407150268555,144.5733642578125
17926,-37.724117279052734,144.5733642578125
17927,-37.72425842285156,144.57447814941406
17928,-37.72419738769531,144.57452392578125
17929,-37.724151611328125,144.57455444335938
17930,-37.72392272949219,144.57460021972656
17931,-37.726688385009766,144.57485961914062
17932,-37.726749420166016,144.57498168945312
17933,-37.726776123046875,144.5750274658203
17934,-37.726802825927734,144.57508850097656
17935,-37.72682571411133,144.57518005371094
17936,-37.726844787597656,144.57525634765625
17937,-37.726924896240234,144.57562255859375
17938,-37.727230072021484,144.57699584960938
17939,-37.727237701416016,144.57705688476562
17940,-37.72724533081055,144.57713317871094
17941,-37.7265625,144.57723999023438
17942,-37.72655487060547,144.57716369628906
17943,-37.72654342651367,144.5771026611328
17944,-37.72640609741211,144.57647705078125
17945,-37.726253509521484,144.57579040527344
17946,-37.726104736328125,144.57513427734375
17947,-37.7260856628418,144.57504272460938
17948,-37.72731399536133,144.57347106933594
17949,-37.72724533081055,144.57363891601562
17950,-37.72721862792969,144.57369995117188
17951,-37.72679138183594,144.57472229003906
17952,-37.726768493652344,144.5747833251953
17953,-37.72673797607422,144.5748291015625
17954,-37.726707458496094,144.57485961914062
17955,-37.72662353515625,144.5749053955078
17956,-37.72597122192383,144.5750732421875
17957,-37.72568893432617,144.5751495361328
17958,-37.72459411621094,144.57754516601562
17959,-37.72467803955078,144.57752990722656
17960,-37.72355651855469,144.57472229003906
17961,-37.72346115112305,144.57473754882812
17962,-37.72318649291992,144.5747833251953
17963,-37.72288513183594,144.5748291015625
17964,-37.72282409667969,144.57484436035156
17965,-37.723045349121094,144.5735321044922
17966,-37.72325134277344,144.57350158691406
17967,-37.722755432128906,144.57359313964844
17968,-37.72268295288086,144.57359313964844
17969,-37.721656799316406,144.5755615234375
17970,-37.722251892089844,144.57545471191406
17971,-37.72288131713867,144.57534790039062
17972,-37.723514556884766,144.57522583007812
17973,-37.72361373901367,144.57521057128906
17974,-37.72325897216797,144.57815551757812
17975,-37.72261428833008,144.57823181152344
17976,-37.724609375,144.5776824951172
17977,-37.72435760498047,144.57553100585938
17978,-37.72434997558594,144.5753936767578
17979,-37.72532272338867,144.57667541503906
17980,-37.726314544677734,144.57650756835938
17981,-37.726356506347656,144.57650756835938
17982,-37.726200103759766,144.57582092285156
17983,-37.726165771484375,144.57583618164062
17984,-37.725242614746094,144.5759735107422
17985,-37.72489547729492,144.5743865966797
17986,-37.72431945800781,144.57449340820312
17987,-37.72429275512695,144.57449340820312
17988,-37.724266052246094,144.57447814941406
17989,-37.724246978759766,144.574462890625
17990,-37.724239349365234,144.57443237304688
17991,-37.72408676147461,144.57310485839844
17992,-37.72407913208008,144.57302856445312
17993,-37.72407913208008,144.572998046875
17994,-37.72409439086914,144.57296752929688
17995,-37.7241096496582,144.5729522705078
17996,-37.72414016723633,144.57293701171875
17997,-37.72467041015625,144.57284545898438
17998,-37.72490310668945,144.57281494140625
17999,-37.724952697753906,144.5727996826172
18000,-37.72505187988281,144.5727996826172
18001,-37.72514724731445,144.5727996826172
18002,-37.72523498535156,144.5727996826172
18003,-37.725337982177734,144.5727996826172
18004,-37.72544860839844,144.57281494140625
18005,-37.72557067871094,144.5728302001953
18006,-37.72569274902344,144.57286071777344
18007,-37.72581100463867,144.57289123535156
18008,-37.72593307495117,144.57293701171875
18009,-37.726051330566406,144.57298278808594
18010,-37.72616195678711,144.57302856445312
18011,-37.72628402709961,144.57308959960938
18012,-37.72637939453125,144.57315063476562
18013,-37.72650146484375,144.57322692871094
18014,-37.72652053833008,144.5732421875
18015,-37.72652816772461,144.57327270507812
18016,-37.72653579711914,144.5733184814453
18017,-37.72652816772461,144.57334899902344
18018,-37.726322174072266,144.5738525390625
18019,-37.72631072998047,144.57386779785156
18020,-37.72628402709961,144.57388305664062
18021,-37.726253509521484,144.57388305664062
18022,-37.72622299194336,144.57388305664062
18023,-37.72602081298828,144.57369995117188
18024,-37.7259635925293,144.57366943359375
18025,-37.72498321533203,144.5738525390625
18026,-37.720279693603516,144.57627868652344
18027,-37.72170639038086,144.57601928710938
18028,-37.720890045166016,144.5752410888672
18029,-37.72084426879883,144.57484436035156
18030,-37.720176696777344,144.57537841796875
18031,-37.721248626708984,144.57518005371094
18032,-37.722206115722656,144.57504272460938
18033,-37.72224807739258,144.57542419433594
18034,-37.72010803222656,144.5747528076172
18035,-37.72021484375,144.57568359375
18036,-37.72037124633789,144.57708740234375
18037,-37.72038269042969,144.57713317871094
18038,-37.72160339355469,144.5751190185547
18039,-37.72157287597656,144.57484436035156
18040,-37.722877502441406,144.5753173828125
18041,-37.7226448059082,144.57327270507812
18042,-37.72263717651367,144.57322692871094
18043,-37.72262191772461,144.57321166992188
18044,-37.722599029541016,144.5731964111328
18045,-37.722572326660156,144.5731964111328
18046,-37.72232437133789,144.5732421875
18047,-37.723365783691406,144.57298278808594
18048,-37.72336959838867,144.5730743408203
18049,-37.723426818847656,144.57357788085938
18050,-37.72367858886719,144.5758056640625
18051,-37.727439880371094,144.57516479492188
18052,-37.72748947143555,144.57522583007812
18053,-37.727500915527344,144.5752410888672
18054,-37.727535247802734,144.57530212402344
18055,-37.72758483886719,144.57542419433594
18056,-37.72763442993164,144.5755615234375
18057,-37.72768020629883,144.57568359375
18058,-37.727725982666016,144.5758514404297
18059,-37.7277717590332,144.57606506347656
18060,-37.72795104980469,144.57687377929688
18061,-37.727962493896484,144.57693481445312
18062,-37.72797393798828,144.57701110839844
18063,-37.72541046142578,144.57742309570312
18064,-37.72864532470703,144.576904296875
18065,-37.728675842285156,144.57688903808594
18066,-37.72869110107422,144.57687377929688
18067,-37.72869873046875,144.5768280029297
18068,-37.72869873046875,144.57681274414062
18069,-37.728694915771484,144.57679748535156
18070,-37.72865295410156,144.5765838623047
18071,-37.72835922241211,144.575439453125
18072,-37.72832107543945,144.57530212402344
18073,-37.7282829284668,144.57518005371094
18074,-37.72822952270508,144.5750274658203
18075,-37.728206634521484,144.57496643066406
18076,-37.72816467285156,144.57485961914062
18077,-37.728126525878906,144.5747833251953
18078,-37.72808837890625,144.57470703125
18079,-37.7280387878418,144.57461547851562
18080,-37.727989196777344,144.5745391845703
18081,-37.72794723510742,144.574462890625
18082,-37.72787857055664,144.57435607910156
18083,-37.72785949707031,144.5743408203125
18084,-37.72782897949219,144.5743408203125
18085,-37.7277946472168,144.5743408203125
18086,-37.7277717590332,144.57437133789062
18087,-37.72748947143555,144.57504272460938
18088,-37.7274284362793,144.57518005371094
18089,-37.72738265991211,144.57525634765625
18090,-37.727352142333984,144.57528686523438
18091,-37.72700881958008,144.57559204101562
18092,-37.7231559753418,144.56964111328125
18093,-37.723052978515625,144.56964111328125
18094,-37.722938537597656,144.56939697265625
18095,-37.72292709350586,144.5695037841797
18096,-37.72291946411133,144.56964111328125
18097,-37.72279739379883,144.5697784423828
18098,-37.72282028198242,144.5697784423828
18099,-37.7229118347168,144.5697784423828
18100,-37.722904205322266,144.56967163085938
18101,-37.72283172607422,144.5697021484375
18102,-37.7227897644043,144.56973266601562
18103,-37.72307205200195,144.5697479248047
18104,-37.72315979003906,144.56971740722656
18105,-37.72318649291992,144.5697021484375
18106,-37.72303009033203,144.56961059570312
18107,-37.72297286987305,144.56948852539062
18108,-37.722930908203125,144.56980895996094
18109,-37.72296905517578,144.56988525390625
18110,-37.72298812866211,144.56996154785156
18111,-37.72298812866211,144.56997680664062
18112,-37.72301483154297,144.5701904296875
18113,-37.72312927246094,144.57115173339844
18114,-37.72314453125,144.57127380371094
18115,-37.72322082519531,144.57192993164062
18116,-37.723262786865234,144.572265625
18117,-37.72331237792969,144.5726776123047
18118,-37.72331619262695,144.57273864746094
18119,-37.72332000732422,144.57276916503906
18120,-37.72339630126953,144.57275390625
18121,-37.72339630126953,144.57273864746094
18122,-37.723388671875,144.5726776123047
18123,-37.7233772277832,144.57252502441406
18124,-37.72328567504883,144.57174682617188
18125,-37.72322082519531,144.57125854492188
18126,-37.72320556640625,144.57113647460938
18127,-37.72306442260742,144.56996154785156
18128,-37.723060607910156,144.56991577148438
18129,-37.72305679321289,144.56985473632812
18130,-37.723060607910156,144.5697784423828
18131,-37.72247314453125,144.56549072265625
18132,-37.722530364990234,144.5659942626953
18133,-37.72254943847656,144.56613159179688
18134,-37.72258758544922,144.5664520263672
18135,-37.722660064697266,144.5670623779297
18136,-37.72563171386719,144.56809997558594
18137,-37.72551727294922,144.5680694580078
18138,-37.72544479370117,144.5680694580078
18139,-37.725406646728516,144.56838989257812
18140,-37.72541046142578,144.56837463378906
18141,-37.725425720214844,144.56829833984375
18142,-37.725433349609375,144.56822204589844
18143,-37.7251091003418,144.5681915283203
18144,-37.72517776489258,144.5681915283203
18145,-37.7252082824707,144.56820678710938
18146,-37.725311279296875,144.56820678710938
18147,-37.72534942626953,144.5679168701172
18148,-37.725345611572266,144.5679168701172
18149,-37.72533416748047,144.56797790527344
18150,-37.72532272338867,144.56805419921875
18151,-37.725341796875,144.5678253173828
18152,-37.72544860839844,144.56820678710938
18153,-37.72552490234375,144.5681610107422
18154,-37.725345611572266,144.5682373046875
18155,-37.725379943847656,144.56832885742188
18156,-37.725399017333984,144.56837463378906
18157,-37.72530746459961,144.56808471679688
18158,-37.725196838378906,144.56813049316406
18159,-37.72517013549805,144.56814575195312
18160,-37.725406646728516,144.5680389404297
18161,-37.72537612915039,144.56796264648438
18162,-37.7253532409668,144.5679168701172
18163,-37.72963333129883,144.56924438476562
18164,-37.72953796386719,144.56922912597656
18165,-37.72679138183594,144.57022094726562
18166,-37.72674560546875,144.57015991210938
18167,-37.72673034667969,144.57015991210938
18168,-37.726318359375,144.57003784179688
18169,-37.72638702392578,144.570068359375
18170,-37.72643280029297,144.57009887695312
18171,-37.726444244384766,144.57009887695312
18172,-37.72624969482422,144.57003784179688
18173,-37.725685119628906,144.5701446533203
18174,-37.725616455078125,144.57015991210938
18175,-37.726715087890625,144.57022094726562
18176,-37.72673034667969,144.5702362060547
18177,-37.72444534301758,144.5647735595703
18178,-37.72437286376953,144.56475830078125
18179,-37.72429656982422,144.5647430419922
18180,-37.724220275878906,144.56455993652344
18181,-37.72420883178711,144.56463623046875
18182,-37.72420120239258,144.56475830078125
18183,-37.72403335571289,144.56484985351562
18184,-37.724098205566406,144.5648651123047
18185,-37.72420883178711,144.56488037109375
18186,-37.724281311035156,144.5650634765625
18187,-37.72429275512695,144.56497192382812
18188,-37.72430419921875,144.5648651123047
18189,-37.72393035888672,144.5648651123047
18190,-37.72489929199219,144.56468200683594
18191,-37.7249641418457,144.56466674804688
18192,-37.724308013916016,144.56484985351562
18193,-37.724369049072266,144.5648193359375
18194,-37.72419357299805,144.56475830078125
18195,-37.724098205566406,144.56480407714844
18196,-37.72421646118164,144.56451416015625
18197,-37.72466278076172,144.56826782226562
18198,-37.724647521972656,144.56814575195312
18199,-37.72421646118164,144.56488037109375
18200,-37.7242431640625,144.56497192382812
18201,-37.72428512573242,144.56472778320312
18202,-37.72425842285156,144.56463623046875
18203,-37.724239349365234,144.5648956298828
18204,-37.72426223754883,144.5648956298828
18205,-37.72428512573242,144.56488037109375
18206,-37.72431564331055,144.56483459472656
18207,-37.72431945800781,144.56480407714844
18208,-37.72431564331055,144.5647735595703
18209,-37.72430419921875,144.56475830078125
18210,-37.72426223754883,144.56472778320312
18211,-37.724239349365234,144.56472778320312
18212,-37.72421646118164,144.56472778320312
18213,-37.724185943603516,144.5647735595703
18214,-37.72418212890625,144.56480407714844
18215,-37.724185943603516,144.56483459472656
18216,-37.72419738769531,144.5648651123047
18217,-37.72295379638672,144.56982421875
18218,-37.72297668457031,144.56982421875
18219,-37.722999572753906,144.56982421875
18220,-37.723026275634766,144.56982421875
18221,-37.723045349121094,144.56980895996094
18222,-37.72307586669922,144.56971740722656
18223,-37.72307586669922,144.56968688964844
18224,-37.72306442260742,144.5696563720703
18225,-37.72300720214844,144.56961059570312
18226,-37.722984313964844,144.56959533691406
18227,-37.722957611083984,144.56961059570312
18228,-37.72293472290039,144.5696258544922
18229,-37.722896575927734,144.5697021484375
18230,-37.722896575927734,144.56973266601562
18231,-37.722900390625,144.56976318359375
18232,-37.72531509399414,144.5680694580078
18233,-37.72529983520508,144.56808471679688
18234,-37.72529220581055,144.568115234375
18235,-37.72529220581055,144.56814575195312
18236,-37.72529602050781,144.56817626953125
18237,-37.72532653808594,144.5682373046875
18238,-37.719757080078125,144.56944274902344
18239,-37.7197380065918,144.5694122314453
18240,-37.7197265625,144.5693817138672
18241,-37.719688415527344,144.56906127929688
18242,-37.7241096496582,144.56753540039062
18243,-37.72399139404297,144.5675506591797
18244,-37.72397994995117,144.5675506591797
18245,-37.723899841308594,144.5675506591797
18246,-37.723873138427734,144.56719970703125
18247,-37.723907470703125,144.56748962402344
18248,-37.723907470703125,144.56752014160156
18249,-37.72390365600586,144.56752014160156
18250,-37.72451400756836,144.5700225830078
18251,-37.72447204589844,144.56993103027344
18252,-37.724456787109375,144.5697784423828
18253,-37.72445297241211,144.5697479248047
18254,-37.725669860839844,144.57058715820312
18255,-37.725616455078125,144.5706024169922
18256,-37.724632263183594,144.57078552246094
18257,-37.724605560302734,144.57078552246094
18258,-37.72458267211914,144.57077026367188
18259,-37.72456359863281,144.5707550048828
18260,-37.724552154541016,144.57070922851562
18261,-37.724517822265625,144.57040405273438
18262,-37.724483489990234,144.5701141357422
18263,-37.72447967529297,144.570068359375
18264,-37.72449493408203,144.57003784179688
18265,-37.72454071044922,144.57000732421875
18266,-37.725528717041016,144.56982421875
18267,-37.7255744934082,144.56980895996094
18268,-37.72458267211914,144.57086181640625
18269,-37.72460174560547,144.57101440429688
18270,-37.72480392456055,144.57223510742188
18271,-37.72476577758789,144.57223510742188
18272,-37.72385025024414,144.5723876953125
18273,-37.723819732666016,144.5723876953125
18274,-37.72380065917969,144.57237243652344
18275,-37.723785400390625,144.57235717773438
18276,-37.72377014160156,144.5723114013672
18277,-37.72370910644531,144.57179260253906
18278,-37.72370910644531,144.57176208496094
18279,-37.72372055053711,144.5717315673828
18280,-37.72373580932617,144.5717010498047
18281,-37.7237663269043,144.57168579101562
18282,-37.72379684448242,144.57168579101562
18283,-37.723960876464844,144.5716552734375
18284,-37.72535705566406,144.57139587402344
18285,-37.72539138793945,144.57139587402344
18286,-37.72542190551758,144.57139587402344
18287,-37.72551345825195,144.5714111328125
18288,-37.725563049316406,144.57142639160156
18289,-37.72541046142578,144.5721893310547
18290,-37.72538757324219,144.57220458984375
18291,-37.7253532409668,144.5722198486328
18292,-37.72531509399414,144.5722198486328
18293,-37.7281494140625,144.5736541748047
18294,-37.72821807861328,144.57379150390625
18295,-37.72825241088867,144.5738525390625
18296,-37.72830581665039,144.57388305664062
18297,-37.72840118408203,144.57394409179688
18298,-37.72548294067383,144.5690460205078
18299,-37.725440979003906,144.5690460205078
18300,-37.724945068359375,144.5645294189453
18301,-37.72504806518555,144.5653839111328
18302,-37.725154876708984,144.5662841796875
18303,-37.72526168823242,144.56716918945312
18304,-37.72480010986328,144.5682373046875
18305,-37.72453689575195,144.56829833984375
18306,-37.72971725463867,144.56874084472656
18307,-37.72980499267578,144.5687713623047
18308,-37.73038864135742,144.56890869140625
18309,-37.72689437866211,144.5702667236328
18310,-37.72734069824219,144.57046508789062
18311,-37.72780227661133,144.5706787109375
18312,-37.7288703918457,144.57095336914062
18313,-37.728912353515625,144.5709686279297
18314,-37.72921371459961,144.5691375732422
18315,-37.729190826416016,144.5692596435547
18316,-37.72905731201172,144.57008361816406
18317,-37.728858947753906,144.5712890625
18318,-37.72886276245117,144.5714874267578
18319,-37.72886276245117,144.57156372070312
18320,-37.727500915527344,144.5732421875
18321,-37.7275390625,144.57315063476562
18322,-37.72758865356445,144.57302856445312
18323,-37.727603912353516,144.572998046875
18324,-37.72761154174805,144.5729522705078
18325,-37.72781753540039,144.57168579101562
18326,-37.72783279418945,144.5716094970703
18327,-37.7290153503418,144.570068359375
18328,-37.7280387878418,144.56980895996094
18329,-37.72800064086914,144.56980895996094
18330,-37.726898193359375,144.5692901611328
18331,-37.729217529296875,144.57159423828125
18332,-37.729156494140625,144.57156372070312
18333,-37.7291145324707,144.57156372070312
18334,-37.728965759277344,144.57156372070312
18335,-37.728885650634766,144.57156372070312
18336,-37.728824615478516,144.5715789794922
18337,-37.7287483215332,144.57162475585938
18338,-37.72849655151367,144.57176208496094
18339,-37.72846603393555,144.57176208496094
18340,-37.728424072265625,144.57176208496094
18341,-37.72720718383789,144.57144165039062
18342,-37.727149963378906,144.57142639160156
18343,-37.72771453857422,144.56761169433594
18344,-37.72779846191406,144.567626953125
18345,-37.72792434692383,144.5676727294922
18346,-37.728546142578125,144.5679473876953
18347,-37.729759216308594,144.56826782226562
18348,-37.729793548583984,144.56826782226562
18349,-37.729942321777344,144.56736755371094
18350,-37.72990417480469,144.56735229492188
18351,-37.72925567626953,144.5671844482422
18352,-37.72875213623047,144.5670623779297
18353,-37.7285270690918,144.56695556640625
18354,-37.72807693481445,144.56674194335938
18355,-37.72795104980469,144.56671142578125
18356,-37.72786331176758,144.5666961669922
18357,-37.725399017333984,144.5662384033203
18358,-37.725830078125,144.56614685058594
18359,-37.72587585449219,144.56614685058594
18360,-37.725921630859375,144.56614685058594
18361,-37.72595977783203,144.56614685058594
18362,-37.72713088989258,144.5664520263672
18363,-37.72699737548828,144.5672607421875
18364,-37.726131439208984,144.56703186035156
18365,-37.72609329223633,144.56703186035156
18366,-37.72603988647461,144.56703186035156
18367,-37.72600555419922,144.56703186035156
18368,-37.72550582885742,144.56712341308594
18369,-37.72730255126953,144.56541442871094
18370,-37.72727584838867,144.56556701660156
18371,-37.72722244262695,144.56591796875
18372,-37.72687530517578,144.56802368164062
18373,-37.726863861083984,144.56805419921875
18374,-37.72682571411133,144.56817626953125
18375,-37.721065521240234,144.57290649414062
18376,-37.721153259277344,144.57260131835938
18377,-37.72112274169922,144.5723876953125
18378,-37.72103500366211,144.57168579101562
18379,-37.720943450927734,144.57095336914062
18380,-37.72085952758789,144.5702362060547
18381,-37.72163772583008,144.56935119628906
18382,-37.721580505371094,144.56910705566406
18383,-37.72123336791992,144.5662384033203
18384,-37.721221923828125,144.56614685058594
18385,-37.726314544677734,144.56996154785156
18386,-37.72631072998047,144.56993103027344
18387,-37.726097106933594,144.56814575195312
18388,-37.726078033447266,144.5679931640625
18389,-37.7264518737793,144.57000732421875
18390,-37.7264289855957,144.57000732421875
18391,-37.72636413574219,144.5700225830078
18392,-37.72333526611328,144.56954956054688
18393,-37.72323226928711,144.5686798095703
18394,-37.72321701049805,144.56854248046875
18395,-37.723880767822266,144.56756591796875
18396,-37.72385025024414,144.5675811767578
18397,-37.72333908081055,144.5676727294922
18398,-37.72282409667969,144.56777954101562
18399,-37.722747802734375,144.5677947998047
18400,-37.721683502197266,144.56614685058594
18401,-37.72175216674805,144.56613159179688
18402,-37.72184753417969,144.5661163330078
18403,-37.72239685058594,144.56600952148438
18404,-37.7224235534668,144.56600952148438
18405,-37.722503662109375,144.56646728515625
18406,-37.722450256347656,144.5664825439453
18407,-37.72196578979492,144.5665740966797
18408,-37.72190475463867,144.56658935546875
18409,-37.72096633911133,144.56922912597656
18410,-37.7203483581543,144.5693359375
18411,-37.7200927734375,144.56939697265625
18412,-37.71980667114258,144.56944274902344
18413,-37.719783782958984,144.56944274902344
18414,-37.721866607666016,144.56626892089844
18415,-37.72224426269531,144.5692596435547
18416,-37.72030258178711,144.56893920898438
18417,-37.72014236450195,144.56979370117188
18418,-37.72330093383789,144.5673370361328
18419,-37.72333526611328,144.56764221191406
18420,-37.7229118347168,144.56918334960938
18421,-37.72283172607422,144.56919860839844
18422,-37.722774505615234,144.5692138671875
18423,-37.722312927246094,144.56930541992188
18424,-37.72225570678711,144.56932067871094
18425,-37.722190856933594,144.5693359375
18426,-37.722164154052734,144.5693359375
18427,-37.721710205078125,144.5694122314453
18428,-37.721649169921875,144.56942749023438
18429,-37.720924377441406,144.5688934326172
18430,-37.725494384765625,144.56912231445312
18431,-37.72560119628906,144.5700225830078
18432,-37.725650787353516,144.5704345703125
18433,-37.72567367553711,144.5706329345703
18434,-37.725669860839844,144.57077026367188
18435,-37.72544860839844,144.57211303710938
18436,-37.72597885131836,144.5652313232422
18437,-37.7259407043457,144.5652313232422
18438,-37.72590255737305,144.56521606445312
18439,-37.725860595703125,144.5652313232422
18440,-37.725807189941406,144.5652313232422
18441,-37.725284576416016,144.56533813476562
18442,-37.72847366333008,144.57183837890625
18443,-37.728477478027344,144.57188415527344
18444,-37.72846984863281,144.57196044921875
18445,-37.72846221923828,144.57203674316406
18446,-37.72822952270508,144.57345581054688
18447,-37.728206634521484,144.5735626220703
18448,-37.728179931640625,144.57362365722656
18449,-37.72812271118164,144.57366943359375
18450,-37.72808837890625,144.57366943359375
18451,-37.728057861328125,144.57366943359375
18452,-37.728023529052734,144.5736541748047
18453,-37.7279167175293,144.57354736328125
18454,-37.72784423828125,144.573486328125
18455,-37.72779083251953,144.5734405517578
18456,-37.72772979736328,144.57339477539062
18457,-37.7276725769043,144.57334899902344
18458,-37.727630615234375,144.5733184814453
18459,-37.726985931396484,144.57286071777344
18460,-37.726966857910156,144.57284545898438
18461,-37.726951599121094,144.57281494140625
18462,-37.72694396972656,144.57275390625
18463,-37.726951599121094,144.57266235351562
18464,-37.72726058959961,144.57073974609375
18465,-37.72732162475586,144.57052612304688
18466,-37.72791290283203,144.5660858154297
18467,-37.727928161621094,144.56610107421875
18468,-37.727943420410156,144.56610107421875
18469,-37.72795486450195,144.5661163330078
18470,-37.72795486450195,144.56614685058594
18471,-37.72761154174805,144.5682373046875
18472,-37.727569580078125,144.56837463378906
18473,-37.727535247802734,144.56849670410156
18474,-37.72995376586914,144.56729125976562
18475,-37.72966766357422,144.5690460205078
18476,-37.73428726196289,144.57342529296875
18477,-37.73434066772461,144.57342529296875
18478,-37.7343864440918,144.5734100341797
18479,-37.73441696166992,144.57337951660156
18480,-37.73443603515625,144.5733184814453
18481,-37.73478317260742,144.57119750976562
18482,-37.73154067993164,144.57586669921875
18483,-37.731449127197266,144.57582092285156
18484,-37.731361389160156,144.57577514648438
18485,-37.73153305053711,144.57546997070312
18486,-37.73150634765625,144.5756072998047
18487,-37.73438262939453,144.57106018066406
18488,-37.73492431640625,144.5712432861328
18489,-37.66734313964844,144.5479278564453
18490,-37.667423248291016,144.54791259765625
18491,-37.66739273071289,144.54739379882812
18492,-37.66730499267578,144.54739379882812
18493,-37.729942321777344,144.61325073242188
18494,-37.730289459228516,144.6132049560547
18495,-37.73039627075195,144.61436462402344
18496,-37.730464935302734,144.61509704589844
18497,-37.730533599853516,144.61581420898438
18498,-37.730552673339844,144.6158447265625
18499,-37.73057556152344,144.61585998535156
18500,-37.73060607910156,144.61587524414062
18501,-37.73067092895508,144.61587524414062
18502,-37.73179626464844,144.6156463623047
18503,-37.73173141479492,144.6149139404297
18504,-37.731666564941406,144.6141815185547
18505,-37.732017517089844,144.6141357421875
18506,-37.7319450378418,144.61334228515625
18507,-37.73158645629883,144.61338806152344
18508,-37.730323791503906,144.6135711669922
18509,-37.73150634765625,144.61253356933594
18510,-37.730831146240234,144.61264038085938
18511,-37.730247497558594,144.61273193359375
18512,-37.72126007080078,144.61033630371094
18513,-37.721275329589844,144.6104736328125
18514,-37.73503875732422,144.60189819335938
18515,-37.735103607177734,144.60186767578125
18516,-37.73550033569336,144.60177612304688
18517,-37.735530853271484,144.6017608642578
18518,-37.73556137084961,144.6017303466797
18519,-37.735572814941406,144.6016845703125
18520,-37.73557662963867,144.60165405273438
18521,-37.73554611206055,144.60134887695312
18522,-37.7295036315918,144.59112548828125
18523,-37.72952651977539,144.59115600585938
18524,-37.72954559326172,144.5911865234375
18525,-37.72964859008789,144.59164428710938
18526,-37.72964859008789,144.5916748046875
18527,-37.729637145996094,144.5917205810547
18528,-37.729610443115234,144.59176635742188
18529,-37.72957992553711,144.59178161621094
18530,-37.7284049987793,144.5921173095703
18531,-37.7291145324707,144.58946228027344
18532,-37.729148864746094,144.58949279785156
18533,-37.72917175292969,144.5895233154297
18534,-37.72918701171875,144.58956909179688
18535,-37.72930145263672,144.5901336669922
18536,-37.729305267333984,144.59017944335938
18537,-37.72929763793945,144.59022521972656
18538,-37.729270935058594,144.5902557373047
18539,-37.72923278808594,144.59027099609375
18540,-37.72748565673828,144.59075927734375
18541,-37.72739791870117,144.59080505371094
18542,-37.72687530517578,144.58901977539062
18543,-37.72683334350586,144.5890350341797
18544,-37.72672653198242,144.5890655517578
18545,-37.72467803955078,144.5947723388672
18546,-37.725223541259766,144.5943603515625
18547,-37.72536849975586,144.59425354003906
18548,-37.72541809082031,144.5941925048828
18549,-37.7255744934082,144.59402465820312
18550,-37.72575759887695,144.59381103515625
18551,-37.72603988647461,144.59349060058594
18552,-37.7261848449707,144.59332275390625
18553,-37.72624969482422,144.59326171875
18554,-37.72635269165039,144.59315490722656
18555,-37.72644805908203,144.59307861328125
18556,-37.72651672363281,144.593017578125
18557,-37.72657775878906,144.5929718017578
18558,-37.72672653198242,144.59288024902344
18559,-37.72678756713867,144.5928497314453
18560,-37.72687530517578,144.59280395507812
18561,-37.72697448730469,144.59275817871094
18562,-37.726985931396484,144.59275817871094
18563,-37.72701644897461,144.59274291992188
18564,-37.72914123535156,144.5894012451172
18565,-37.72914505004883,144.5893096923828
18566,-37.72908401489258,144.58892822265625
18567,-37.72930908203125,144.59742736816406
18568,-37.72913360595703,144.59588623046875
18569,-37.72896957397461,144.5949249267578
18570,-37.72830581665039,144.5950927734375
18571,-37.728370666503906,144.595458984375
18572,-37.728477478027344,144.59619140625
18573,-37.72862243652344,144.59744262695312
18574,-37.7286491394043,144.59750366210938
18575,-37.72868347167969,144.5975341796875
18576,-37.72874450683594,144.59751892089844
18577,-37.729896545410156,144.59732055664062
18578,-37.729942321777344,144.5972900390625
18579,-37.729976654052734,144.59725952148438
18580,-37.727970123291016,144.59793090820312
18581,-37.72794723510742,144.59776306152344
18582,-37.72776412963867,144.59622192382812
18583,-37.72775650024414,144.595947265625
18584,-37.727664947509766,144.59542846679688
18585,-37.7276611328125,144.5952911376953
18586,-37.72791290283203,144.59521484375
18587,-37.72964096069336,144.59474182128906
18588,-37.72779083251953,144.59341430664062
18589,-37.72779846191406,144.59347534179688
18590,-37.72785949707031,144.5938262939453
18591,-37.727943420410156,144.5943145751953
18592,-37.72949981689453,144.59388732910156
18593,-37.72785186767578,144.59434509277344
18594,-37.727821350097656,144.5943603515625
18595,-37.72779846191406,144.59439086914062
18596,-37.727787017822266,144.59442138671875
18597,-37.727783203125,144.594482421875
18598,-37.72937774658203,144.59329223632812
18599,-37.7298698425293,144.59310913085938
18600,-37.729915618896484,144.59310913085938
18601,-37.72995376586914,144.59310913085938
18602,-37.72998046875,144.5931396484375
18603,-37.73008728027344,144.59359741210938
18604,-37.730125427246094,144.5937957763672
18605,-37.73017120361328,144.59405517578125
18606,-37.73038101196289,144.59536743164062
18607,-37.73044967651367,144.5958251953125
18608,-37.730560302734375,144.59681701660156
18609,-37.73055648803711,144.59701538085938
18610,-37.73054122924805,144.59710693359375
18611,-37.73051834106445,144.59718322753906
18612,-37.730472564697266,144.5972137451172
18613,-37.73037338256836,144.5972442626953
18614,-37.7301139831543,144.59727478027344
18615,-37.73003387451172,144.59727478027344
18616,-37.72922134399414,144.5928955078125
18617,-37.729286193847656,144.59295654296875
18618,-37.72931671142578,144.593017578125
18619,-37.729331970214844,144.5930633544922
18620,-37.729347229003906,144.59310913085938
18621,-37.729766845703125,144.5955047607422
18622,-37.72997283935547,144.5971221923828
18623,-37.729976654052734,144.59719848632812
18624,-37.727378845214844,144.5927734375
18625,-37.72745132446289,144.59263610839844
18626,-37.72749328613281,144.5926055908203
18627,-37.727577209472656,144.59255981445312
18628,-37.72843933105469,144.59231567382812
18629,-37.7282829284668,144.5914306640625
18630,-37.72859191894531,144.5931854248047
18631,-37.72697448730469,144.59188842773438
18632,-37.72706985473633,144.59185791015625
18633,-37.727561950683594,144.5917205810547
18634,-37.72760772705078,144.59170532226562
18635,-37.727725982666016,144.59164428710938
18636,-37.72784423828125,144.59156799316406
18637,-37.72788619995117,144.591552734375
18638,-37.72793960571289,144.59152221679688
18639,-37.72798538208008,144.5915069580078
18640,-37.72805404663086,144.59149169921875
18641,-37.729427337646484,144.5911102294922
18642,-37.729469299316406,144.59109497070312
18643,-37.728206634521484,144.5890655517578
18644,-37.728275299072266,144.58963012695312
18645,-37.727203369140625,144.58985900878906
18646,-37.7272834777832,144.59031677246094
18647,-37.727577209472656,144.59158325195312
18648,-37.72713851928711,144.59271240234375
18649,-37.727134704589844,144.59263610839844
18650,-37.72712707519531,144.59255981445312
18651,-37.72658157348633,144.59019470214844
18652,-37.72658157348633,144.5901641845703
18653,-37.72658920288086,144.59010314941406
18654,-37.72661590576172,144.59007263183594
18655,-37.72664260864258,144.59005737304688
18656,-37.72669219970703,144.5900421142578
18657,-37.7270393371582,144.5899200439453
18658,-37.727134704589844,144.58987426757812
18659,-37.72730255126953,144.58982849121094
18660,-37.7274284362793,144.5897979736328
18661,-37.72907638549805,144.58946228027344
18662,-37.72648620605469,144.58914184570312
18663,-37.726165771484375,144.5897216796875
18664,-37.72625732421875,144.5901336669922
18665,-37.726261138916016,144.5902557373047
18666,-37.7265510559082,144.59310913085938
18667,-37.726566314697266,144.59315490722656
18668,-37.727413177490234,144.5946807861328
18669,-37.727420806884766,144.5947265625
18670,-37.727420806884766,144.5947723388672
18671,-37.72740936279297,144.5948028564453
18672,-37.72739028930664,144.59483337402344
18673,-37.72730255126953,144.59490966796875
18674,-37.727054595947266,144.5951385498047
18675,-37.727027893066406,144.5951385498047
18676,-37.72700119018555,144.59515380859375
18677,-37.726959228515625,144.5951385498047
18678,-37.72693634033203,144.59510803222656
18679,-37.726078033447266,144.59356689453125
18680,-37.72616195678711,144.5950927734375
18681,-37.72561264038086,144.59408569335938
18682,-37.72666549682617,144.59190368652344
18683,-37.726566314697266,144.59194946289062
18684,-37.72645950317383,144.59201049804688
18685,-37.726348876953125,144.59207153320312
18686,-37.72624588012695,144.59213256835938
18687,-37.72614669799805,144.5922088623047
18688,-37.726036071777344,144.59228515625
18689,-37.72592544555664,144.59239196777344
18690,-37.725830078125,144.5924835205078
18691,-37.72573471069336,144.59259033203125
18692,-37.72562789916992,144.59271240234375
18693,-37.725399017333984,144.5929718017578
18694,-37.72532272338867,144.59303283691406
18695,-37.72454833984375,144.59165954589844
18696,-37.7246208190918,144.59176635742188
18697,-37.724952697753906,144.5923614501953
18698,-37.72647476196289,144.591064453125
18699,-37.72637176513672,144.5911102294922
18700,-37.72621536254883,144.5911865234375
18701,-37.72612762451172,144.5912322998047
18702,-37.7259521484375,144.59132385253906
18703,-37.72582244873047,144.59140014648438
18704,-37.72572708129883,144.5914764404297
18705,-37.72564697265625,144.59153747558594
18706,-37.72557067871094,144.59161376953125
18707,-37.72550964355469,144.5916748046875
18708,-37.72543716430664,144.59176635742188
18709,-37.72538757324219,144.59182739257812
18710,-37.72502517700195,144.59230041503906
18711,-37.72450256347656,144.59034729003906
18712,-37.724586486816406,144.59046936035156
18713,-37.72502136230469,144.59104919433594
18714,-37.72410583496094,144.59219360351562
18715,-37.72419738769531,144.59210205078125
18716,-37.724945068359375,144.59112548828125
18717,-37.725093841552734,144.59095764160156
18718,-37.725181579589844,144.59088134765625
18719,-37.72526550292969,144.59080505371094
18720,-37.725337982177734,144.5907440185547
18721,-37.72544479370117,144.59066772460938
18722,-37.72555160522461,144.59060668945312
18723,-37.72577667236328,144.59046936035156
18724,-37.725914001464844,144.59039306640625
18725,-37.726036071777344,144.59033203125
18726,-37.726158142089844,144.59027099609375
18727,-37.7261848449707,144.59027099609375
18728,-37.726234436035156,144.5902557373047
18729,-37.726287841796875,144.5902862548828
18730,-37.7263069152832,144.59034729003906
18731,-37.72358322143555,144.59153747558594
18732,-37.72366714477539,144.5916290283203
18733,-37.72402572631836,144.59207153320312
18734,-37.724056243896484,144.5921173095703
18735,-37.724090576171875,144.59217834472656
18736,-37.72464370727539,144.59317016601562
18737,-37.72472381591797,144.59332275390625
18738,-37.728973388671875,144.5930633544922
18739,-37.729087829589844,144.593017578125
18740,-37.72916793823242,144.59295654296875
18741,-37.729278564453125,144.5928192138672
18742,-37.729331970214844,144.5927734375
18743,-37.72943115234375,144.5927276611328
18744,-37.72957229614258,144.5926971435547
18745,-37.729671478271484,144.59268188476562
18746,-37.72982406616211,144.5926513671875
18747,-37.730079650878906,144.59255981445312
18748,-37.722999572753906,144.5918426513672
18749,-37.723026275634766,144.59193420410156
18750,-37.72341537475586,144.5917510986328
18751,-37.7232666015625,144.59185791015625
18752,-37.72332000732422,144.59228515625
18753,-37.72330093383789,144.5922088623047
18754,-37.72291946411133,144.59228515625
18755,-37.72300338745117,144.5922393798828
18756,-37.72307205200195,144.59222412109375
18757,-37.72310256958008,144.5918426513672
18758,-37.723026275634766,144.59176635742188
18759,-37.72299575805664,144.59213256835938
18760,-37.72294998168945,144.59219360351562
18761,-37.72333526611328,144.59194946289062
18762,-37.723358154296875,144.59188842773438
18763,-37.726192474365234,144.5892333984375
18764,-37.726139068603516,144.58926391601562
18765,-37.725887298583984,144.58938598632812
18766,-37.7258415222168,144.5894012451172
18767,-37.72365951538086,144.587646484375
18768,-37.72370910644531,144.58761596679688
18769,-37.7237434387207,144.5876007080078
18770,-37.723907470703125,144.5874786376953
18771,-37.72420883178711,144.58726501464844
18772,-37.72452926635742,144.5871124267578
18773,-37.7248420715332,144.5869140625
18774,-37.72501754760742,144.58677673339844
18775,-37.72557830810547,144.586181640625
18776,-37.72579574584961,144.5859375
18777,-37.72404479980469,144.58843994140625
18778,-37.724178314208984,144.58872985839844
18779,-37.72382354736328,144.58807373046875
18780,-37.72584915161133,144.58729553222656
18781,-37.725860595703125,144.58755493164062
18782,-37.725860595703125,144.5880126953125
18783,-37.72587203979492,144.58819580078125
18784,-37.72587966918945,144.5883026123047
18785,-37.71937561035156,144.59561157226562
18786,-37.71943283081055,144.5960693359375
18787,-37.71953582763672,144.59634399414062
18788,-37.71840286254883,144.59219360351562
18789,-37.718345642089844,144.59219360351562
18790,-37.71815490722656,144.592041015625
18791,-37.71809387207031,144.5919647216797
18792,-37.718040466308594,144.5924072265625
18793,-37.718082427978516,144.5924072265625
18794,-37.71830368041992,144.592529296875
18795,-37.718292236328125,144.5924530029297
18796,-37.7183723449707,144.59226989746094
18797,-37.718387603759766,144.5922393798828
18798,-37.718109130859375,144.59205627441406
18799,-37.71811294555664,144.59213256835938
18800,-37.71805191040039,144.59230041503906
18801,-37.71802520751953,144.5923309326172
18802,-37.719234466552734,144.59429931640625
18803,-37.71925735473633,144.59439086914062
18804,-37.719268798828125,144.59446716308594
18805,-37.71951675415039,144.5949249267578
18806,-37.71949768066406,144.5948486328125
18807,-37.71949005126953,144.5947723388672
18808,-37.719398498535156,144.59481811523438
18809,-37.719444274902344,144.59487915039062
18810,-37.71947479248047,144.5949249267578
18811,-37.71934127807617,144.5944061279297
18812,-37.71928787231445,144.59434509277344
18813,-37.71798324584961,144.5899200439453
18814,-37.71792984008789,144.5899200439453
18815,-37.717716217041016,144.58973693847656
18816,-37.71771240234375,144.58978271484375
18817,-37.71757888793945,144.5900421142578
18818,-37.71763610839844,144.5900421142578
18819,-37.71782684326172,144.59024047851562
18820,-37.7178955078125,144.59112548828125
18821,-37.7180061340332,144.59165954589844
18822,-37.7177848815918,144.5897674560547
18823,-37.71775817871094,144.58969116210938
18824,-37.717002868652344,144.59011840820312
18825,-37.7144889831543,144.5946502685547
18826,-37.71458435058594,144.59548950195312
18827,-37.71459197998047,144.59555053710938
18828,-37.71460723876953,144.59559631347656
18829,-37.71461868286133,144.59564208984375
18830,-37.7147102355957,144.5958251953125
18831,-37.714759826660156,144.59593200683594
18832,-37.71347427368164,144.5950164794922
18833,-37.71345520019531,144.5948486328125
18834,-37.71335220336914,144.5939483642578
18835,-37.71318817138672,144.59397888183594
18836,-37.71554183959961,144.5935516357422
18837,-37.71554946899414,144.5935516357422
18838,-37.715579986572266,144.5935516357422
18839,-37.715599060058594,144.59356689453125
18840,-37.715614318847656,144.5935821533203
18841,-37.71562576293945,144.5936279296875
18842,-37.7157096862793,144.59434509277344
18843,-37.71570587158203,144.59437561035156
18844,-37.7156982421875,144.5944061279297
18845,-37.71568298339844,144.59442138671875
18846,-37.71564865112305,144.59445190429688
18847,-37.71323776245117,144.59889221191406
18848,-37.71320724487305,144.59886169433594
18849,-37.713104248046875,144.5988311767578
18850,-37.7131233215332,144.59901428222656
18851,-37.71321487426758,144.5989532470703
18852,-37.71564865112305,144.59814453125
18853,-37.71556091308594,144.59817504882812
18854,-37.71549987792969,144.5981903076172
18855,-37.715415954589844,144.59823608398438
18856,-37.71535110473633,144.59828186035156
18857,-37.71518325805664,144.5984649658203
18858,-37.715126037597656,144.5985107421875
18859,-37.71508026123047,144.59854125976562
18860,-37.71500778198242,144.59857177734375
18861,-37.714454650878906,144.5986785888672
18862,-37.7143669128418,144.59869384765625
18863,-37.713523864746094,144.5988311767578
18864,-37.71310043334961,144.59925842285156
18865,-37.713096618652344,144.59921264648438
18866,-37.71309280395508,144.59918212890625
18867,-37.71308898925781,144.59912109375
18868,-37.71310043334961,144.5990447998047
18869,-37.712982177734375,144.59906005859375
18870,-37.71300506591797,144.59912109375
18871,-37.713016510009766,144.5991973876953
18872,-37.71302032470703,144.59922790527344
18873,-37.7130241394043,144.59925842285156
18874,-37.713043212890625,144.5990753173828
18875,-37.71307373046875,144.5990753173828
18876,-37.713138580322266,144.59898376464844
18877,-37.71314239501953,144.59893798828125
18878,-37.713138580322266,144.59890747070312
18879,-37.7131233215332,144.59886169433594
18880,-37.71307373046875,144.59881591796875
18881,-37.713043212890625,144.5988006591797
18882,-37.7130126953125,144.5988006591797
18883,-37.712982177734375,144.59881591796875
18884,-37.71295928955078,144.5988311767578
18885,-37.71294021606445,144.59886169433594
18886,-37.712928771972656,144.59890747070312
18887,-37.712928771972656,144.59896850585938
18888,-37.71294021606445,144.59901428222656
18889,-37.71295928955078,144.5990447998047
18890,-37.713008880615234,144.5990753173828
18891,-37.708213806152344,144.58192443847656
18892,-37.708221435546875,144.5819549560547
18893,-37.708229064941406,144.58197021484375
18894,-37.70824432373047,144.58212280273438
18895,-37.709266662597656,144.58917236328125
18896,-37.70940017700195,144.5891571044922
18897,-37.7093620300293,144.590087890625
18898,-37.709590911865234,144.5900421142578
18899,-37.71133041381836,144.58697509765625
18900,-37.71129608154297,144.5869598388672
18901,-37.71117401123047,144.58697509765625
18902,-37.71148681640625,144.587890625
18903,-37.71147155761719,144.5879364013672
18904,-37.71150588989258,144.58816528320312
18905,-37.71236038208008,144.59019470214844
18906,-37.712318420410156,144.59014892578125
18907,-37.7121696472168,144.5898895263672
18908,-37.712162017822266,144.5899658203125
18909,-37.71201705932617,144.5901641845703
18910,-37.71205520629883,144.59017944335938
18911,-37.71223449707031,144.59034729003906
18912,-37.71223449707031,144.59030151367188
18913,-37.71205520629883,144.59010314941406
18914,-37.71202087402344,144.59010314941406
18915,-37.71223068237305,144.5899658203125
18916,-37.712215423583984,144.58990478515625
18917,-37.712257385253906,144.59056091308594
18918,-37.712276458740234,144.59066772460938
18919,-37.71229934692383,144.59024047851562
18920,-37.71234893798828,144.59024047851562
18921,-37.71365737915039,144.59043884277344
18922,-37.713661193847656,144.59051513671875
18923,-37.71388244628906,144.5906524658203
18924,-37.713829040527344,144.59063720703125
18925,-37.713741302490234,144.59091186523438
18926,-37.7137451171875,144.59085083007812
18927,-37.71351623535156,144.59071350097656
18928,-37.71356964111328,144.59072875976562
18929,-37.71357345581055,144.59072875976562
18930,-37.71417236328125,144.5906219482422
18931,-37.713714599609375,144.59051513671875
18932,-37.71369934082031,144.59046936035156
18933,-37.713565826416016,144.5906524658203
18934,-37.71352005004883,144.5906524658203
18935,-37.70966720581055,144.58544921875
18936,-37.70964050292969,144.58544921875
18937,-37.709476470947266,144.58534240722656
18938,-37.70942306518555,144.58526611328125
18939,-37.709529876708984,144.5857391357422
18940,-37.70953369140625,144.585693359375
18941,-37.70932388305664,144.58558654785156
18942,-37.709354400634766,144.58558654785156
18943,-37.70939254760742,144.5852813720703
18944,-37.709407806396484,144.58535766601562
18945,-37.709407806396484,144.5853729248047
18946,-37.70947265625,144.58570861816406
18947,-37.709495544433594,144.58578491210938
18948,-37.70964813232422,144.5855255126953
18949,-37.70968246459961,144.58551025390625
18950,-37.70935821533203,144.5854949951172
18951,-37.70934295654297,144.5854949951172
18952,-37.70930862426758,144.5855255126953
18953,-37.712425231933594,144.5859375
18954,-37.712371826171875,144.58592224121094
18955,-37.71222686767578,144.58572387695312
18956,-37.71221923828125,144.58575439453125
18957,-37.71205139160156,144.58590698242188
18958,-37.71208953857422,144.58592224121094
18959,-37.71223068237305,144.586181640625
18960,-37.71224594116211,144.58612060546875
18961,-37.71210479736328,144.58584594726562
18962,-37.71206283569336,144.58584594726562
18963,-37.712276458740234,144.5857696533203
18964,-37.7122688293457,144.58570861816406
18965,-37.71218490600586,144.5861053466797
18966,-37.712196350097656,144.586181640625
18967,-37.71236038208008,144.58599853515625
18968,-37.71242141723633,144.58599853515625
18969,-37.71480178833008,144.5849609375
18970,-37.71479415893555,144.58502197265625
18971,-37.71479415893555,144.58506774902344
18972,-37.714786529541016,144.5851287841797
18973,-37.714599609375,144.5853271484375
18974,-37.71466064453125,144.5853271484375
18975,-37.71467208862305,144.5853271484375
18976,-37.714752197265625,144.58534240722656
18977,-37.71488952636719,144.585693359375
18978,-37.71490478515625,144.5855255126953
18979,-37.71490478515625,144.58551025390625
18980,-37.71474075317383,144.58518981933594
18981,-37.71466064453125,144.58523559570312
18982,-37.71464157104492,144.5852508544922
18983,-37.71458435058594,144.5852813720703
18984,-37.71478271484375,144.58538818359375
18985,-37.71482849121094,144.5855255126953
18986,-37.7148551940918,144.58560180664062
18987,-37.714900970458984,144.58506774902344
18988,-37.71487808227539,144.5850067138672
18989,-37.71485900878906,144.5849609375
18990,-37.7112922668457,144.58892822265625
18991,-37.711368560791016,144.58958435058594
18992,-37.711368560791016,144.58963012695312
18993,-37.711368560791016,144.58966064453125
18994,-37.711360931396484,144.58970642089844
18995,-37.719173431396484,144.6267852783203
18996,-37.71921920776367,144.62664794921875
18997,-37.71925354003906,144.6265411376953
18998,-37.71956253051758,144.62632751464844
18999,-37.71931076049805,144.62551879882812
19000,-37.71906661987305,144.6247100830078
19001,-37.719017028808594,144.6245574951172
19002,-37.71867752075195,144.62351989746094
19003,-37.718650817871094,144.62344360351562
19004,-37.718448638916016,144.62281799316406
19005,-37.718238830566406,144.62217712402344
19006,-37.71820831298828,144.62210083007812
19007,-37.71797180175781,144.62136840820312
19008,-37.717926025390625,144.62123107910156
19009,-37.71771240234375,144.62057495117188
19010,-37.71733474731445,144.61941528320312
19011,-37.71730041503906,144.61932373046875
19012,-37.71728515625,144.61929321289062
19013,-37.717254638671875,144.61924743652344
19014,-37.71722412109375,144.61924743652344
19015,-37.717185974121094,144.61923217773438
19016,-37.716739654541016,144.61932373046875
19017,-37.71671676635742,144.61932373046875
19018,-37.71619415283203,144.61949157714844
19019,-37.71615219116211,144.61949157714844
19020,-37.71611404418945,144.6195068359375
19021,-37.71608352661133,144.61953735351562
19022,-37.716068267822266,144.6195831298828
19023,-37.716068267822266,144.61964416503906
19024,-37.71632766723633,144.62115478515625
19025,-37.71634292602539,144.62120056152344
19026,-37.71636962890625,144.62123107910156
19027,-37.71640396118164,144.62124633789062
19028,-37.7164421081543,144.62123107910156
19029,-37.71675109863281,144.62107849121094
19030,-37.71699905395508,144.62094116210938
19031,-37.71757888793945,144.62408447265625
19032,-37.71751022338867,144.6240997314453
19033,-37.71742248535156,144.62413024902344
19034,-37.71726608276367,144.62400817871094
19035,-37.71728515625,144.6240997314453
19036,-37.71730422973633,144.6241912841797
19037,-37.71720886230469,144.62435913085938
19038,-37.7172737121582,144.6243438720703
19039,-37.71733856201172,144.6243133544922
19040,-37.717491149902344,144.62445068359375
19041,-37.717472076416016,144.6243438720703
19042,-37.71745681762695,144.62425231933594
19043,-37.71746063232422,144.62423706054688
19044,-37.717529296875,144.62416076660156
19045,-37.71730041503906,144.62420654296875
19046,-37.717254638671875,144.624267578125
19047,-37.7173957824707,144.62413024902344
19048,-37.71733093261719,144.6240692138672
19049,-37.718055725097656,144.62384033203125
19050,-37.717376708984375,144.62432861328125
19051,-37.717445373535156,144.6243896484375
19052,-37.72106170654297,144.62548828125
19053,-37.719276428222656,144.62332153320312
19054,-37.719364166259766,144.623291015625
19055,-37.71979904174805,144.6232147216797
19056,-37.72013854980469,144.62315368652344
19057,-37.719661712646484,144.62191772460938
19058,-37.719276428222656,144.62197875976562
19059,-37.71922302246094,144.6219940185547
19060,-37.71915054321289,144.62203979492188
19061,-37.71889114379883,144.62216186523438
19062,-37.72074890136719,144.62261962890625
19063,-37.71921157836914,144.6188201904297
19064,-37.719200134277344,144.6187744140625
19065,-37.719173431396484,144.61874389648438
19066,-37.719139099121094,144.6187286376953
19067,-37.71910858154297,144.6187286376953
19068,-37.718936920166016,144.61880493164062
19069,-37.71836471557617,144.61898803710938
19070,-37.71807098388672,144.61903381347656
19071,-37.71798324584961,144.61904907226562
19072,-37.717952728271484,144.6190643310547
19073,-37.717926025390625,144.6190948486328
19074,-37.71791458129883,144.619140625
19075,-37.717918395996094,144.6191864013672
19076,-37.71885299682617,144.62203979492188
19077,-37.71570587158203,144.625244140625
19078,-37.71585464477539,144.62571716308594
19079,-37.71599578857422,144.6261749267578
19080,-37.71707534790039,144.62564086914062
19081,-37.715721130371094,144.62632751464844
19082,-37.7169303894043,144.62518310546875
19083,-37.71542739868164,144.62539672851562
19084,-37.71668243408203,144.624755859375
19085,-37.71677780151367,144.62469482421875
19086,-37.71685028076172,144.62464904785156
19087,-37.717037200927734,144.62449645996094
19088,-37.71736526489258,144.62413024902344
19089,-37.71733856201172,144.62413024902344
19090,-37.71731948852539,144.62416076660156
19091,-37.71730041503906,144.6242218017578
19092,-37.71730422973633,144.62425231933594
19093,-37.71731948852539,144.62428283691406
19094,-37.71736526489258,144.62432861328125
19095,-37.7173957824707,144.62432861328125
19096,-37.7174186706543,144.6243133544922
19097,-37.71744155883789,144.62428283691406
19098,-37.71746063232422,144.6242218017578
19099,-37.71745681762695,144.6241912841797
19100,-37.71744155883789,144.62416076660156
19101,-37.711368560791016,144.62155151367188
19102,-37.716312408447266,144.62905883789062
19103,-37.7160758972168,144.62808227539062
19104,-37.71828079223633,144.62826538085938
19105,-37.718135833740234,144.62770080566406
19106,-37.71803283691406,144.62728881835938
19107,-37.717594146728516,144.6285400390625
19108,-37.71734619140625,144.6275634765625
19109,-37.716941833496094,144.62879943847656
19110,-37.71669387817383,144.62782287597656
19111,-37.71575164794922,144.62928771972656
19112,-37.715511322021484,144.62831115722656
19113,-37.71894836425781,144.62570190429688
19114,-37.7180290222168,144.62615966796875
19115,-37.71770095825195,144.62632751464844
19116,-37.717342376708984,144.62649536132812
19117,-37.71598815917969,144.62718200683594
19118,-37.7177734375,144.62535095214844
19119,-37.717918395996094,144.6258087158203
19120,-37.717010498046875,144.6218719482422
19121,-37.7169075012207,144.62191772460938
19122,-37.71687698364258,144.6219482421875
19123,-37.716827392578125,144.6219940185547
19124,-37.716800689697266,144.62203979492188
19125,-37.716773986816406,144.62210083007812
19126,-37.71669006347656,144.6225128173828
19127,-37.71668243408203,144.6226043701172
19128,-37.7166862487793,144.62277221679688
19129,-37.71670913696289,144.6228790283203
19130,-37.71672439575195,144.6229248046875
19131,-37.71675491333008,144.62301635742188
19132,-37.717041015625,144.6235809326172
19133,-37.71842575073242,144.62501525878906
19134,-37.716976165771484,144.62083435058594
19135,-37.7171516418457,144.6234893798828
19136,-37.71723175048828,144.62615966796875
19137,-37.71433639526367,144.6232147216797
19138,-37.7150764465332,144.6226043701172
19139,-37.715110778808594,144.62258911132812
19140,-37.71514892578125,144.62255859375
19141,-37.7151985168457,144.62254333496094
19142,-37.715232849121094,144.62254333496094
19143,-37.71527862548828,144.62252807617188
19144,-37.715328216552734,144.62252807617188
19145,-37.71538162231445,144.62254333496094
19146,-37.71561813354492,144.6226043701172
19147,-37.714088439941406,144.6209716796875
19148,-37.71429443359375,144.6208038330078
19149,-37.714317321777344,144.62078857421875
19150,-37.71434783935547,144.62078857421875
19151,-37.714378356933594,144.6207733154297
19152,-37.715606689453125,144.6205596923828
19153,-37.715694427490234,144.6205291748047
19154,-37.71455764770508,144.6219024658203
19155,-37.714141845703125,144.62107849121094
19156,-37.71403884887695,144.62086486816406
19157,-37.714012145996094,144.62078857421875
19158,-37.7139892578125,144.62069702148438
19159,-37.71391296386719,144.62001037597656
19160,-37.71391296386719,144.61996459960938
19161,-37.71392822265625,144.6199188232422
19162,-37.713958740234375,144.61988830566406
19163,-37.71399688720703,144.619873046875
19164,-37.7154426574707,144.61961364746094
19165,-37.715484619140625,144.61961364746094
19166,-37.71552276611328,144.61962890625
19167,-37.715545654296875,144.6196746826172
19168,-37.71555709838867,144.61972045898438
19169,-37.71576690673828,144.62095642089844
19170,-37.71577835083008,144.62103271484375
19171,-37.715782165527344,144.62110900878906
19172,-37.715789794921875,144.62120056152344
19173,-37.71578598022461,144.62130737304688
19174,-37.715782165527344,144.62139892578125
19175,-37.71577453613281,144.62149047851562
19176,-37.71576690673828,144.6215362548828
19177,-37.71575164794922,144.6216583251953
19178,-37.715721130371094,144.6218719482422
19179,-37.713924407958984,144.62240600585938
19180,-37.714637756347656,144.621826171875
19181,-37.71467971801758,144.62179565429688
19182,-37.71472930908203,144.62176513671875
19183,-37.71480178833008,144.62171936035156
19184,-37.71486282348633,144.62168884277344
19185,-37.714935302734375,144.6216583251953
19186,-37.714996337890625,144.6216278076172
19187,-37.71506118774414,144.62161254882812
19188,-37.715145111083984,144.62159729003906
19189,-37.7152099609375,144.62158203125
19190,-37.715274810791016,144.62158203125
19191,-37.71535873413086,144.62158203125
19192,-37.715423583984375,144.62159729003906
19193,-37.715492248535156,144.62159729003906
19194,-37.71272659301758,144.62144470214844
19195,-37.71221160888672,144.6218719482422
19196,-37.711734771728516,144.62225341796875
19197,-37.71145248413086,144.6203155517578
19198,-37.711463928222656,144.6204071044922
19199,-37.711490631103516,144.62046813964844
19200,-37.711936950683594,144.621337890625
19201,-37.712440490722656,144.6208953857422
19202,-37.71213150024414,144.6202850341797
19203,-37.71210861206055,144.62025451660156
19204,-37.71207809448242,144.6202392578125
19205,-37.71205139160156,144.62022399902344
19206,-37.71201705932617,144.62022399902344
19207,-37.71092224121094,144.62042236328125
19208,-37.71089553833008,144.6204376220703
19209,-37.71086883544922,144.62046813964844
19210,-37.71085739135742,144.6205291748047
19211,-37.71086883544922,144.62057495117188
19212,-37.711463928222656,144.62171936035156
19213,-37.710140228271484,144.62448120117188
19214,-37.710174560546875,144.6244354248047
19215,-37.710235595703125,144.62432861328125
19216,-37.710269927978516,144.62428283691406
19217,-37.71030807495117,144.62425231933594
19218,-37.71141052246094,144.62335205078125
19219,-37.71156692504883,144.6232452392578
19220,-37.711605072021484,144.6232147216797
19221,-37.711769104003906,144.62307739257812
19222,-37.71187210083008,144.6230010986328
19223,-37.71195602416992,144.62295532226562
19224,-37.7120475769043,144.6229248046875
19225,-37.71210479736328,144.62290954589844
19226,-37.712215423583984,144.62286376953125
19227,-37.71234130859375,144.62277221679688
19228,-37.71308898925781,144.6221466064453
19229,-37.71315002441406,144.62210083007812
19230,-37.71319580078125,144.62205505371094
19231,-37.716251373291016,144.6280059814453
19232,-37.71621322631836,144.6278839111328
19233,-37.715877532958984,144.6268310546875
19234,-37.71489715576172,144.6285858154297
19235,-37.71514892578125,144.62844848632812
19236,-37.71526336669922,144.62840270996094
19237,-37.717952728271484,144.6273193359375
19238,-37.718284606933594,144.62718200683594
19239,-37.71860885620117,144.6270294189453
19240,-37.7191047668457,144.62680053710938
19241,-37.719276428222656,144.62689208984375
19242,-37.719356536865234,144.62713623046875
19243,-37.71956253051758,144.62774658203125
19244,-37.72216796875,144.6403350830078
19245,-37.723270416259766,144.64012145996094
19246,-37.72332763671875,144.64010620117188
19247,-37.7233772277832,144.6400909423828
19248,-37.72362518310547,144.63999938964844
19249,-37.72207260131836,144.6395721435547
19250,-37.72304153442383,144.63937377929688
19251,-37.72307586669922,144.63937377929688
19252,-37.72311019897461,144.6393585205078
19253,-37.723350524902344,144.6392364501953
19254,-37.721988677978516,144.6387939453125
19255,-37.72272872924805,144.63864135742188
19256,-37.7227668762207,144.63864135742188
19257,-37.722808837890625,144.63861083984375
19258,-37.723087310791016,144.6384735107422
19259,-37.72190475463867,144.6380157470703
19260,-37.722564697265625,144.63787841796875
19261,-37.72259521484375,144.63787841796875
19262,-37.722633361816406,144.6378631591797
19263,-37.72266387939453,144.63784790039062
19264,-37.72285079956055,144.63775634765625
19265,-37.72374725341797,144.6405029296875
19266,-37.723655700683594,144.64012145996094
19267,-37.72359085083008,144.63987731933594
19268,-37.72344207763672,144.6394805908203
19269,-37.72329330444336,144.6390838623047
19270,-37.72319412231445,144.6387939453125
19271,-37.72261047363281,144.63702392578125
19272,-37.72241973876953,144.6364288330078
19273,-37.722381591796875,144.63632202148438
19274,-37.72153854370117,144.63729858398438
19275,-37.72239303588867,144.6371307373047
19276,-37.7224235534668,144.63711547851562
19277,-37.72246170043945,144.63710021972656
19278,-37.722496032714844,144.6370849609375
19279,-37.72159194946289,144.63771057128906
19280,-37.7214469909668,144.63653564453125
19281,-37.72145080566406,144.63641357421875
19282,-37.7210807800293,144.6363983154297
19283,-37.72134780883789,144.63641357421875
19284,-37.7215576171875,144.63641357421875
19285,-37.721622467041016,144.63641357421875
19286,-37.722049713134766,144.6363983154297
19287,-37.72229766845703,144.6363525390625
19288,-37.71754837036133,144.6337432861328
19289,-37.71746063232422,144.63375854492188
19290,-37.71730041503906,144.6337432861328
19291,-37.717323303222656,144.63381958007812
19292,-37.71728515625,144.63397216796875
19293,-37.717315673828125,144.6339569091797
19294,-37.71735763549805,144.63394165039062
19295,-37.717506408691406,144.6341094970703
19296,-37.71750259399414,144.634033203125
19297,-37.71748733520508,144.63392639160156
19298,-37.71750259399414,144.63388061523438
19299,-37.71757507324219,144.63380432128906
19300,-37.71739959716797,144.6337432861328
19301,-37.71731948852539,144.63368225097656
19302,-37.71731948852539,144.63385009765625
19303,-37.717281341552734,144.63392639160156
19304,-37.71726989746094,144.63394165039062
19305,-37.717411041259766,144.63397216796875
19306,-37.71744918823242,144.63401794433594
19307,-37.718544006347656,144.63619995117188
19308,-37.718528747558594,144.63607788085938
19309,-37.718475341796875,144.63592529296875
19310,-37.718360900878906,144.6357421875
19311,-37.717323303222656,144.63388061523438
19312,-37.71733474731445,144.63392639160156
19313,-37.71738052368164,144.6339569091797
19314,-37.717437744140625,144.63397216796875
19315,-37.717464447021484,144.6339569091797
19316,-37.71750259399414,144.63389587402344
19317,-37.717506408691406,144.63385009765625
19318,-37.71750259399414,144.63381958007812
19319,-37.717491149902344,144.6337890625
19320,-37.71746826171875,144.63375854492188
19321,-37.717445373535156,144.6337432861328
19322,-37.71741485595703,144.63372802734375
19323,-37.71738815307617,144.6337432861328
19324,-37.71736145019531,144.63375854492188
19325,-37.71733856201172,144.63377380371094
19326,-37.72090148925781,144.63162231445312
19327,-37.72093200683594,144.6316375732422
19328,-37.72096633911133,144.6316375732422
19329,-37.72099685668945,144.63162231445312
19330,-37.72121810913086,144.6315155029297
19331,-37.721248626708984,144.63150024414062
19332,-37.72127914428711,144.6315155029297
19333,-37.72129821777344,144.63153076171875
19334,-37.7213134765625,144.63156127929688
19335,-37.721405029296875,144.6318359375
19336,-37.72157287597656,144.63235473632812
19337,-37.7220344543457,144.63375854492188
19338,-37.722442626953125,144.635009765625
19339,-37.722476959228516,144.63510131835938
19340,-37.722476959228516,144.63514709472656
19341,-37.72247314453125,144.6351776123047
19342,-37.72245788574219,144.63519287109375
19343,-37.7224235534668,144.63522338867188
19344,-37.721805572509766,144.63534545898438
19345,-37.7210807800293,144.63555908203125
19346,-37.721046447753906,144.6355743408203
19347,-37.72100830078125,144.63555908203125
19348,-37.72098159790039,144.6355438232422
19349,-37.72095489501953,144.63548278808594
19350,-37.72138595581055,144.63478088378906
19351,-37.72135925292969,144.63473510742188
19352,-37.72132110595703,144.6346435546875
19353,-37.71815872192383,144.63088989257812
19354,-37.71821975708008,144.63125610351562
19355,-37.718231201171875,144.63134765625
19356,-37.718326568603516,144.6319580078125
19357,-37.718345642089844,144.63206481933594
19358,-37.71836471557617,144.63218688964844
19359,-37.71841049194336,144.63233947753906
19360,-37.71847915649414,144.63250732421875
19361,-37.7081413269043,144.620361328125
19362,-37.708282470703125,144.6204071044922
19363,-37.70832061767578,144.6204071044922
19364,-37.70838165283203,144.62045288085938
19365,-37.70841979980469,144.62046813964844
19366,-37.7139892578125,144.63043212890625
19367,-37.71403884887695,144.63037109375
19368,-37.71406173706055,144.6303253173828
19369,-37.71379470825195,144.63021850585938
19370,-37.713809967041016,144.6302947998047
19371,-37.71382141113281,144.63034057617188
19372,-37.71384048461914,144.6304168701172
19373,-37.713802337646484,144.6305694580078
19374,-37.71388244628906,144.6305389404297
19375,-37.71403884887695,144.6306915283203
19376,-37.71400833129883,144.630615234375
19377,-37.71399688720703,144.63055419921875
19378,-37.713985443115234,144.63046264648438
19379,-37.713382720947266,144.62940979003906
19380,-37.713226318359375,144.6291046142578
19381,-37.713836669921875,144.6304473876953
19382,-37.71377944946289,144.63052368164062
19383,-37.71401596069336,144.6303253173828
19384,-37.71394348144531,144.63035583496094
19385,-37.71503829956055,144.62953186035156
19386,-37.71392059326172,144.63035583496094
19387,-37.713871002197266,144.63031005859375
19388,-37.71383285522461,144.63026428222656
19389,-37.713905334472656,144.6305389404297
19390,-37.713951110839844,144.63058471679688
19391,-37.7139778137207,144.63063049316406
19392,-37.71398162841797,144.6304168701172
19393,-37.71397399902344,144.63038635253906
19394,-37.71396255493164,144.63037109375
19395,-37.713905334472656,144.63035583496094
19396,-37.713890075683594,144.63035583496094
19397,-37.7138786315918,144.63037109375
19398,-37.713863372802734,144.63037109375
19399,-37.7138557434082,144.63038635253906
19400,-37.713844299316406,144.63040161132812
19401,-37.71384048461914,144.63046264648438
19402,-37.713844299316406,144.6304931640625
19403,-37.71385192871094,144.63050842285156
19404,-37.7138671875,144.63052368164062
19405,-37.71389389038086,144.6305389404297
19406,-37.713924407958984,144.6305389404297
19407,-37.71394348144531,144.6305389404297
19408,-37.713958740234375,144.63052368164062
19409,-37.71397018432617,144.63050842285156
19410,-37.71398162841797,144.6304931640625
19411,-37.7139892578125,144.6304473876953
19412,-37.6854248046875,144.5617218017578
19413,-37.685123443603516,144.5616912841797
19414,-37.68527603149414,144.55966186523438
19415,-37.68526077270508,144.55987548828125
19416,-37.685245513916016,144.56004333496094
19417,-37.68523406982422,144.5602264404297
19418,-37.68522644042969,144.5603485107422
19419,-37.68522262573242,144.56039428710938
19420,-37.68520736694336,144.56057739257812
19421,-37.6851921081543,144.56077575683594
19422,-37.6851806640625,144.5609588623047
19423,-37.68516540527344,144.56114196777344
19424,-37.68515396118164,144.56130981445312
19425,-37.68513870239258,144.56150817871094
19426,-37.68512725830078,144.56163024902344
19427,-37.6854362487793,144.56153869628906
19428,-37.68545150756836,144.5613555908203
19429,-37.685462951660156,144.56118774414062
19430,-37.685096740722656,144.56224060058594
19431,-37.68536376953125,144.56312561035156
19432,-37.685359954833984,144.5631866455078
19433,-37.68535614013672,144.56320190429688
19434,-37.68534851074219,144.5633087158203
19435,-37.685325622558594,144.5636444091797
19436,-37.6853141784668,144.56382751464844
19437,-37.685302734375,144.5640106201172
19438,-37.6852912902832,144.56417846679688
19439,-37.685218811035156,144.5653076171875
19440,-37.68517303466797,144.56317138671875
19441,-37.68547439575195,144.5609893798828
19442,-37.68548583984375,144.56080627441406
19443,-37.68550109863281,144.56060791015625
19444,-37.68551254272461,144.56044006347656
19445,-37.68586349487305,144.55946350097656
19446,-37.68575668334961,144.55970764160156
19447,-37.68550491333008,144.55967712402344
19448,-37.68575668334961,144.55992126464844
19449,-37.68573760986328,144.55992126464844
19450,-37.68549346923828,144.5598907470703
19451,-37.68547439575195,144.5602569580078
19452,-37.68584442138672,144.560302734375
19453,-37.68585968017578,144.56011962890625
19454,-37.68576431274414,144.5601043701172
19455,-37.68548583984375,144.56007385253906
19456,-37.68731689453125,144.56005859375
19457,-37.68748474121094,144.56005859375
19458,-37.687522888183594,144.5596466064453
19459,-37.68748092651367,144.5595245361328
19460,-37.68743133544922,144.55950927734375
19461,-37.68735885620117,144.5594940185547
19462,-37.68720245361328,144.55947875976562
19463,-37.68703842163086,144.55946350097656
19464,-37.6868896484375,144.5594482421875
19465,-37.68673324584961,144.55943298339844
19466,-37.68663024902344,144.55941772460938
19467,-37.68657684326172,144.55941772460938
19468,-37.686424255371094,144.55938720703125
19469,-37.68625259399414,144.5593719482422
19470,-37.68610382080078,144.55935668945312
19471,-37.686065673828125,144.55984497070312
19472,-37.686222076416016,144.55987548828125
19473,-37.686378479003906,144.55824279785156
19474,-37.686317443847656,144.5590362548828
19475,-37.68528747558594,144.55780029296875
19476,-37.68622970581055,144.5579376220703
19477,-37.675785064697266,144.55374145507812
19478,-37.67570495605469,144.5531463623047
19479,-37.67555236816406,144.5531768798828
19480,-37.675636291503906,144.55377197265625
19481,-37.67764663696289,144.5682830810547
19482,-37.67752456665039,144.56829833984375
19483,-37.677589416503906,144.56883239746094
19484,-37.67770004272461,144.56881713867188
19485,-37.67662811279297,144.5699920654297
19486,-37.6766357421875,144.57005310058594
19487,-37.67665481567383,144.57020568847656
19488,-37.676658630371094,144.5702362060547
19489,-37.677520751953125,144.57008361816406
19490,-37.67755889892578,144.570068359375
19491,-37.67790603637695,144.57000732421875
19492,-37.67815399169922,144.56996154785156
19493,-37.67817687988281,144.57017517089844
19494,-37.67792892456055,144.57020568847656
19495,-37.67758560180664,144.57025146484375
19496,-37.67754364013672,144.56996154785156
19497,-37.67753219604492,144.56985473632812
19498,-37.67788314819336,144.56979370117188
19499,-37.67830276489258,144.56971740722656
19500,-37.67830276489258,144.5697479248047
19501,-37.67829513549805,144.56985473632812
19502,-37.67821502685547,144.56993103027344
19503,-37.67787170410156,144.5697021484375
19504,-37.677894592285156,144.56988525390625
19505,-37.677490234375,144.56985473632812
19506,-37.68160629272461,144.55027770996094
19507,-37.68025207519531,144.55039978027344
19508,-37.68023681640625,144.55029296875
19509,-37.680023193359375,144.55032348632812
19510,-37.68034362792969,144.55027770996094
19511,-37.67903518676758,144.5505828857422
19512,-37.67900848388672,144.5504150390625
19513,-37.67896270751953,144.5500946044922
19514,-37.67877960205078,144.55047607421875
19515,-37.678565979003906,144.55052185058594
19516,-37.67858123779297,144.55064392089844
19517,-37.67873764038086,144.55014038085938
19518,-37.678524017333984,144.55018615722656
19519,-37.678497314453125,144.54989624023438
19520,-37.67782974243164,144.54954528808594
19521,-37.677947998046875,144.55062866210938
19522,-37.66631317138672,144.5438232421875
19523,-37.66642379760742,144.54379272460938
19524,-37.66646194458008,144.5439910888672
19525,-37.66636657714844,144.54344177246094
19526,-37.666927337646484,144.54144287109375
19527,-37.66695022583008,144.54164123535156
19528,-37.66741180419922,144.54135131835938
19529,-37.66734313964844,144.54119873046875
19530,-37.68113708496094,144.56834411621094
19531,-37.681114196777344,144.56820678710938
19532,-37.68069839477539,144.5682830810547
19533,-37.680702209472656,144.5684356689453
19534,-37.682167053222656,144.56825256347656
19535,-37.68215560913086,144.5681610107422
19536,-37.68212890625,144.56793212890625
19537,-37.68207931518555,144.56753540039062
19538,-37.68204116821289,144.56748962402344
19539,-37.68198013305664,144.56748962402344
19540,-37.68196487426758,144.56748962402344
19541,-37.68189239501953,144.56748962402344
19542,-37.681854248046875,144.56753540039062
19543,-37.68192672729492,144.5682373046875
19544,-37.68131637573242,144.56707763671875
19545,-37.68123245239258,144.56710815429688
19546,-37.68158721923828,144.56643676757812
19547,-37.68253707885742,144.56785583496094
19548,-37.68269348144531,144.56784057617188
19549,-37.682716369628906,144.56800842285156
19550,-37.68272018432617,144.56805419921875
19551,-37.68273162841797,144.5681610107422
19552,-37.68724822998047,144.5662384033203
19553,-37.68708419799805,144.56607055664062
19554,-37.68832778930664,144.56581115722656
19555,-37.6890983581543,144.56161499023438
19556,-37.68920135498047,144.5637664794922
19557,-37.68867111206055,144.556884765625
19558,-37.688629150390625,144.55682373046875
19559,-37.688636779785156,144.5567169189453
19560,-37.68831253051758,144.55638122558594
19561,-37.684505462646484,144.58226013183594
19562,-37.684356689453125,144.58226013183594
19563,-37.684329986572266,144.58253479003906
19564,-37.684486389160156,144.58261108398438
19565,-37.684593200683594,144.58267211914062
19566,-37.68381881713867,144.58335876464844
19567,-37.68381118774414,144.58346557617188
19568,-37.68365478515625,144.5855255126953
19569,-37.68364715576172,144.5856170654297
19570,-37.68400192260742,144.5833740234375
19571,-37.68818283081055,144.5880584716797
19572,-37.68757247924805,144.58804321289062
19573,-37.68757247924805,144.58815002441406
19574,-37.687564849853516,144.58836364746094
19575,-37.688209533691406,144.58840942382812
19576,-37.6882209777832,144.5880584716797
19577,-37.6851921081543,144.5916290283203
19578,-37.68502426147461,144.59144592285156
19579,-37.68494415283203,144.59136962890625
19580,-37.68524932861328,144.59210205078125
19581,-37.685096740722656,144.59213256835938
19582,-37.68507385253906,144.5919189453125
19583,-37.685123443603516,144.59243774414062
19584,-37.684513092041016,144.59202575683594
19585,-37.68265914916992,144.59707641601562
19586,-37.68263244628906,144.598388671875
19587,-37.68245315551758,144.5858612060547
19588,-37.68245315551758,144.5859375
19589,-37.68244552612305,144.5861053466797
19590,-37.682151794433594,144.5861053466797
19591,-37.681854248046875,144.58609008789062
19592,-37.682159423828125,144.58592224121094
19593,-37.681884765625,144.58592224121094
19594,-37.68185806274414,144.58596801757812
19595,-37.68214416503906,144.58631896972656
19596,-37.68213653564453,144.5865020751953
19597,-37.68174362182617,144.58648681640625
19598,-37.68159103393555,144.58648681640625
19599,-37.68185043334961,144.5863037109375
19600,-37.68169021606445,144.58761596679688
19601,-37.68156433105469,144.58761596679688
19602,-37.68174743652344,144.58761596679688
19603,-37.681949615478516,144.587646484375
19604,-37.68205642700195,144.58767700195312
19605,-37.6821174621582,144.58763122558594
19606,-37.68223571777344,144.587646484375
19607,-37.682212829589844,144.58779907226562
19608,-37.68213653564453,144.5878143310547
19609,-37.682064056396484,144.5877685546875
19610,-37.68192672729492,144.58802795410156
19611,-37.68187713623047,144.58802795410156
19612,-37.681739807128906,144.58802795410156
19613,-37.682220458984375,144.5880584716797
19614,-37.68196105957031,144.58226013183594
19615,-37.68251419067383,144.58233642578125
19616,-37.681949615478516,144.5823974609375
19617,-37.682044982910156,144.58241271972656
19618,-37.68220138549805,144.58242797851562
19619,-37.682254791259766,144.5824432373047
19620,-37.68216323852539,144.5828094482422
19621,-37.68202590942383,144.5826873779297
19622,-37.682918548583984,144.58242797851562
19623,-37.6829833984375,144.5824432373047
19624,-37.68212890625,144.58145141601562
19625,-37.68229675292969,144.57943725585938
19626,-37.6827392578125,144.57948303222656
19627,-37.68274688720703,144.57937622070312
19628,-37.68315505981445,144.5794219970703
19629,-37.683231353759766,144.57943725585938
19630,-37.68299865722656,144.57801818847656
19631,-37.682987213134766,144.57814025878906
19632,-37.68319320678711,144.57815551757812
19633,-37.68326187133789,144.5781707763672
19634,-37.683326721191406,144.57826232910156
19635,-37.68324661254883,144.57846069335938
19636,-37.68327713012695,144.57740783691406
19637,-37.68318557739258,144.57740783691406
19638,-37.6828498840332,144.57737731933594
19639,-37.682830810546875,144.57769775390625
19640,-37.68282699584961,144.57777404785156
19641,-37.68263244628906,144.5775909423828
19642,-37.68263626098633,144.57763671875
19643,-37.68265914916992,144.5776824951172
19644,-37.68316650390625,144.5777130126953
19645,-37.6832160949707,144.57772827148438
19646,-37.68321228027344,144.5778350830078
19647,-37.68346405029297,144.5771942138672
19648,-37.68328857421875,144.57716369628906
19649,-37.68415832519531,144.57789611816406
19650,-37.68418884277344,144.5775604248047
19651,-37.684207916259766,144.577392578125
19652,-37.684146881103516,144.5771942138672
19653,-37.68413162231445,144.57711791992188
19654,-37.684112548828125,144.5770263671875
19655,-37.683963775634766,144.57691955566406
19656,-37.68399429321289,144.577880859375
19657,-37.68412399291992,144.57765197753906
19658,-37.683937072753906,144.57725524902344
19659,-37.68399429321289,144.5772247314453
19660,-37.683982849121094,144.57666015625
19661,-37.684444427490234,144.5767059326172
19662,-37.6844596862793,144.57647705078125
19663,-37.684043884277344,144.5758514404297
19664,-37.68413543701172,144.57586669921875
19665,-37.684486389160156,144.575927734375
19666,-37.68410873413086,144.5762481689453
19667,-37.686283111572266,144.55726623535156
19668,-37.68555450439453,144.55715942382812
19669,-37.68550109863281,144.55703735351562
19670,-37.68534851074219,144.5570068359375
19671,-37.68815231323242,144.55801391601562
19672,-37.68803024291992,144.55813598632812
19673,-37.68788528442383,144.5582733154297
19674,-37.68783187866211,144.55831909179688
19675,-37.687740325927734,144.55841064453125
19676,-37.68760681152344,144.55853271484375
19677,-37.68748092651367,144.5585174560547
19678,-37.68734359741211,144.55850219726562
19679,-37.687255859375,144.55850219726562
19680,-37.687225341796875,144.55850219726562
19681,-37.68830490112305,144.55828857421875
19682,-37.68816375732422,144.5584259033203
19683,-37.68803787231445,144.5585479736328
19684,-37.687896728515625,144.55868530273438
19685,-37.687618255615234,144.55897521972656
19686,-37.687461853027344,144.55897521972656
19687,-37.68734359741211,144.55892944335938
19688,-37.68719482421875,144.5591278076172
19689,-37.70268630981445,144.54608154296875
19690,-37.702659606933594,144.5458221435547
19691,-37.70298385620117,144.54576110839844
19692,-37.703189849853516,144.54571533203125
19693,-37.6973876953125,144.54978942871094
19694,-37.69728088378906,144.54969787597656
19695,-37.697208404541016,144.55014038085938
19696,-37.69116973876953,144.55796813964844
19697,-37.69049072265625,144.55746459960938
19698,-37.66478729248047,144.5547332763672
19699,-37.66470718383789,144.55471801757812
19700,-37.664608001708984,144.55477905273438
19701,-37.675079345703125,144.54977416992188
19702,-37.67515563964844,144.54966735839844
19703,-37.675071716308594,144.54954528808594
19704,-37.67529296875,144.54983520507812
19705,-37.675384521484375,144.54981994628906
19706,-37.66434860229492,144.5714111328125
19707,-37.664371490478516,144.5717315673828
19708,-37.66394805908203,144.571044921875
19709,-37.66379928588867,144.57107543945312
19710,-37.66374969482422,144.5711669921875
19711,-37.663726806640625,144.5712127685547
19712,-37.6636962890625,144.57127380371094
19713,-37.66384506225586,144.57093811035156
19714,-37.66377258300781,144.57106018066406
19715,-37.66401672363281,144.5713653564453
19716,-37.66398620605469,144.5713653564453
19717,-37.66402816772461,144.5714874267578
19718,-37.66391372680664,144.57159423828125
19719,-37.66378402709961,144.57139587402344
19720,-37.66375732421875,144.5712127685547
19721,-37.66390609741211,144.56959533691406
19722,-37.66383743286133,144.5695343017578
19723,-37.67433547973633,144.55165100097656
19724,-37.67433547973633,144.5515899658203
19725,-37.67433547973633,144.55140686035156
19726,-37.674312591552734,144.55120849609375
19727,-37.67448043823242,144.55117797851562
19728,-37.67451095581055,144.55137634277344
19729,-37.6664924621582,144.54136657714844
19730,-37.66647720336914,144.54119873046875
19731,-37.666446685791016,144.54090881347656
19732,-37.66667938232422,144.54116821289062
19733,-37.666812896728516,144.54115295410156
19734,-37.66695022583008,144.5410919189453
19735,-37.66703796386719,144.541259765625
19736,-37.657554626464844,144.5654754638672
19737,-37.657615661621094,144.56552124023438
19738,-37.65782165527344,144.56576538085938
19739,-37.67435836791992,144.58401489257812
19740,-37.67433166503906,144.5840301513672
19741,-37.67420196533203,144.5840606689453
19742,-37.674320220947266,144.58407592773438
19743,-37.67436599731445,144.58409118652344
19744,-37.67412567138672,144.5840606689453
19745,-37.67401123046875,144.5840606689453
19746,-37.673805236816406,144.5841064453125
19747,-37.673622131347656,144.58421325683594
19748,-37.673240661621094,144.58438110351562
19749,-37.673030853271484,144.58438110351562
19750,-37.67264175415039,144.5843505859375
19751,-37.67254638671875,144.58425903320312
19752,-37.67243576049805,144.58424377441406
19753,-37.67240524291992,144.5843048095703
19754,-37.67241668701172,144.58441162109375
19755,-37.6724967956543,144.58447265625
19756,-37.67255401611328,144.58444213867188
19757,-37.67257308959961,144.5844268798828
19758,-37.672393798828125,144.58416748046875
19759,-37.67235565185547,144.5839080810547
19760,-37.673641204833984,144.58428955078125
19761,-37.673683166503906,144.58447265625
19762,-37.67382049560547,144.58558654785156
19763,-37.674163818359375,144.5845489501953
19764,-37.6742057800293,144.58486938476562
19765,-37.67831802368164,144.610595703125
19766,-37.67851257324219,144.61117553710938
19767,-37.67856979370117,144.6113739013672
19768,-37.67862319946289,144.6116180419922
19769,-37.678653717041016,144.61180114746094
19770,-37.67867660522461,144.6121368408203
19771,-37.67869186401367,144.6123809814453
19772,-37.67875671386719,144.6135711669922
19773,-37.67879104614258,144.6136932373047
19774,-37.67884063720703,144.61380004882812
19775,-37.67890930175781,144.6138916015625
19776,-37.67898941040039,144.61395263671875
19777,-37.67909240722656,144.61398315429688
19778,-37.6801872253418,144.61412048339844
19779,-37.68072509765625,144.6141815185547
19780,-37.68105697631836,144.6142120361328
19781,-37.681297302246094,144.61419677734375
19782,-37.68159103393555,144.61415100097656
19783,-37.68169403076172,144.61407470703125
19784,-37.6817512512207,144.61398315429688
19785,-37.68178176879883,144.6138458251953
19786,-37.680564880371094,144.58770751953125
19787,-37.680572509765625,144.58767700195312
19788,-37.680538177490234,144.5875701904297
19789,-37.68050765991211,144.58746337890625
19790,-37.68019104003906,144.58741760253906
19791,-37.68013381958008,144.58737182617188
19792,-37.67985534667969,144.58741760253906
19793,-37.68047332763672,144.58726501464844
19794,-37.68024444580078,144.58726501464844
19795,-37.681114196777344,144.5782928466797
19796,-37.681190490722656,144.5782928466797
19797,-37.681427001953125,144.5783233642578
19798,-37.68164825439453,144.57833862304688
19799,-37.681968688964844,144.57838439941406
19800,-37.68210983276367,144.5784149169922
19801,-37.68320846557617,144.58721923828125
19802,-37.68360137939453,144.58726501464844
19803,-37.683631896972656,144.58729553222656
19804,-37.68404006958008,144.58734130859375
19805,-37.68404769897461,144.58705139160156
19806,-37.684139251708984,144.58702087402344
19807,-37.68428421020508,144.5869903564453
19808,-37.68299865722656,144.58250427246094
19809,-37.682918548583984,144.58251953125
19810,-37.682891845703125,144.58255004882812
19811,-37.6828498840332,144.5830078125
19812,-37.68415069580078,144.57093811035156
19813,-37.684165954589844,144.57081604003906
19814,-37.68418884277344,144.5706329345703
19815,-37.68422317504883,144.5703582763672
19816,-37.68426513671875,144.56980895996094
19817,-37.6840705871582,144.571044921875
19818,-37.684059143066406,144.57119750976562
19819,-37.6582145690918,144.5733184814453
19820,-37.6579704284668,144.5733184814453
19821,-37.657630920410156,144.57334899902344
19822,-37.65739822387695,144.57337951660156
19823,-37.657222747802734,144.57337951660156
19824,-37.65709686279297,144.57337951660156
19825,-37.65632629394531,144.5735321044922
19826,-37.65629196166992,144.57351684570312
19827,-37.65625762939453,144.573486328125
19828,-37.6562385559082,144.57345581054688
19829,-37.65620422363281,144.5734100341797
19830,-37.656185150146484,144.5733642578125
19831,-37.689666748046875,144.5768280029297
19832,-37.689544677734375,144.57687377929688
19833,-37.6893424987793,144.57693481445312
19834,-37.689327239990234,144.576904296875
19835,-37.68899917602539,144.5769805908203
19836,-37.68878936767578,144.5770263671875
19837,-37.6887321472168,144.57655334472656
19838,-37.68894958496094,144.57652282714844
19839,-37.689064025878906,144.5765380859375
19840,-37.689266204833984,144.57647705078125
19841,-37.68935012817383,144.57643127441406
19842,-37.6894645690918,144.57643127441406
19843,-37.68951416015625,144.5764617919922
19844,-37.6895866394043,144.57640075683594
19845,-37.6898078918457,144.575439453125
19846,-37.68962478637695,144.57546997070312
19847,-37.68928527832031,144.57553100585938
19848,-37.68922424316406,144.57546997070312
19849,-37.689125061035156,144.57554626464844
19850,-37.688968658447266,144.57559204101562
19851,-37.68877410888672,144.5756378173828
19852,-37.688629150390625,144.57571411132812
19853,-37.70281982421875,144.57081604003906
19854,-37.7028694152832,144.5712127685547
19855,-37.702919006347656,144.5716552734375
19856,-37.70294189453125,144.57186889648438
19857,-37.702980041503906,144.5721893310547
19858,-37.7029914855957,144.57232666015625
19859,-37.70295333862305,144.5723419189453
19860,-37.70289611816406,144.57235717773438
19861,-37.70278549194336,144.5723876953125
19862,-37.70271301269531,144.57241821289062
19863,-37.70296096801758,144.5723876953125
19864,-37.703094482421875,144.573486328125
19865,-37.70293045043945,144.57350158691406
19866,-37.703121185302734,144.5736541748047
19867,-37.70321273803711,144.5742950439453
19868,-37.723697662353516,144.5695037841797
19869,-37.72371292114258,144.56954956054688
19870,-37.72385025024414,144.57070922851562
19871,-37.72395324707031,144.57156372070312
19872,-37.72018051147461,144.57009887695312
19873,-37.720184326171875,144.5701446533203
19874,-37.71986770629883,144.57028198242188
19875,-37.719993591308594,144.5702667236328
19876,-37.720062255859375,144.5702667236328
19877,-37.720123291015625,144.57025146484375
19878,-37.7216911315918,144.5698699951172
19879,-37.72168731689453,144.5697784423828
19880,-37.72229766845703,144.56967163085938
19881,-37.7223014831543,144.5697479248047
19882,-37.72290802001953,144.5691375732422
19883,-37.716461181640625,144.6318359375
19884,-37.71664810180664,144.63168334960938
19885,-37.716739654541016,144.6316375732422
19886,-37.7168083190918,144.6324920654297
19887,-37.7170295715332,144.63230895996094
19888,-37.71708297729492,144.6322784423828
19889,-37.71713638305664,144.6322479248047
19890,-37.708858489990234,144.5634307861328
19891,-37.706153869628906,144.564208984375
19892,-37.7061767578125,144.5644073486328
19893,-37.70620346069336,144.56463623046875
19894,-37.70618438720703,144.56463623046875
19895,-37.70606231689453,144.5646514892578
19896,-37.70582962036133,144.564697265625
19897,-37.705806732177734,144.56446838378906
19898,-37.70603561401367,144.56442260742188
19899,-37.70695877075195,144.56405639648438
19900,-37.706974029541016,144.56423950195312
19901,-37.70699691772461,144.56448364257812
19902,-37.70823669433594,144.56622314453125
19903,-37.70806884765625,144.5662384033203
19904,-37.707881927490234,144.56626892089844
19905,-37.70777130126953,144.56515502929688
19906,-37.70793914794922,144.56512451171875
19907,-37.70782470703125,144.56631469726562
19908,-37.70732116699219,144.56637573242188
19909,-37.70723342895508,144.56639099121094
19910,-37.70714569091797,144.5664520263672
19911,-37.707054138183594,144.56646728515625
19912,-37.70698165893555,144.5664520263672
19913,-37.7069091796875,144.56640625
19914,-37.706817626953125,144.5662841796875
19915,-37.706729888916016,144.56614685058594
19916,-37.70663070678711,144.56607055664062
19917,-37.70660400390625,144.56607055664062
19918,-37.70658493041992,144.56605529785156
19919,-37.70652389526367,144.56605529785156
19920,-37.706451416015625,144.56600952148438
19921,-37.706390380859375,144.56593322753906
19922,-37.70634078979492,144.56581115722656
19923,-37.70630645751953,144.5655517578125
19924,-37.70628356933594,144.56536865234375
19925,-37.70619583129883,144.56472778320312
19926,-37.70680236816406,144.56590270996094
19927,-37.70705795288086,144.56585693359375
19928,-37.70671463012695,144.5654754638672
19929,-37.70689392089844,144.56544494628906
19930,-37.706878662109375,144.56529235839844
19931,-37.70669937133789,144.56532287597656
19932,-37.70834732055664,144.5673065185547
19933,-37.70827865600586,144.56732177734375
19934,-37.708221435546875,144.5673370361328
19935,-37.70819091796875,144.56739807128906
19936,-37.70817184448242,144.56747436523438
19937,-37.70817184448242,144.5675506591797
19938,-37.708282470703125,144.56837463378906
19939,-37.70832824707031,144.5684814453125
19940,-37.70838165283203,144.56851196289062
19941,-37.70842361450195,144.56851196289062
19942,-37.70848846435547,144.56849670410156
19943,-37.70733642578125,144.5701446533203
19944,-37.70774841308594,144.57005310058594
19945,-37.706539154052734,144.56979370117188
19946,-37.70659637451172,144.5703887939453
19947,-37.70833206176758,144.56695556640625
19948,-37.70811462402344,144.5669708251953
19949,-37.70758056640625,144.56704711914062
19950,-37.70625686645508,144.57044982910156
19951,-37.70623016357422,144.57020568847656
19952,-37.70625686645508,144.5698699951172
19953,-37.706214904785156,144.56954956054688
19954,-37.70621109008789,144.56927490234375
19955,-37.706146240234375,144.569091796875
19956,-37.706092834472656,144.56906127929688
19957,-37.70594024658203,144.56907653808594
19958,-37.7056770324707,144.5691375732422
19959,-37.70562744140625,144.56918334960938
19960,-37.70564651489258,144.56935119628906
19961,-37.70564270019531,144.56948852539062
19962,-37.70564270019531,144.56954956054688
19963,-37.70565414428711,144.56959533691406
19964,-37.705833435058594,144.569580078125
19965,-37.705299377441406,144.56906127929688
19966,-37.705284118652344,144.56924438476562
19967,-37.70536804199219,144.5699005126953
19968,-37.70545196533203,144.5706024169922
19969,-37.705657958984375,144.57057189941406
19970,-37.70562744140625,144.57032775878906
19971,-37.705589294433594,144.57000732421875
19972,-37.70558166503906,144.5699462890625
19973,-37.70552062988281,144.5700225830078
19974,-37.705650329589844,144.5699920654297
19975,-37.70555877685547,144.57034301757812
19976,-37.70568084716797,144.5703125
19977,-37.70659637451172,144.57424926757812
19978,-37.706573486328125,144.5740203857422
19979,-37.7065544128418,144.57398986816406
19980,-37.70650863647461,144.57394409179688
19981,-37.7061767578125,144.5740203857422
19982,-37.70614242553711,144.5740509033203
19983,-37.70613098144531,144.57412719726562
19984,-37.70615005493164,144.57431030273438
19985,-37.69986343383789,144.57626342773438
19986,-37.699825286865234,144.57589721679688
19987,-37.70024490356445,144.57582092285156
19988,-37.69989013671875,144.5758819580078
19989,-37.69987869262695,144.5757598876953
19990,-37.69441223144531,144.57957458496094
19991,-37.694435119628906,144.57980346679688
19992,-37.694496154785156,144.57986450195312
19993,-37.6946907043457,144.58163452148438
19994,-37.67934799194336,144.56936645507812
19995,-37.67936706542969,144.5695343017578
19996,-37.679420471191406,144.56996154785156
19997,-37.67957305908203,144.56993103027344
19998,-37.679527282714844,144.56951904296875
19999,-37.709129333496094,144.57179260253906
20000,-37.70965576171875,144.5717010498047
20001,-37.70932388305664,144.5731658935547
20002,-37.70973205566406,144.57310485839844
20003,-37.709747314453125,144.5731964111328
20004,-37.70992660522461,144.5731658935547
20005,-37.709930419921875,144.57318115234375
20006,-37.7099609375,144.5734405517578
20007,-37.70996856689453,144.57351684570312
20008,-37.71003723144531,144.57342529296875
20009,-37.71016311645508,144.5734100341797
20010,-37.71013641357422,144.57315063476562
20011,-37.71000671386719,144.5731658935547
20012,-37.70718765258789,144.5755157470703
20013,-37.70761489868164,144.57545471191406
20014,-37.70772171020508,144.57550048828125
20015,-37.70777130126953,144.57559204101562
20016,-37.70780944824219,144.57571411132812
20017,-37.707855224609375,144.57577514648438
20018,-37.70820617675781,144.57571411132812
20019,-37.701026916503906,144.5596466064453
20020,-37.70093536376953,144.55966186523438
20021,-37.70092010498047,144.55960083007812
20022,-37.70087814331055,144.55943298339844
20023,-37.700660705566406,144.55947875976562
20024,-37.69956970214844,144.5596923828125
20025,-37.69937515258789,144.55978393554688
20026,-37.70065689086914,144.55926513671875
20027,-37.700645446777344,144.55941772460938
20028,-37.70068359375,144.55966186523438
20029,-37.70071029663086,144.5598602294922
20030,-37.700740814208984,144.56008911132812
20031,-37.700782775878906,144.56039428710938
20032,-37.701019287109375,144.5603485107422
20033,-37.70111846923828,144.56033325195312
20034,-37.70095443725586,144.559814453125
20035,-37.70098114013672,144.56004333496094
20036,-37.664947509765625,144.5560760498047
20037,-37.6649284362793,144.55609130859375
20038,-37.664772033691406,144.55609130859375
20039,-37.709529876708984,144.60153198242188
20040,-37.70952606201172,144.60166931152344
20041,-37.70949935913086,144.601806640625
20042,-37.70942687988281,144.60205078125
20043,-37.70939254760742,144.60223388671875
20044,-37.70938491821289,144.60243225097656
20045,-37.70974349975586,144.60569763183594
20046,-37.710330963134766,144.60231018066406
20047,-37.710391998291016,144.60276794433594
20048,-37.71052551269531,144.6031951904297
20049,-37.71083068847656,144.60552978515625
20050,-37.712528228759766,144.6050567626953
20051,-37.71214294433594,144.60523986816406
20052,-37.7116584777832,144.60537719726562
20053,-37.71174240112305,144.6040496826172
20054,-37.71149826049805,144.60415649414062
20055,-37.71181106567383,144.60696411132812
20056,-37.711997985839844,144.60830688476562
20057,-37.71110534667969,144.60214233398438
20058,-37.67477798461914,144.55184936523438
20059,-37.71449279785156,144.5743408203125
20060,-37.71457290649414,144.57432556152344
20061,-37.7155647277832,144.57411193847656
20062,-37.71554183959961,144.57394409179688
20063,-37.71564865112305,144.5740966796875
20064,-37.71571731567383,144.57461547851562
20065,-37.71620559692383,144.57386779785156
20066,-37.71616744995117,144.57357788085938
20067,-37.71614074707031,144.57334899902344
20068,-37.716060638427734,144.57266235351562
20069,-37.7160530090332,144.5725860595703
20070,-37.71589279174805,144.5734100341797
20071,-37.71586608886719,144.57342529296875
20072,-37.71585464477539,144.57347106933594
20073,-37.71586990356445,144.57357788085938
20074,-37.715885162353516,144.5736083984375
20075,-37.71591567993164,144.57362365722656
20076,-37.71504211425781,144.57374572753906
20077,-37.715003967285156,144.5734405517578
20078,-37.71500015258789,144.57342529296875
20079,-37.71499252319336,144.5734100341797
20080,-37.7149772644043,144.57339477539062
20081,-37.7149658203125,144.57339477539062
20082,-37.714942932128906,144.57339477539062
20083,-37.71491622924805,144.57339477539062
20084,-37.714603424072266,144.57345581054688
20085,-37.7144775390625,144.57347106933594
20086,-37.71439743041992,144.573486328125
20087,-37.714622497558594,144.57345581054688
20088,-37.71464157104492,144.57347106933594
20089,-37.71466827392578,144.573486328125
20090,-37.7147216796875,144.57357788085938
20091,-37.714744567871094,144.57359313964844
20092,-37.714759826660156,144.5736083984375
20093,-37.71478271484375,144.5736083984375
20094,-37.7149658203125,144.5735626220703
20095,-37.71491241455078,144.5750274658203
20096,-37.71550750732422,144.5749053955078
20097,-37.715538024902344,144.57489013671875
20098,-37.7155647277832,144.5748748779297
20099,-37.7155647277832,144.57481384277344
20100,-37.71556091308594,144.5747833251953
20101,-37.71552276611328,144.57449340820312
20102,-37.71549987792969,144.57444763183594
20103,-37.71544647216797,144.57443237304688
20104,-37.715126037597656,144.5745086669922
20105,-37.71485137939453,144.57455444335938
20106,-37.71480941772461,144.57456970214844
20107,-37.71474838256836,144.5745391845703
20108,-37.714691162109375,144.57449340820312
20109,-37.71464538574219,144.57447814941406
20110,-37.71459197998047,144.57447814941406
20111,-37.71451187133789,144.57449340820312
20112,-37.7144775390625,144.60035705566406
20113,-37.714759826660156,144.60031127929688
20114,-37.71248245239258,144.600830078125
20115,-37.712623596191406,144.600830078125
20116,-37.71299362182617,144.60079956054688
20117,-37.713008880615234,144.6007843017578
20118,-37.71341323852539,144.60267639160156
20119,-37.713356018066406,144.60194396972656
20120,-37.71326446533203,144.6007537841797
20121,-37.7132453918457,144.60057067871094
20122,-37.713157653808594,144.6005859375
20123,-37.71317672729492,144.60076904296875
20124,-37.713191986083984,144.6008758544922
20125,-37.713321685791016,144.60194396972656
20126,-37.71343994140625,144.6028289794922
20127,-37.71296691894531,144.60304260253906
20128,-37.71293258666992,144.60296630859375
20129,-37.71287155151367,144.60279846191406
20130,-37.712825775146484,144.6026611328125
20131,-37.7127685546875,144.60243225097656
20132,-37.7127571105957,144.6024169921875
20133,-37.712738037109375,144.60240173339844
20134,-37.71271514892578,144.60238647460938
20135,-37.71268844604492,144.60240173339844
20136,-37.71267318725586,144.60240173339844
20137,-37.71266555786133,144.6024169921875
20138,-37.71274185180664,144.60264587402344
20139,-37.71294403076172,144.60305786132812
20140,-37.71296310424805,144.6031036376953
20141,-37.71257781982422,144.6024627685547
20142,-37.71254348754883,144.6024932861328
20143,-37.71246337890625,144.60252380371094
20144,-37.71263885498047,144.6023406982422
20145,-37.71247482299805,144.60183715820312
20146,-37.71245574951172,144.60179138183594
20147,-37.71227264404297,144.60122680664062
20148,-37.7121696472168,144.6012420654297
20149,-37.712039947509766,144.60125732421875
20150,-37.712249755859375,144.60189819335938
20151,-37.71227264404297,144.60195922851562
20152,-37.71243667602539,144.60244750976562
20153,-37.71237564086914,144.60189819335938
20154,-37.712589263916016,144.6029510498047
20155,-37.71260452270508,144.60296630859375
20156,-37.71263122558594,144.60296630859375
20157,-37.712669372558594,144.60296630859375
20158,-37.712703704833984,144.6029510498047
20159,-37.71271514892578,144.60292053222656
20160,-37.71271896362305,144.6029052734375
20161,-37.71271514892578,144.60287475585938
20162,-37.71379470825195,144.60064697265625
20163,-37.7138786315918,144.60061645507812
20164,-37.71393585205078,144.60060119628906
20165,-37.71302032470703,144.60061645507812
20166,-37.71299362182617,144.60061645507812
20167,-37.71665954589844,144.59994506835938
20168,-37.715919494628906,144.59559631347656
20169,-37.71595764160156,144.5956268310547
20170,-37.715999603271484,144.59564208984375
20171,-37.716041564941406,144.59564208984375
20172,-37.71608352661133,144.5956268310547
20173,-37.716156005859375,144.59552001953125
20174,-37.71617126464844,144.595458984375
20175,-37.71617126464844,144.5954132080078
20176,-37.716156005859375,144.59535217285156
20177,-37.715885162353516,144.59532165527344
20178,-37.715858459472656,144.5953826904297
20179,-37.71585464477539,144.595458984375
20180,-37.71586990356445,144.59552001953125
20181,-37.71555709838867,144.59042358398438
20182,-37.71555709838867,144.5903778076172
20183,-37.715545654296875,144.59033203125
20184,-37.71540451049805,144.59056091308594
20185,-37.71543502807617,144.59056091308594
20186,-37.7154655456543,144.59056091308594
20187,-37.71549606323242,144.59054565429688
20188,-37.71547317504883,144.5902557373047
20189,-37.71543502807617,144.59024047851562
20190,-37.71540069580078,144.5902557373047
20191,-37.71536636352539,144.59027099609375
20192,-37.714759826660156,144.5851593017578
20193,-37.71472930908203,144.58523559570312
20194,-37.7147331237793,144.58529663085938
20195,-37.71489715576172,144.58511352539062
20196,-37.71485900878906,144.58509826660156
20197,-37.714820861816406,144.58511352539062
20198,-37.71481704711914,144.5854034423828
20199,-37.7148551940918,144.58541870117188
20200,-37.71489715576172,144.5854034423828
20201,-37.71805191040039,144.5722198486328
20202,-37.71836853027344,144.57217407226562
20203,-37.71868133544922,144.5721435546875
20204,-37.71887969970703,144.5721435546875
20205,-37.719078063964844,144.57217407226562
20206,-37.719459533691406,144.57225036621094
20207,-37.71955871582031,144.57228088378906
20208,-37.71969223022461,144.57232666015625
20209,-37.71537399291992,144.62522888183594
20210,-37.715023040771484,144.62454223632812
20211,-37.71474838256836,144.62400817871094
20212,-37.71405792236328,144.62266540527344
20213,-37.71825408935547,144.62705993652344
20214,-37.70841598510742,144.6203155517578
20215,-37.70841598510742,144.620361328125
20216,-37.70841598510742,144.62039184570312
20217,-37.70842361450195,144.62051391601562
20218,-37.708431243896484,144.62057495117188
20219,-37.70844268798828,144.6206512451172
20220,-37.708465576171875,144.62081909179688
20221,-37.7084846496582,144.6209259033203
20222,-37.708518981933594,144.62107849121094
20223,-37.70855712890625,144.62124633789062
20224,-37.70859909057617,144.62142944335938
20225,-37.7086181640625,144.6215362548828
20226,-37.7086296081543,144.6216278076172
20227,-37.70866394042969,144.6219940185547
20228,-37.70866394042969,144.6220245361328
20229,-37.70866012573242,144.62205505371094
20230,-37.70915222167969,144.6201629638672
20231,-37.70907211303711,144.6201629638672
20232,-37.708988189697266,144.62014770507812
20233,-37.70886993408203,144.62014770507812
20234,-37.708736419677734,144.6201629638672
20235,-37.7086296081543,144.62017822265625
20236,-37.708499908447266,144.62017822265625
20237,-37.70839309692383,144.6201934814453
20238,-37.70828628540039,144.62020874023438
20239,-37.70812225341797,144.62025451660156
20240,-37.707908630371094,144.62030029296875
20241,-37.708621978759766,144.6202392578125
20242,-37.708740234375,144.62022399902344
20243,-37.71063232421875,144.6200408935547
20244,-37.712989807128906,144.61962890625
20245,-37.7117805480957,144.61985778808594
20246,-37.711124420166016,144.62008666992188
20247,-37.711517333984375,144.62010192871094
20248,-37.71180725097656,144.6200714111328
20249,-37.71208953857422,144.62002563476562
20250,-37.713016510009766,144.61985778808594
20251,-37.7188720703125,144.61822509765625
20252,-37.71303176879883,144.6199951171875
20253,-37.71310043334961,144.62063598632812
20254,-37.71311569213867,144.62071228027344
20255,-37.713130950927734,144.6208038330078
20256,-37.71315002441406,144.62086486816406
20257,-37.71318054199219,144.62095642089844
20258,-37.71321487426758,144.62103271484375
20259,-37.71330642700195,144.6212158203125
20260,-37.713134765625,144.61984252929688
20261,-37.71310806274414,144.61961364746094
20262,-37.713260650634766,144.6210174560547
20263,-37.71323013305664,144.62078857421875
20264,-37.713191986083984,144.6204071044922
20265,-37.71315002441406,144.61997985839844
20266,-37.70612716674805,144.6289825439453
20267,-37.70610427856445,144.62884521484375
20268,-37.722843170166016,144.56861877441406
20269,-37.72286605834961,144.56878662109375
20270,-37.725223541259766,144.5722198486328
20271,-37.72494888305664,144.5722198486328
20272,-37.72490310668945,144.5722198486328
20273,-37.68782043457031,144.6066131591797
20274,-37.68773651123047,144.60626220703125
20275,-37.68769073486328,144.60598754882812
20276,-37.68767547607422,144.6059112548828
20277,-37.687599182128906,144.60592651367188
20278,-37.6876335144043,144.60610961914062
20279,-37.687652587890625,144.60626220703125
20280,-37.68769836425781,144.60643005371094
20281,-37.68771743774414,144.60665893554688
20282,-37.68732833862305,144.60598754882812
20283,-37.68748092651367,144.6060028076172
20284,-37.68756866455078,144.60604858398438
20285,-37.687801361083984,144.60589599609375
20286,-37.687843322753906,144.60671997070312
20287,-37.68788528442383,144.606689453125
20288,-37.68794250488281,144.60662841796875
20289,-37.6876220703125,144.60675048828125
20290,-37.686973571777344,144.60694885253906
20291,-37.686885833740234,144.60647583007812
20292,-37.68669891357422,144.606201171875
20293,-37.68680953979492,144.60630798339844
20294,-37.686832427978516,144.60635375976562
20295,-37.68752670288086,144.6062774658203
20296,-37.707786560058594,144.62074279785156
20297,-37.708377838134766,144.62066650390625
20298,-37.71453094482422,144.63702392578125
20299,-37.71443176269531,144.63702392578125
20300,-37.714359283447266,144.63702392578125
20301,-37.714271545410156,144.6370086669922
20302,-37.71417999267578,144.636962890625
20303,-37.71409225463867,144.6369171142578
20304,-37.71400451660156,144.63685607910156
20305,-37.71391296386719,144.6367645263672
20306,-37.71369171142578,144.63648986816406
20307,-37.736026763916016,144.63479614257812
20308,-37.736061096191406,144.63482666015625
20309,-37.73613357543945,144.63482666015625
20310,-37.736148834228516,144.63482666015625
20311,-37.73621368408203,144.6348419189453
20312,-37.73628616333008,144.63487243652344
20313,-37.73634338378906,144.63494873046875
20314,-37.73637008666992,144.6350555419922
20315,-37.73637771606445,144.63516235351562
20316,-37.73638153076172,144.63522338867188
20317,-37.73650360107422,144.6352081298828
20318,-37.73619842529297,144.63525390625
20319,-37.735984802246094,144.6348419189453
20320,-37.73588180541992,144.6348419189453
20321,-37.73585510253906,144.63490295410156
20322,-37.73585510253906,144.63494873046875
20323,-37.735877990722656,144.63499450683594
20324,-37.735923767089844,144.635009765625
20325,-37.736000061035156,144.63499450683594
20326,-37.73605728149414,144.63497924804688
20327,-37.73610305786133,144.63494873046875
20328,-37.73612976074219,144.6348876953125
20329,-37.73639678955078,144.63536071777344
20330,-37.73643112182617,144.63551330566406
20331,-37.736454010009766,144.63558959960938
20332,-37.73649215698242,144.63565063476562
20333,-37.736534118652344,144.6356964111328
20334,-37.736549377441406,144.63577270507812
20335,-37.736534118652344,144.63584899902344
20336,-37.73651885986328,144.63592529296875
20337,-37.736507415771484,144.63600158691406
20338,-37.73650360107422,144.6360626220703
20339,-37.736515045166016,144.6361541748047
20340,-37.736534118652344,144.63624572753906
20341,-37.736576080322266,144.6363067626953
20342,-37.73663330078125,144.6363067626953
20343,-37.736663818359375,144.63626098632812
20344,-37.736663818359375,144.63619995117188
20345,-37.73662567138672,144.63613891601562
20346,-37.7365837097168,144.63607788085938
20347,-37.73654556274414,144.635986328125
20348,-37.73931884765625,144.63710021972656
20349,-37.739532470703125,144.63909912109375
20350,-37.739540100097656,144.6392059326172
20351,-37.73952865600586,144.63929748535156
20352,-37.73952102661133,144.63937377929688
20353,-37.739463806152344,144.63951110839844
20354,-37.73939895629883,144.63961791992188
20355,-37.73935317993164,144.63966369628906
20356,-37.73932647705078,144.6396942138672
20357,-37.73927307128906,144.6397247314453
20358,-37.73923110961914,144.63978576660156
20359,-37.73921203613281,144.63990783691406
20360,-37.73921203613281,144.63992309570312
20361,-37.73921203613281,144.6400146484375
20362,-37.73923110961914,144.64007568359375
20363,-37.7392578125,144.64022827148438
20364,-37.739234924316406,144.6402130126953
20365,-37.739219665527344,144.64019775390625
20366,-37.73921203613281,144.64016723632812
20367,-37.73920822143555,144.64013671875
20368,-37.739219665527344,144.64010620117188
20369,-37.73925018310547,144.6400604248047
20370,-37.73927307128906,144.6400604248047
20371,-37.739295959472656,144.6400604248047
20372,-37.739315032958984,144.6400604248047
20373,-37.73933410644531,144.6400909423828
20374,-37.73934555053711,144.64010620117188
20375,-37.73935317993164,144.64013671875
20376,-37.739349365234375,144.64016723632812
20377,-37.739341735839844,144.64019775390625
20378,-37.73932647705078,144.6402130126953
20379,-37.73930358886719,144.64022827148438
20380,-37.739280700683594,144.64024353027344
20381,-37.739261627197266,144.6399383544922
20382,-37.739322662353516,144.63995361328125
20383,-37.73937225341797,144.6399688720703
20384,-37.739410400390625,144.63998413085938
20385,-37.7393684387207,144.63975524902344
20386,-37.7393798828125,144.6398468017578
20387,-37.739376068115234,144.6399383544922
20388,-37.7393684387207,144.6400146484375
20389,-37.739356994628906,144.64007568359375
20390,-37.73933029174805,144.6402587890625
20391,-37.7393798828125,144.6403350830078
20392,-37.73944854736328,144.640380859375
20393,-37.739501953125,144.64041137695312
20394,-37.739532470703125,144.64041137695312
20395,-37.739219665527344,144.6402587890625
20396,-37.739200592041016,144.64035034179688
20397,-37.67401885986328,144.62596130371094
20398,-37.67408752441406,144.62620544433594
20399,-37.67410659790039,144.62640380859375
20400,-37.674076080322266,144.62660217285156
20401,-37.674007415771484,144.62677001953125
20402,-37.67388916015625,144.62698364257812
20403,-37.67383575439453,144.62710571289062
20404,-37.6738166809082,144.6272735595703
20405,-37.6738395690918,144.6273956298828
20406,-37.67388916015625,144.62754821777344
20407,-37.6739501953125,144.62771606445312
20408,-37.67395782470703,144.62777709960938
20409,-37.673946380615234,144.62782287597656
20410,-37.67392349243164,144.62786865234375
20411,-37.67390060424805,144.6278839111328
20412,-37.67387008666992,144.62789916992188
20413,-37.673736572265625,144.6279754638672
20414,-37.6736946105957,144.62803649902344
20415,-37.67367935180664,144.62808227539062
20416,-37.67367935180664,144.62815856933594
20417,-37.673702239990234,144.62831115722656
20418,-37.673736572265625,144.62840270996094
20419,-37.673770904541016,144.6284637451172
20420,-37.67380905151367,144.62850952148438
20421,-37.67397689819336,144.6278076171875
20422,-37.674007415771484,144.62789916992188
20423,-37.67401885986328,144.62796020507812
20424,-37.67402648925781,144.6280059814453
20425,-37.6739501953125,144.62789916992188
20426,-37.67399215698242,144.6279296875
20427,-37.67159652709961,144.54579162597656
20428,-37.67157745361328,144.54580688476562
20429,-37.6715202331543,144.54583740234375
20430,-37.67134475708008,144.54586791992188
20431,-37.6863899230957,144.5424041748047
20432,-37.68638610839844,144.54249572753906
20433,-37.686397552490234,144.54254150390625
20434,-37.68677520751953,144.54258728027344
20435,-37.687068939208984,144.5426025390625
20436,-37.68645477294922,144.54127502441406
20437,-37.686466217041016,144.54107666015625
20438,-37.71784973144531,144.6092529296875
20439,-37.717586517333984,144.6092987060547
20440,-37.717308044433594,144.60934448242188
20441,-37.719112396240234,144.60902404785156
20442,-37.71919250488281,144.60975646972656
20443,-37.71989822387695,144.61061096191406
20444,-37.71992492675781,144.6108856201172
20445,-37.72407150268555,144.579345703125
20446,-37.724098205566406,144.57957458496094
20447,-37.72395324707031,144.57275390625
20448,-37.72366714477539,144.57266235351562
20449,-37.7235107421875,144.57261657714844
20450,-37.723453521728516,144.5725860595703
20451,-37.723480224609375,144.5732421875
20452,-37.7234992980957,144.5730743408203
20453,-37.7235107421875,144.57298278808594
20454,-37.72359085083008,144.57281494140625
20455,-37.72323226928711,144.5724639892578
20456,-37.723209381103516,144.57260131835938
20457,-37.723182678222656,144.5727081298828
20458,-37.7231559753418,144.5727996826172
20459,-37.72312545776367,144.57289123535156
20460,-37.72314453125,144.5719451904297
20461,-37.723106384277344,144.57196044921875
20462,-37.723018646240234,144.5719757080078
20463,-37.72282028198242,144.57200622558594
20464,-37.72273635864258,144.572021484375
20465,-37.722625732421875,144.57205200195312
20466,-37.72248458862305,144.5720672607422
20467,-37.7223014831543,144.57211303710938
20468,-37.72222137451172,144.57212829589844
20469,-37.72213363647461,144.5721435546875
20470,-37.72196960449219,144.57217407226562
20471,-37.72187423706055,144.5721893310547
20472,-37.721839904785156,144.5721893310547
20473,-37.72179412841797,144.57220458984375
20474,-37.72166061401367,144.57220458984375
20475,-37.72160339355469,144.57220458984375
20476,-37.721519470214844,144.57220458984375
20477,-37.72142791748047,144.57217407226562
20478,-37.72135925292969,144.57217407226562
20479,-37.721248626708984,144.57217407226562
20480,-37.72120666503906,144.5718536376953
20481,-37.72138214111328,144.5718231201172
20482,-37.721553802490234,144.57177734375
20483,-37.721744537353516,144.5717315673828
20484,-37.7215461730957,144.57009887695312
20485,-37.721717834472656,144.57144165039062
20486,-37.72169876098633,144.5714874267578
20487,-37.72165298461914,144.57154846191406
20488,-37.72147750854492,144.57159423828125
20489,-37.721126556396484,144.57167053222656
20490,-37.72172546386719,144.571533203125
20491,-37.72174835205078,144.57154846191406
20492,-37.721797943115234,144.57156372070312
20493,-37.72188949584961,144.571533203125
20494,-37.7220573425293,144.57150268554688
20495,-37.72214126586914,144.5714874267578
20496,-37.72221374511719,144.57147216796875
20497,-37.722408294677734,144.57142639160156
20498,-37.72254943847656,144.5714111328125
20499,-37.72266387939453,144.57138061523438
20500,-37.722755432128906,144.5713653564453
20501,-37.722938537597656,144.57131958007812
20502,-37.72304153442383,144.57130432128906
20503,-37.72306442260742,144.57130432128906
20504,-37.7225456237793,144.57257080078125
20505,-37.72237014770508,144.57260131835938
20506,-37.722286224365234,144.57261657714844
20507,-37.72219467163086,144.57264709472656
20508,-37.72216033935547,144.57235717773438
20509,-37.722774505615234,144.571533203125
20510,-37.722965240478516,144.57150268554688
20511,-37.722938537597656,144.57020568847656
20512,-37.72290802001953,144.57022094726562
20513,-37.72282791137695,144.5702362060547
20514,-37.72292709350586,144.5712127685547
20515,-37.722652435302734,144.572265625
20516,-37.72267150878906,144.57244873046875
20517,-37.72268295288086,144.57252502441406
20518,-37.72273254394531,144.5725860595703
20519,-37.72281265258789,144.5725860595703
20520,-37.722816467285156,144.5725860595703
20521,-37.72304916381836,144.57254028320312
20522,-37.723079681396484,144.57249450683594
20523,-37.723060607910156,144.5723114013672
20524,-37.72093963623047,144.5662841796875
20525,-37.68473434448242,144.5810089111328
20526,-37.68474197387695,144.58096313476562
20527,-37.68473815917969,144.58096313476562
20528,-37.68458938598633,144.58291625976562
20529,-37.68457794189453,144.58287048339844
20530,-37.68467712402344,144.5809783935547
20531,-37.6846809387207,144.58099365234375
20532,-37.68471145629883,144.5811004638672
20533,-37.68455123901367,144.58291625976562
20534,-37.684539794921875,144.58168029785156
20535,-37.68459701538086,144.58099365234375
20536,-37.68448257446289,144.5809783935547
20537,-37.68440628051758,144.58096313476562
20538,-37.68436050415039,144.58160400390625
20539,-37.684356689453125,144.5816650390625
20540,-37.68407440185547,144.58157348632812
20541,-37.68429183959961,144.58160400390625
20542,-37.68437957763672,144.5832061767578
20543,-37.6843147277832,144.5832061767578
20544,-37.683738708496094,144.58314514160156
20545,-37.68336486816406,144.5831298828125
20546,-37.68448257446289,144.5837860107422
20547,-37.68452453613281,144.58360290527344
20548,-37.684452056884766,144.58349609375
20549,-37.6844596862793,144.58360290527344
20550,-37.68437957763672,144.58566284179688
20551,-37.6843376159668,144.58558654785156
20552,-37.684322357177734,144.5856475830078
20553,-37.7144889831543,144.60043334960938
20554,-37.71456527709961,144.60093688964844
20555,-37.714691162109375,144.60166931152344
20556,-37.7148323059082,144.60255432128906
20557,-37.713714599609375,144.60186767578125
20558,-37.713863372802734,144.60183715820312
20559,-37.714019775390625,144.601806640625
20560,-37.714111328125,144.60177612304688
20561,-37.71419906616211,144.60177612304688
20562,-37.71436309814453,144.6017303466797
20563,-37.71451950073242,144.60169982910156
20564,-37.714595794677734,144.6016845703125
20565,-37.713905334472656,144.6007537841797
20566,-37.71392059326172,144.6008758544922
20567,-37.71327590942383,144.60089111328125
20568,-37.71327209472656,144.60086059570312
20569,-37.71334457397461,144.6021270751953
20570,-37.71363830566406,144.6011505126953
20571,-37.713623046875,144.60104370117188
20572,-37.7136116027832,144.60092163085938
20573,-37.7137565612793,144.6009063720703
20574,-37.71409225463867,144.600830078125
20575,-37.714263916015625,144.60079956054688
20576,-37.71440505981445,144.60076904296875
20577,-37.714420318603516,144.60089111328125
20578,-37.71443176269531,144.60101318359375
20579,-37.71940994262695,144.62374877929688
20580,-37.719547271728516,144.62417602539062
20581,-37.71959686279297,144.6243438720703
20582,-37.71364974975586,144.6218719482422
20583,-37.71358108520508,144.62173461914062
20584,-37.713436126708984,144.62185668945312
20585,-37.71347427368164,144.621826171875
20586,-37.71554183959961,144.62313842773438
20587,-37.71552658081055,144.62319946289062
20588,-37.71550369262695,144.62327575683594
20589,-37.71547317504883,144.62335205078125
20590,-37.7154426574707,144.62339782714844
20591,-37.71540832519531,144.62344360351562
20592,-37.71536636352539,144.62350463867188
20593,-37.71532440185547,144.62353515625
20594,-37.7126350402832,144.6212615966797
20595,-37.7120246887207,144.62281799316406
20596,-37.700313568115234,144.5516357421875
20597,-37.70039749145508,144.5516357421875
20598,-37.70048904418945,144.55160522460938
20599,-37.700626373291016,144.55148315429688
20600,-37.700645446777344,144.55145263671875
20601,-37.70064163208008,144.55142211914062
20602,-37.70042419433594,144.55104064941406
20603,-37.72532653808594,144.56716918945312
20604,-37.725223541259766,144.56626892089844
20605,-37.72511672973633,144.56536865234375
20606,-37.71637725830078,144.56651306152344
20607,-37.69157409667969,144.60638427734375
20608,-37.69135665893555,144.6064453125
20609,-37.69116973876953,144.60650634765625
20610,-37.691009521484375,144.60655212402344
20611,-37.69083786010742,144.6066131591797
20612,-37.690673828125,144.60665893554688
20613,-37.69050216674805,144.60671997070312
20614,-37.69032669067383,144.6067657470703
20615,-37.69016647338867,144.60682678222656
20616,-37.68999099731445,144.60687255859375
20617,-37.68982696533203,144.60693359375
20618,-37.68965148925781,144.6069793701172
20619,-37.689517974853516,144.60702514648438
20620,-37.689697265625,144.60794067382812
20621,-37.68976974487305,144.6083221435547
20622,-37.68787384033203,144.60662841796875
20623,-37.68782424926758,144.60662841796875
20624,-37.687740325927734,144.6067657470703
20625,-37.68775939941406,144.6067657470703
20626,-37.68777847290039,144.60678100585938
20627,-37.687801361083984,144.60678100585938
20628,-37.68782043457031,144.6067657470703
20629,-37.687835693359375,144.60675048828125
20630,-37.68784713745117,144.606689453125
20631,-37.68784713745117,144.60667419433594
20632,-37.687835693359375,144.6066436767578
20633,-37.68779754638672,144.6066131591797
20634,-37.687774658203125,144.6066131591797
20635,-37.68775177001953,144.6066131591797
20636,-37.6877326965332,144.60662841796875
20637,-37.68771743774414,144.60667419433594
20638,-37.687713623046875,144.606689453125
20639,-37.687713623046875,144.60671997070312
20640,-37.68772506713867,144.6067352294922
20641,-37.68765640258789,144.60675048828125
20642,-37.68765640258789,144.60671997070312
20643,-37.68783950805664,144.60699462890625
20644,-37.68819046020508,144.6088104248047
20645,-37.688228607177734,144.60899353027344
20646,-37.689491271972656,144.60617065429688
20647,-37.68947982788086,144.60585021972656
20648,-37.68949890136719,144.60549926757812
20649,-37.68954086303711,144.6053009033203
20650,-37.68921661376953,144.60543823242188
20651,-37.68928146362305,144.60545349121094
20652,-37.68931579589844,144.60549926757812
20653,-37.68933868408203,144.6055450439453
20654,-37.689369201660156,144.60562133789062
20655,-37.68941116333008,144.60581970214844
20656,-37.69166946411133,144.60630798339844
20657,-37.691707611083984,144.60635375976562
20658,-37.69184494018555,144.6063232421875
20659,-37.69193649291992,144.60630798339844
20660,-37.692256927490234,144.6071014404297
20661,-37.69187927246094,144.60751342773438
20662,-37.69169616699219,144.60772705078125
20663,-37.691043853759766,144.60792541503906
20664,-37.69095993041992,144.6079559326172
20665,-37.68826675415039,144.60877990722656
20666,-37.69125747680664,144.60597229003906
20667,-37.691043853759766,144.60586547851562
20668,-37.690853118896484,144.60577392578125
20669,-37.690834045410156,144.6057586669922
20670,-37.690677642822266,144.60580444335938
20671,-37.690513610839844,144.60586547851562
20672,-37.69034194946289,144.6059112548828
20673,-37.69029998779297,144.60592651367188
20674,-37.690162658691406,144.60597229003906
20675,-37.690006256103516,144.60601806640625
20676,-37.6898307800293,144.60606384277344
20677,-37.689701080322266,144.60610961914062
20678,-37.689666748046875,144.60610961914062
20679,-37.690101623535156,144.6064910888672
20680,-37.691349029541016,144.60769653320312
20681,-37.69114685058594,144.60748291015625
20682,-37.68752670288086,144.5574951171875
20683,-37.68756103515625,144.5575714111328
20684,-37.68748474121094,144.5576171875
20685,-37.68762969970703,144.5575714111328
20686,-37.68769073486328,144.55755615234375
20687,-37.687744140625,144.55755615234375
20688,-37.68778991699219,144.5575714111328
20689,-37.68782424926758,144.5576171875
20690,-37.68783950805664,144.5576629638672
20691,-37.68784713745117,144.55772399902344
20692,-37.68784713745117,144.5578155517578
20693,-37.68781661987305,144.55796813964844
20694,-37.68780517578125,144.55809020996094
20695,-37.68782043457031,144.5582275390625
20696,-37.723045349121094,144.5721893310547
20697,-37.72209167480469,144.5730438232422
20698,-37.72190856933594,144.5729217529297
20699,-37.72180938720703,144.57284545898438
20700,-37.72175979614258,144.57276916503906
20701,-37.721736907958984,144.57273864746094
20702,-37.72171401977539,144.5726776123047
20703,-37.721675872802734,144.57235717773438
20704,-37.72167205810547,144.57229614257812
20705,-37.72190475463867,144.57240295410156
20706,-37.72182083129883,144.57241821289062
20707,-37.72180938720703,144.57232666015625
20708,-37.685020446777344,144.5663604736328
20709,-37.68500518798828,144.56637573242188
20710,-37.68484878540039,144.56637573242188
20711,-37.684730529785156,144.5643310546875
20712,-37.68474197387695,144.5642852783203
20713,-37.68474578857422,144.56427001953125
20714,-37.68474578857422,144.5642547607422
20715,-37.68473815917969,144.56422424316406
20716,-37.684715270996094,144.56419372558594
20717,-37.684696197509766,144.5641326904297
20718,-37.68461990356445,144.56407165527344
20719,-37.684722900390625,144.56431579589844
20720,-37.68471145629883,144.56430053710938
20721,-37.68470764160156,144.56430053710938
20722,-37.684688568115234,144.5642852783203
20723,-37.68467330932617,144.56427001953125
20724,-37.684608459472656,144.56427001953125
20725,-37.68463134765625,144.56393432617188
20726,-37.684654235839844,144.56362915039062
20727,-37.68465805053711,144.5635528564453
20728,-37.68450164794922,144.56459045410156
20729,-37.684600830078125,144.56436157226562
20730,-37.68446350097656,144.56541442871094
20731,-37.7026252746582,144.57168579101562
20732,-37.70276641845703,144.5716552734375
20733,-37.702720642089844,144.5712432861328
20734,-37.702674865722656,144.5708465576172
20735,-37.702598571777344,144.5702667236328
20736,-37.702754974365234,144.5702362060547
20737,-37.6552734375,144.55612182617188
20738,-37.65530014038086,144.55615234375
20739,-37.65547180175781,144.55612182617188
20740,-37.6556396484375,144.5517120361328
20741,-37.65563201904297,144.55140686035156
20742,-37.6556510925293,144.5508575439453
20743,-37.65180587768555,144.5551300048828
20744,-37.65177917480469,144.5550537109375
20745,-37.65174102783203,144.55502319335938
20746,-37.654666900634766,144.55531311035156
20747,-37.65455627441406,144.55516052246094
20748,-37.6545295715332,144.5551300048828
20749,-37.65449523925781,144.5550537109375
20750,-37.654449462890625,144.55496215820312
20751,-37.65428924560547,144.5548095703125
20752,-37.65425491333008,144.5548095703125
20753,-37.654052734375,144.55484008789062
20754,-37.65396499633789,144.55490112304688
20755,-37.653934478759766,144.55496215820312
20756,-37.6539192199707,144.5550537109375
20757,-37.6539192199707,144.55514526367188
20758,-37.65394592285156,144.55520629882812
20759,-37.653995513916016,144.55526733398438
20760,-37.654090881347656,144.55531311035156
20761,-37.654178619384766,144.5553436279297
20762,-37.65420150756836,144.55538940429688
20763,-37.654212951660156,144.55545043945312
20764,-37.65380859375,144.55682373046875
20765,-37.68255615234375,144.56808471679688
20766,-37.680240631103516,144.56781005859375
20767,-37.7130012512207,144.5974578857422
20768,-37.71310043334961,144.59751892089844
20769,-37.71369934082031,144.5965576171875
20770,-37.7137451171875,144.59666442871094
20771,-37.71662521362305,144.5963897705078
20772,-37.71646499633789,144.59642028808594
20773,-37.71641540527344,144.59646606445312
20774,-37.716461181640625,144.59689331054688
20775,-37.71649932861328,144.59693908691406
20776,-37.71668243408203,144.59690856933594
20777,-37.71654510498047,144.59730529785156
20778,-37.71662139892578,144.59799194335938
20779,-37.716644287109375,144.5982208251953
20780,-37.716697692871094,144.5979766845703
20781,-37.716983795166016,144.59791564941406
20782,-37.702030181884766,144.57501220703125
20783,-37.701751708984375,144.57505798339844
20784,-37.72203826904297,144.57000732421875
20785,-37.72206497192383,144.5702667236328
20786,-37.72248077392578,144.56991577148438
20787,-37.72251510620117,144.57025146484375
20788,-37.68107604980469,144.60365295410156
20789,-37.68105697631836,144.603515625
20790,-37.70233154296875,144.62530517578125
20791,-37.7022705078125,144.62530517578125
20792,-37.70220947265625,144.62525939941406
20793,-37.70215606689453,144.62525939941406
20794,-37.70212936401367,144.62527465820312
20795,-37.702117919921875,144.6253204345703
20796,-37.70212173461914,144.62539672851562
20797,-37.702144622802734,144.62545776367188
20798,-37.702178955078125,144.62547302246094
20799,-37.70222854614258,144.62547302246094
20800,-37.70226287841797,144.62545776367188
20801,-37.70228958129883,144.6254119873047
20802,-37.70231246948242,144.62535095214844
20803,-37.68593215942383,144.56201171875
20804,-37.68596649169922,144.56195068359375
20805,-37.685970306396484,144.5618896484375
20806,-37.68597412109375,144.56170654296875
20807,-37.685977935791016,144.56166076660156
20808,-37.691619873046875,144.54356384277344
20809,-37.695499420166016,144.54664611816406
20810,-37.69546890258789,144.54664611816406
20811,-37.69523620605469,144.54673767089844
20812,-37.69525909423828,144.54673767089844
20813,-37.68610763549805,144.59872436523438
20814,-37.686195373535156,144.5986785888672
20815,-37.68629837036133,144.59864807128906
20816,-37.68632888793945,144.59864807128906
20817,-37.68636703491211,144.5986328125
20818,-37.68642044067383,144.5986328125
20819,-37.68613815307617,144.59835815429688
20820,-37.6861686706543,144.59844970703125
20821,-37.68617248535156,144.59849548339844
20822,-37.68616485595703,144.5985565185547
20823,-37.6861457824707,144.59861755371094
20824,-37.68599319458008,144.59959411621094
20825,-37.6860237121582,144.59938049316406
20826,-37.686038970947266,144.59934997558594
20827,-37.686065673828125,144.59927368164062
20828,-37.68630599975586,144.5989990234375
20829,-37.686180114746094,144.59881591796875
20830,-37.68588638305664,144.59840393066406
20831,-37.686241149902344,144.5985107421875
20832,-37.68671798706055,144.5989990234375
20833,-37.686279296875,144.5985565185547
20834,-37.68629837036133,144.59854125976562
20835,-37.68593978881836,144.59909057617188
20836,-37.68592071533203,144.59893798828125
20837,-37.686397552490234,144.59906005859375
20838,-37.68648147583008,144.59918212890625
20839,-37.68647766113281,144.59921264648438
20840,-37.68617630004883,144.59954833984375
20841,-37.68468475341797,144.5779571533203
20842,-37.6846809387207,144.5779266357422
20843,-37.684635162353516,144.5778350830078
20844,-37.6845588684082,144.5777130126953
20845,-37.684566497802734,144.57760620117188
20846,-37.6845817565918,144.577392578125
20847,-37.68459701538086,144.5772247314453
20848,-37.68461227416992,144.57701110839844
20849,-37.684635162353516,144.5767364501953
20850,-37.68440628051758,144.5769805908203
20851,-37.68438720703125,144.57717895507812
20852,-37.684391021728516,144.57736206054688
20853,-37.68438720703125,144.5775909423828
20854,-37.6845703125,144.57781982421875
20855,-37.68462371826172,144.5779571533203
20856,-37.684635162353516,144.57798767089844
20857,-37.702754974365234,144.6017608642578
20858,-37.70273208618164,144.60150146484375
20859,-37.7032470703125,144.60140991210938
20860,-37.70326232910156,144.60165405273438
20861,-37.70264434814453,144.60177612304688
20862,-37.702613830566406,144.60154724121094
20863,-37.70271301269531,144.60125732421875
20864,-37.70264434814453,144.60116577148438
20865,-37.70257568359375,144.60069274902344
20866,-37.70249938964844,144.6007080078125
20867,-37.70246124267578,144.60037231445312
20868,-37.70254898071289,144.600341796875
20869,-37.70253372192383,144.60025024414062
20870,-37.7032470703125,144.6001434326172
20871,-37.70332336425781,144.6002197265625
20872,-37.70344543457031,144.60043334960938
20873,-37.70357131958008,144.60086059570312
20874,-37.70356369018555,144.60101318359375
20875,-37.70355224609375,144.60110473632812
20876,-37.70350646972656,144.6011505126953
20877,-37.70501708984375,144.6010284423828
20878,-37.70503616333008,144.6009063720703
20879,-37.7050895690918,144.60079956054688
20880,-37.70512771606445,144.6006317138672
20881,-37.70496368408203,144.59927368164062
20882,-37.70429611206055,144.59934997558594
20883,-37.70421600341797,144.5994110107422
20884,-37.704166412353516,144.5994873046875
20885,-37.704139709472656,144.59957885742188
20886,-37.70414733886719,144.5996856689453
20887,-37.70416259765625,144.5998992919922
20888,-37.704193115234375,144.60003662109375
20889,-37.70428466796875,144.60023498535156
20890,-37.70433044433594,144.6004180908203
20891,-37.70433044433594,144.6005859375
20892,-37.704368591308594,144.60086059570312
20893,-37.70439910888672,144.60096740722656
20894,-37.70444107055664,144.6009979248047
20895,-37.70451736450195,144.6010284423828
20896,-37.704673767089844,144.60101318359375
20897,-37.7049560546875,144.60093688964844
20898,-37.674583435058594,144.5487823486328
20899,-37.674522399902344,144.54856872558594
20900,-37.674461364746094,144.54843139648438
20901,-37.67441940307617,144.54833984375
20902,-37.68301010131836,144.60252380371094
20903,-37.68309783935547,144.5858612060547
20904,-37.683109283447266,144.58583068847656
20905,-37.6831169128418,144.58580017089844
20906,-37.68312072753906,144.58578491210938
20907,-37.6831169128418,144.58572387695312
20908,-37.68310546875,144.58570861816406
20909,-37.68296813964844,144.58566284179688
20910,-37.68294906616211,144.58567810058594
20911,-37.68191146850586,144.58311462402344
20912,-37.68196105957031,144.5830841064453
20913,-37.68198776245117,144.58303833007812
20914,-37.68199920654297,144.5829315185547
20915,-37.68198013305664,144.5828857421875
20916,-37.681949615478516,144.5828399658203
20917,-37.68349838256836,144.58067321777344
20918,-37.68350601196289,144.58065795898438
20919,-37.68351745605469,144.58062744140625
20920,-37.68352508544922,144.58059692382812
20921,-37.68352127075195,144.58056640625
20922,-37.68351745605469,144.5805206298828
20923,-37.68351364135742,144.58050537109375
20924,-37.68346405029297,144.58045959472656
20925,-37.683433532714844,144.5804443359375
20926,-37.68342590332031,144.5804443359375
20927,-37.68338394165039,144.5804443359375
20928,-37.6846923828125,144.5666046142578
20929,-37.68459701538086,144.5665740966797
20930,-37.6845588684082,144.56663513183594
20931,-37.68473434448242,144.56658935546875
20932,-37.68518829345703,144.5661163330078
20933,-37.684722900390625,144.56443786621094
20934,-37.684730529785156,144.56439208984375
20935,-37.68471908569336,144.5646514892578
20936,-37.684722900390625,144.56454467773438
20937,-37.6847038269043,144.56483459472656
20938,-37.68470764160156,144.56480407714844
20939,-37.6846923828125,144.56504821777344
20940,-37.6846809387207,144.5652618408203
20941,-37.684669494628906,144.56546020507812
20942,-37.683345794677734,144.5806884765625
20943,-37.68338394165039,144.5806884765625
20944,-37.68342208862305,144.5806884765625
20945,-37.68345642089844,144.5806884765625
20946,-37.68313980102539,144.58056640625
20947,-37.68321990966797,144.58059692382812
20948,-37.68324279785156,144.5804901123047
20949,-37.68318557739258,144.5804901123047
20950,-37.683143615722656,144.58050537109375
20951,-37.684566497802734,144.58065795898438
20952,-37.684505462646484,144.58065795898438
20953,-37.68445587158203,144.58065795898438
20954,-37.68365478515625,144.58056640625
20955,-37.68362808227539,144.58055114746094
20956,-37.6835823059082,144.58053588867188
20957,-37.683536529541016,144.58065795898438
20958,-37.683589935302734,144.58065795898438
20959,-37.68364334106445,144.58065795898438
20960,-37.683738708496094,144.58065795898438
20961,-37.683921813964844,144.5806884765625
20962,-37.684444427490234,144.5807647705078
20963,-37.68448257446289,144.5807647705078
20964,-37.68449783325195,144.5807647705078
20965,-37.684539794921875,144.58078002929688
20966,-37.682918548583984,144.58572387695312
20967,-37.68291091918945,144.58575439453125
20968,-37.68291473388672,144.5858154296875
20969,-37.682926177978516,144.58584594726562
20970,-37.68293380737305,144.5858612060547
20971,-37.682945251464844,144.58587646484375
20972,-37.70280838012695,144.5716552734375
20973,-37.672420501708984,144.5830078125
20974,-37.6723518371582,144.58282470703125
20975,-37.67405700683594,144.58120727539062
20976,-37.673912048339844,144.58123779296875
20977,-37.67341613769531,144.5813446044922
20978,-37.67335510253906,144.5814666748047
20979,-37.67394256591797,144.5814666748047
20980,-37.673980712890625,144.581787109375
20981,-37.67401123046875,144.58201599121094
20982,-37.674041748046875,144.58226013183594
20983,-37.673561096191406,144.58152770996094
20984,-37.6735954284668,144.5818634033203
20985,-37.673606872558594,144.58209228515625
20986,-37.67363357543945,144.5823211669922
20987,-37.6722297668457,144.5828399658203
20988,-37.672183990478516,144.58290100097656
20989,-37.670162200927734,144.5833282470703
20990,-37.670074462890625,144.58331298828125
20991,-37.670021057128906,144.58323669433594
20992,-37.669960021972656,144.58309936523438
20993,-37.669921875,144.58287048339844
20994,-37.66979217529297,144.58213806152344
20995,-37.669647216796875,144.5819549560547
20996,-37.669559478759766,144.58180236816406
20997,-37.66950225830078,144.58168029785156
20998,-37.669254302978516,144.58169555664062
20999,-37.66958236694336,144.58164978027344
21000,-37.670318603515625,144.58151245117188
21001,-37.67062759399414,144.5816650390625
21002,-37.670589447021484,144.58184814453125
21003,-37.670654296875,144.58071899414062
21004,-37.6706428527832,144.58103942871094
21005,-37.670631408691406,144.5812530517578
21006,-37.67057418823242,144.58139038085938
21007,-37.67045593261719,144.5814666748047
21008,-37.68584060668945,144.5895538330078
21009,-37.68569564819336,144.58953857421875
21010,-37.68553924560547,144.5895233154297
21011,-37.685508728027344,144.58949279785156
21012,-37.68547058105469,144.5894775390625
21013,-37.68539047241211,144.58932495117188
21014,-37.68537521362305,144.58914184570312
21015,-37.685359954833984,144.58895874023438
21016,-37.68532180786133,144.58889770507812
21017,-37.68527603149414,144.58889770507812
21018,-37.68522644042969,144.58889770507812
21019,-37.68513488769531,144.58889770507812
21020,-37.68513107299805,144.58914184570312
21021,-37.68626403808594,144.59170532226562
21022,-37.686275482177734,144.59140014648438
21023,-37.68633270263672,144.58999633789062
21024,-37.686344146728516,144.5897979736328
21025,-37.685455322265625,144.5895233154297
21026,-37.68538284301758,144.58953857421875
21027,-37.68528747558594,144.5895233154297
21028,-37.685218811035156,144.58949279785156
21029,-37.68513870239258,144.5894012451172
21030,-37.68510055541992,144.58941650390625
21031,-37.685028076171875,144.58953857421875
21032,-37.684879302978516,144.58975219726562
21033,-37.684810638427734,144.5898895263672
21034,-37.68476867675781,144.5900421142578
21035,-37.68480682373047,144.5902557373047
21036,-37.68484878540039,144.59056091308594
21037,-37.684906005859375,144.59088134765625
21038,-37.6849365234375,144.59104919433594
21039,-37.68499755859375,144.59121704101562
21040,-37.68514633178711,144.5913848876953
21041,-37.68538284301758,144.59152221679688
21042,-37.68550491333008,144.591552734375
21043,-37.68566131591797,144.59156799316406
21044,-37.685760498046875,144.59153747558594
21045,-37.68586349487305,144.59144592285156
21046,-37.68594741821289,144.5913848876953
21047,-37.68607711791992,144.59120178222656
21048,-37.686153411865234,144.59100341796875
21049,-37.68618392944336,144.5907440185547
21050,-37.686195373535156,144.5904083251953
21051,-37.68617630004883,144.5901336669922
21052,-37.686100006103516,144.5899200439453
21053,-37.68608093261719,144.5898895263672
21054,-37.68598556518555,144.58975219726562
21055,-37.68587112426758,144.58961486816406
21056,-37.68626403808594,144.58999633789062
21057,-37.68616485595703,144.58993530273438
21058,-37.68620300292969,144.59132385253906
21059,-37.686073303222656,144.58839416503906
21060,-37.68607711791992,144.58827209472656
21061,-37.68564224243164,144.5882568359375
21062,-37.687984466552734,144.59219360351562
21063,-37.6879768371582,144.59237670898438
21064,-37.68821716308594,144.5923614501953
21065,-37.68828582763672,144.59300231933594
21066,-37.68798065185547,144.59304809570312
21067,-37.68882369995117,144.6046600341797
21068,-37.68887710571289,144.6044921875
21069,-37.68894577026367,144.6044158935547
21070,-37.68899917602539,144.6044464111328
21071,-37.68905258178711,144.60447692871094
21072,-37.6896858215332,144.60427856445312
21073,-37.689598083496094,144.60423278808594
21074,-37.689453125,144.6044158935547
21075,-37.69282913208008,144.59544372558594
21076,-37.69282531738281,144.5952911376953
21077,-37.6928596496582,144.59518432617188
21078,-37.69289779663086,144.59512329101562
21079,-37.69297790527344,144.59507751464844
21080,-37.69343566894531,144.5950927734375
21081,-37.69348907470703,144.59512329101562
21082,-37.69351577758789,144.59518432617188
21083,-37.693519592285156,144.59535217285156
21084,-37.69245910644531,144.59661865234375
21085,-37.69274139404297,144.5966033935547
21086,-37.69273376464844,144.5970916748047
21087,-37.692657470703125,144.59718322753906
21088,-37.692543029785156,144.59719848632812
21089,-37.69228744506836,144.59661865234375
21090,-37.69218826293945,144.59661865234375
21091,-37.692195892333984,144.59690856933594
21092,-37.69224166870117,144.5975799560547
21093,-37.69228744506836,144.59764099121094
21094,-37.692317962646484,144.59764099121094
21095,-37.692623138427734,144.59771728515625
21096,-37.69257354736328,144.597900390625
21097,-37.692325592041016,144.59783935546875
21098,-37.692298889160156,144.59796142578125
21099,-37.692256927490234,144.5980224609375
21100,-37.692203521728516,144.59805297851562
21101,-37.692298889160156,144.5978240966797
21102,-37.692256927490234,144.59829711914062
21103,-37.692195892333984,144.59866333007812
21104,-37.69213104248047,144.59906005859375
21105,-37.692073822021484,144.59939575195312
21106,-37.6895751953125,144.59420776367188
21107,-37.6895866394043,144.59422302246094
21108,-37.68962097167969,144.59425354003906
21109,-37.68968963623047,144.59423828125
21110,-37.68993377685547,144.5947265625
21111,-37.68942642211914,144.59483337402344
21112,-37.68833923339844,144.60165405273438
21113,-37.68827819824219,144.60174560546875
21114,-37.688262939453125,144.601806640625
21115,-37.688289642333984,144.60186767578125
21116,-37.68876266479492,144.60250854492188
21117,-37.67457580566406,144.57838439941406
21118,-37.67459487915039,144.57864379882812
21119,-37.6746940612793,144.57862854003906
21120,-37.674739837646484,144.57864379882812
21121,-37.67477798461914,144.57867431640625
21122,-37.67481994628906,144.57875061035156
21123,-37.67490005493164,144.5791015625
21124,-37.674922943115234,144.5791778564453
21125,-37.67493438720703,144.57920837402344
21126,-37.674964904785156,144.57923889160156
21127,-37.67499923706055,144.57936096191406
21128,-37.67500305175781,144.57943725585938
21129,-37.675010681152344,144.5796356201172
21130,-37.675018310546875,144.5799560546875
21131,-37.674983978271484,144.58006286621094
21132,-37.674964904785156,144.5802764892578
21133,-37.67493438720703,144.5803680419922
21134,-37.67487716674805,144.58042907714844
21135,-37.674827575683594,144.5804443359375
21136,-37.67475128173828,144.5804443359375
21137,-37.67465591430664,144.58041381835938
21138,-37.67454528808594,144.58035278320312
21139,-37.674495697021484,144.58029174804688
21140,-37.67445373535156,144.58018493652344
21141,-37.67441940307617,144.58006286621094
21142,-37.67436981201172,144.57962036132812
21143,-37.674530029296875,144.57949829101562
21144,-37.6745719909668,144.57949829101562
21145,-37.67462158203125,144.57949829101562
21146,-37.67466735839844,144.57952880859375
21147,-37.674686431884766,144.57957458496094
21148,-37.67469787597656,144.57965087890625
21149,-37.67471694946289,144.5797576904297
21150,-37.67476272583008,144.57994079589844
21151,-37.67479705810547,144.5800018310547
21152,-37.67483901977539,144.58006286621094
21153,-37.674896240234375,144.580078125
21154,-37.67494201660156,144.580078125
21155,-37.67449188232422,144.5786590576172
21156,-37.674373626708984,144.57867431640625
21157,-37.674320220947266,144.57870483398438
21158,-37.674293518066406,144.57875061035156
21159,-37.67426681518555,144.57882690429688
21160,-37.67426681518555,144.57891845703125
21161,-37.67429733276367,144.57904052734375
21162,-37.67433547973633,144.57911682128906
21163,-37.67439270019531,144.57916259765625
21164,-37.67446517944336,144.57920837402344
21165,-37.67449951171875,144.57925415039062
21166,-37.674530029296875,144.5792999267578
21167,-37.674537658691406,144.5793914794922
21168,-37.674217224121094,144.57965087890625
21169,-37.68443298339844,144.5816650390625
21170,-37.68467330932617,144.58169555664062
21171,-37.71612548828125,144.5746612548828
21172,-37.716156005859375,144.5749053955078
21173,-37.7161750793457,144.57493591308594
21174,-37.71620178222656,144.574951171875
21175,-37.71623229980469,144.57493591308594
21176,-37.71625518798828,144.57492065429688
21177,-37.71625900268555,144.57489013671875
21178,-37.716224670410156,144.57467651367188
21179,-37.716209411621094,144.57464599609375
21180,-37.71617889404297,144.57464599609375
21181,-37.716148376464844,144.57464599609375
21182,-37.71493911743164,144.57521057128906
21183,-37.71753692626953,144.60887145996094
21184,-37.71723937988281,144.60629272460938
21185,-37.71687316894531,144.6030731201172
21186,-37.71681213378906,144.60252380371094
21187,-37.73227310180664,144.57627868652344
21188,-37.69850540161133,144.5707550048828
21189,-37.698455810546875,144.57040405273438
21190,-37.698360443115234,144.56967163085938
21191,-37.69824981689453,144.56874084472656
21192,-37.69820785522461,144.5684356689453
21193,-37.69818878173828,144.5682830810547
21194,-37.69815444946289,144.56796264648438
21195,-37.698055267333984,144.567138671875
21196,-37.66461944580078,144.5711669921875
21197,-37.664588928222656,144.57098388671875
21198,-37.664581298828125,144.5709228515625
21199,-37.6644401550293,144.57052612304688
21200,-37.66425704956055,144.5702362060547
21201,-37.6640739440918,144.57005310058594
21202,-37.66401672363281,144.57000732421875
21203,-37.68906784057617,144.60189819335938
21204,-37.68909454345703,144.6016845703125
21205,-37.68891906738281,144.60145568847656
21206,-37.68874740600586,144.6014404296875
21207,-37.67124557495117,144.56109619140625
21208,-37.67124557495117,144.56103515625
21209,-37.700679779052734,144.55918884277344
21210,-37.700862884521484,144.55918884277344
21211,-37.700836181640625,144.55909729003906
21212,-37.7007942199707,144.55906677246094
21213,-37.700740814208984,144.55908203125
21214,-37.7006950378418,144.5591278076172
21215,-37.68307113647461,144.58566284179688
21216,-37.68304443359375,144.5856475830078
21217,-37.683013916015625,144.5856475830078
21218,-37.69055938720703,144.60459899902344
21219,-37.69049835205078,144.60476684570312
21220,-37.69048309326172,144.6048583984375
21221,-37.69049072265625,144.60496520996094
21222,-37.690513610839844,144.6050567626953
21223,-37.69055938720703,144.60513305664062
21224,-37.69068145751953,144.60523986816406
21225,-37.69082260131836,144.6052703857422
21226,-37.690895080566406,144.60525512695312
21227,-37.69095993041992,144.60520935058594
21228,-37.69108963012695,144.60501098632812
21229,-37.691104888916016,144.60488891601562
21230,-37.691097259521484,144.6047821044922
21231,-37.691062927246094,144.60467529296875
21232,-37.690860748291016,144.60447692871094
21233,-37.690792083740234,144.60446166992188
21234,-37.69070053100586,144.60447692871094
21235,-37.690616607666016,144.6045379638672
21236,-37.675907135009766,144.59759521484375
21237,-37.67586898803711,144.59767150878906
21238,-37.675846099853516,144.59776306152344
21239,-37.675838470458984,144.5978546142578
21240,-37.67584991455078,144.5979461669922
21241,-37.675880432128906,144.59803771972656
21242,-37.67630386352539,144.5974884033203
21243,-37.67625045776367,144.5974578857422
21244,-37.67618942260742,144.59744262695312
21245,-37.67612838745117,144.59744262695312
21246,-37.67606735229492,144.5974578857422
21247,-37.70262145996094,144.62109375
21248,-37.70161056518555,144.6196746826172
21249,-37.71793746948242,144.62721252441406
21250,-37.718719482421875,144.62747192382812
21251,-37.7188606262207,144.62803649902344
21252,-37.720252990722656,144.62405395507812
21253,-37.71949005126953,144.62371826171875
21254,-37.720191955566406,144.62359619140625
21255,-37.67298889160156,144.57159423828125
21256,-37.67304229736328,144.57176208496094
21257,-37.67306900024414,144.572021484375
21258,-37.673091888427734,144.57208251953125
21259,-37.6731071472168,144.57208251953125
21260,-37.67313766479492,144.57208251953125
21261,-37.673187255859375,144.57203674316406
21262,-37.673194885253906,144.57192993164062
21263,-37.68598175048828,144.5782928466797
21264,-37.68603515625,144.57835388183594
21265,-37.686073303222656,144.5784149169922
21266,-37.649559020996094,144.5679473876953
21267,-37.65028762817383,144.568115234375
21268,-37.72270965576172,144.57916259765625
21269,-37.72280502319336,144.58001708984375
21270,-37.723453521728516,144.5799102783203
21271,-37.72244644165039,144.580078125
21272,-37.72317886352539,144.5799560546875
21273,-37.7241096496582,144.57980346679688
21274,-37.724117279052734,144.58006286621094
21275,-37.72401428222656,144.58041381835938
21276,-37.72394561767578,144.58053588867188
21277,-37.72388458251953,144.58058166503906
21278,-37.72382736206055,144.58058166503906
21279,-37.723262786865234,144.5806884765625
21280,-37.72386932373047,144.58128356933594
21281,-37.72383117675781,144.5814208984375
21282,-37.72350311279297,144.58155822753906
21283,-37.718257904052734,144.57901000976562
21284,-37.7175178527832,144.57907104492188
21285,-37.717857360839844,144.57904052734375
21286,-37.718536376953125,144.57899475097656
21287,-37.71892547607422,144.57896423339844
21288,-37.71788024902344,144.5795135498047
21289,-37.717899322509766,144.57986450195312
21290,-37.71793746948242,144.58070373535156
21291,-37.7186279296875,144.5809326171875
21292,-37.71832275390625,144.58079528808594
21293,-37.71903610229492,144.5808868408203
21294,-37.71928405761719,144.58087158203125
21295,-37.719459533691406,144.5808563232422
21296,-37.72010803222656,144.5807342529297
21297,-37.72475051879883,144.57888793945312
21298,-37.724761962890625,144.5789794921875
21299,-37.72471618652344,144.5791015625
21300,-37.724578857421875,144.57919311523438
21301,-37.72446823120117,144.5792694091797
21302,-37.722023010253906,144.5733642578125
21303,-37.72201919555664,144.57330322265625
21304,-37.721046447753906,144.5731658935547
21305,-37.72063446044922,144.57298278808594
21306,-37.71997833251953,144.57266235351562
21307,-37.719905853271484,144.5727081298828
21308,-37.71989059448242,144.5727996826172
21309,-37.720069885253906,144.57444763183594
21310,-37.71623229980469,144.57919311523438
21311,-37.716270446777344,144.57998657226562
21312,-37.715267181396484,144.58023071289062
21313,-37.715797424316406,144.58013916015625
21314,-37.71603775024414,144.5800323486328
21315,-37.716575622558594,144.5800018310547
21316,-37.71680450439453,144.580078125
21317,-37.71688461303711,144.58016967773438
21318,-37.71702194213867,144.5804443359375
21319,-37.71720504760742,144.58062744140625
21320,-37.71733093261719,144.5806884765625
21321,-37.71746063232422,144.5807342529297
21322,-37.717674255371094,144.5807342529297
21323,-37.718116760253906,144.5807342529297
21324,-37.71689987182617,144.57998657226562
21325,-37.71702575683594,144.57994079589844
21326,-37.71992111206055,144.57887268066406
21327,-37.72001647949219,144.57972717285156
21328,-37.72004318237305,144.57997131347656
21329,-37.7202033996582,144.58154296875
21330,-37.71868896484375,144.58114624023438
21331,-37.71880340576172,144.5814208984375
21332,-37.71892547607422,144.5816192626953
21333,-37.719085693359375,144.58168029785156
21334,-37.719276428222656,144.5817108154297
21335,-37.72050857543945,144.5814971923828
21336,-37.719207763671875,144.5789337158203
21337,-37.722373962402344,144.5819854736328
21338,-37.72218322753906,144.5801239013672
21339,-37.72210693359375,144.57948303222656
21340,-37.7216911315918,144.57955932617188
21341,-37.72201156616211,144.57872009277344
21342,-37.722076416015625,144.57925415039062
21343,-37.722869873046875,144.5807647705078
21344,-37.722835540771484,144.58045959472656
21345,-37.72226333618164,144.5638427734375
21346,-37.72206115722656,144.56210327148438
21347,-37.72196578979492,144.56134033203125
21348,-37.72190856933594,144.56117248535156
21349,-37.72243118286133,144.56515502929688
21350,-37.723026275634766,144.56504821777344
21351,-37.72078323364258,144.5742950439453
21352,-37.719398498535156,144.5665740966797
21353,-37.71924591064453,144.5652618408203
21354,-37.72000503540039,144.56646728515625
21355,-37.72061538696289,144.56634521484375
21356,-37.72360610961914,144.56492614746094
21357,-37.72355270385742,144.5644989013672
21358,-37.72343826293945,144.5635528564453
21359,-37.72297668457031,144.56460571289062
21360,-37.72286605834961,144.56373596191406
21361,-37.72267532348633,144.56198120117188
21362,-37.72280502319336,144.5619659423828
21363,-37.714149475097656,144.56613159179688
21364,-37.713966369628906,144.56626892089844
21365,-37.7139892578125,144.56625366210938
21366,-37.71399688720703,144.56625366210938
21367,-37.71400833129883,144.5662384033203
21368,-37.71401596069336,144.56622314453125
21369,-37.71402359008789,144.5662078857422
21370,-37.71403121948242,144.56617736816406
21371,-37.71403503417969,144.56614685058594
21372,-37.71402359008789,144.5661163330078
21373,-37.71400833129883,144.5660858154297
21374,-37.71400451660156,144.5660858154297
21375,-37.713993072509766,144.56607055664062
21376,-37.71396255493164,144.56605529785156
21377,-37.71393966674805,144.56605529785156
21378,-37.71391296386719,144.56605529785156
21379,-37.713890075683594,144.5660858154297
21380,-37.71388244628906,144.5660858154297
21381,-37.71387481689453,144.56610107421875
21382,-37.713863372802734,144.56613159179688
21383,-37.71385955810547,144.566162109375
21384,-37.7138671875,144.5662078857422
21385,-37.7138786315918,144.56622314453125
21386,-37.713897705078125,144.56625366210938
21387,-37.71392059326172,144.56626892089844
21388,-37.71394348144531,144.56626892089844
21389,-37.71390914916992,144.5658721923828
21390,-37.71388626098633,144.56597900390625
21391,-37.71407699584961,144.5660858154297
21392,-37.714073181152344,144.5662078857422
21393,-37.71395492553711,144.56597900390625
21394,-37.713905334472656,144.5663604736328
21395,-37.71398162841797,144.5664520263672
21396,-37.71400451660156,144.5663604736328
21397,-37.71379089355469,144.56614685058594
21398,-37.71372985839844,144.5662078857422
21399,-37.713802337646484,144.5662384033203
21400,-37.71400833129883,144.5666961669922
21401,-37.714046478271484,144.56700134277344
21402,-37.71413040161133,144.56765747070312
21403,-37.71413040161133,144.56785583496094
21404,-37.714149475097656,144.56802368164062
21405,-37.713844299316406,144.5653533935547
21406,-37.716102600097656,144.56492614746094
21407,-37.7137565612793,144.56459045410156
21408,-37.71601104736328,144.56417846679688
21409,-37.71628952026367,144.5641326904297
21410,-37.71599197387695,144.5640411376953
21411,-37.71516799926758,144.57928466796875
21412,-37.72161865234375,144.57876586914062
21413,-37.72140121459961,144.57337951660156
21414,-37.72135925292969,144.5732879638672
21415,-37.720176696777344,144.57884216308594
21416,-37.7230110168457,144.5819091796875
21417,-37.68282699584961,144.58853149414062
21418,-37.68289566040039,144.5885009765625
21419,-37.69431686401367,144.59120178222656
21420,-37.694454193115234,144.5912628173828
21421,-37.694576263427734,144.59432983398438
21422,-37.692771911621094,144.59303283691406
21423,-37.69279861450195,144.59312438964844
21424,-37.692813873291016,144.59437561035156
21425,-37.698883056640625,144.54078674316406
21426,-37.69886779785156,144.54066467285156
21427,-37.73445510864258,144.6250457763672
21428,-37.734466552734375,144.62498474121094
21429,-37.73447799682617,144.62489318847656
21430,-37.73447036743164,144.62478637695312
21431,-37.734458923339844,144.6246795654297
21432,-37.73445510864258,144.6245574951172
21433,-37.73447036743164,144.62435913085938
21434,-37.73451232910156,144.6240997314453
21435,-37.734561920166016,144.62396240234375
21436,-37.734622955322266,144.6239013671875
21437,-37.73468017578125,144.62388610839844
21438,-37.73479080200195,144.6238250732422
21439,-37.73489761352539,144.6237335205078
21440,-37.73497772216797,144.6236114501953
21441,-37.7270622253418,144.5927276611328
21442,-37.72715759277344,144.59271240234375
21443,-37.727237701416016,144.59271240234375
21444,-37.7273063659668,144.5927276611328
21445,-37.72743225097656,144.5928192138672
21446,-37.727474212646484,144.5928955078125
21447,-37.727516174316406,144.5929718017578
21448,-37.72754669189453,144.59304809570312
21449,-37.72755432128906,144.5930938720703
21450,-37.72756576538086,144.5931396484375
21451,-37.72758483886719,144.59324645996094
21452,-37.727596282958984,144.5933074951172
21453,-37.72761535644531,144.59336853027344
21454,-37.72764205932617,144.59339904785156
21455,-37.727684020996094,144.5934295654297
21456,-37.72773361206055,144.5934295654297
21457,-37.72833251953125,144.59326171875
21458,-37.72196578979492,144.61068725585938
21459,-37.72269058227539,144.61056518554688
21460,-37.72340393066406,144.61044311523438
21461,-37.723995208740234,144.6103515625
21462,-37.723453521728516,144.6108856201172
21463,-37.72263717651367,144.61012268066406
21464,-37.71468734741211,144.60939025878906
21465,-37.71483612060547,144.60983276367188
21466,-37.7149658203125,144.61026000976562
21467,-37.71543502807617,144.6116943359375
21468,-37.71763610839844,144.6097412109375
21469,-37.72324752807617,144.62416076660156
21470,-37.72329330444336,144.6245574951172
21471,-37.723323822021484,144.6248321533203
21472,-37.71636199951172,144.6231689453125
21473,-37.71611022949219,144.62338256835938
21474,-37.715267181396484,144.62503051757812
21475,-37.72154998779297,144.63587951660156
21476,-37.726322174072266,144.5891876220703
21477,-37.72625732421875,144.58865356445312
21478,-37.72626876831055,144.5885009765625
21479,-37.72632598876953,144.58815002441406
21480,-37.72604751586914,144.58592224121094
21481,-37.72600555419922,144.58572387695312
21482,-37.728641510009766,144.584228515625
21483,-37.72845458984375,144.5844268798828
21484,-37.72837829589844,144.58448791503906
21485,-37.72828674316406,144.58453369140625
21486,-37.72724151611328,144.58482360839844
21487,-37.72699737548828,144.58489990234375
21488,-37.72665023803711,144.58511352539062
21489,-37.72629928588867,144.5853729248047
21490,-37.72589111328125,144.58584594726562
21491,-37.72734069824219,144.58572387695312
21492,-37.72743606567383,144.58651733398438
21493,-37.727596282958984,144.58792114257812
21494,-37.72699737548828,144.58802795410156
21495,-37.726829528808594,144.5866241455078
21496,-37.72811508178711,144.58551025390625
21497,-37.72883605957031,144.5853271484375
21498,-37.72891616821289,144.58538818359375
21499,-37.72890090942383,144.58729553222656
21500,-37.72893142700195,144.58763122558594
21501,-37.728912353515625,144.58766174316406
21502,-37.7288932800293,144.58767700195312
21503,-37.72825241088867,144.58779907226562
21504,-37.726985931396484,144.5889892578125
21505,-37.72771453857422,144.58885192871094
21506,-37.727760314941406,144.58883666992188
21507,-37.72800827026367,144.5887908935547
21508,-37.711814880371094,144.5934600830078
21509,-37.71171951293945,144.59349060058594
21510,-37.71165084838867,144.5919952392578
21511,-37.711631774902344,144.59194946289062
21512,-37.71158218383789,144.59193420410156
21513,-37.71092987060547,144.59205627441406
21514,-37.710636138916016,144.59210205078125
21515,-37.71097183227539,144.5924530029297
21516,-37.71168518066406,144.59190368652344
21517,-37.71174621582031,144.59188842773438
21518,-37.7119026184082,144.59185791015625
21519,-37.72433853149414,144.61029052734375
21520,-37.724609375,144.61024475097656
21521,-37.72468185424805,144.6102294921875
21522,-37.72481155395508,144.61019897460938
21523,-37.72500228881836,144.61012268066406
21524,-37.725067138671875,144.61009216308594
21525,-37.725284576416016,144.6100616455078
21526,-37.72559356689453,144.61000061035156
21527,-37.7259521484375,144.6099395751953
21528,-37.72636795043945,144.60986328125
21529,-37.72672653198242,144.60980224609375
21530,-37.72468185424805,144.61082458496094
21531,-37.72468185424805,144.61090087890625
21532,-37.72465515136719,144.6110076904297
21533,-37.72455978393555,144.6112518310547
21534,-37.72450256347656,144.61138916015625
21535,-37.72450256347656,144.6114501953125
21536,-37.72454071044922,144.61180114746094
21537,-37.724578857421875,144.61219787597656
21538,-37.72547149658203,144.61163330078125
21539,-37.72577667236328,144.61158752441406
21540,-37.72614288330078,144.6115264892578
21541,-37.72654724121094,144.61143493652344
21542,-37.72697830200195,144.61135864257812
21543,-37.72446060180664,144.6112060546875
21544,-37.72439193725586,144.61117553710938
21545,-37.724143981933594,144.6112060546875
21546,-37.72150421142578,144.60653686523438
21547,-37.722145080566406,144.60641479492188
21548,-37.72276306152344,144.60630798339844
21549,-37.7233772277832,144.606201171875
21550,-37.72405242919922,144.6060791015625
21551,-37.72397232055664,144.60536193847656
21552,-37.724151611328125,144.60696411132812
21553,-37.723297119140625,144.60548400878906
21554,-37.72268295288086,144.6055908203125
21555,-37.722068786621094,144.60569763183594
21556,-37.7144660949707,144.5988006591797
21557,-37.7144775390625,144.59889221191406
21558,-37.71456527709961,144.59962463378906
21559,-37.71461868286133,144.6000518798828
21560,-37.71478271484375,144.6000213623047
21561,-37.71495056152344,144.60000610351562
21562,-37.715118408203125,144.5999755859375
21563,-37.71528244018555,144.59996032714844
21564,-37.715232849121094,144.59950256347656
21565,-37.71515655517578,144.59877014160156
21566,-37.71514892578125,144.59872436523438
21567,-37.71512222290039,144.5986785888672
21568,-37.7150993347168,144.59861755371094
21569,-37.71464920043945,144.59886169433594
21570,-37.71482467651367,144.5988311767578
21571,-37.714988708496094,144.5988006591797
21572,-37.7147331237793,144.59959411621094
21573,-37.71490478515625,144.5995635986328
21574,-37.71507263183594,144.5995330810547
21575,-37.6886100769043,144.59408569335938
21576,-37.68862533569336,144.5943603515625
21577,-37.68871307373047,144.59498596191406
21578,-37.72603988647461,144.61073303222656
21579,-37.72652816772461,144.6106414794922
21580,-37.7271728515625,144.61053466796875
21581,-37.665016174316406,144.5615234375
21582,-37.665008544921875,144.56161499023438
21583,-37.66502380371094,144.561767578125
21584,-37.6645622253418,144.56346130371094
21585,-37.66465759277344,144.56344604492188
21586,-37.70220184326172,144.5691375732422
21587,-37.70219039916992,144.56915283203125
21588,-37.70218276977539,144.5691680908203
21589,-37.70218276977539,144.5692138671875
21590,-37.702186584472656,144.56922912597656
21591,-37.70219802856445,144.56924438476562
21592,-37.70220947265625,144.5692596435547
21593,-37.70222473144531,144.5692596435547
21594,-37.7022590637207,144.5692596435547
21595,-37.702274322509766,144.56924438476562
21596,-37.7022819519043,144.56922912597656
21597,-37.70228576660156,144.56919860839844
21598,-37.70228576660156,144.56918334960938
21599,-37.70227813720703,144.56915283203125
21600,-37.70226287841797,144.5691375732422
21601,-37.702247619628906,144.5691375732422
21602,-37.70221710205078,144.5691375732422
21603,-37.6990852355957,144.56707763671875
21604,-37.698974609375,144.5671844482422
21605,-37.69892883300781,144.5672607421875
21606,-37.69890213012695,144.56736755371094
21607,-37.69890213012695,144.5674591064453
21608,-37.69903564453125,144.56849670410156
21609,-37.69907760620117,144.5686492919922
21610,-37.69921112060547,144.56910705566406
21611,-37.69925308227539,144.56947326660156
21612,-37.69924545288086,144.56993103027344
21613,-37.69925308227539,144.5703582763672
21614,-37.71267318725586,144.5565185546875
21615,-37.71266174316406,144.5564727783203
21616,-37.712642669677734,144.55633544921875
21617,-37.71261978149414,144.5562286376953
21618,-37.71260070800781,144.55615234375
21619,-37.71257781982422,144.55609130859375
21620,-37.712547302246094,144.55601501464844
21621,-37.712520599365234,144.5559539794922
21622,-37.712493896484375,144.555908203125
21623,-37.71245574951172,144.55584716796875
21624,-37.7124137878418,144.5557861328125
21625,-37.71237564086914,144.5557403564453
21626,-37.712196350097656,144.55552673339844
21627,-37.712127685546875,144.55543518066406
21628,-37.71210861206055,144.555419921875
21629,-37.68949890136719,144.546142578125
21630,-37.69009017944336,144.54603576660156
21631,-37.69051742553711,144.5459442138672
21632,-37.690574645996094,144.5463409423828
21633,-37.690555572509766,144.54620361328125
21634,-37.690589904785156,144.54644775390625
21635,-37.6906623840332,144.5470428466797
21636,-37.69043731689453,144.5470733642578
21637,-37.68999481201172,144.54678344726562
21638,-37.689674377441406,144.54637145996094
21639,-37.68925476074219,144.54583740234375
21640,-37.68900680541992,144.54505920410156
21641,-37.688758850097656,144.54428100585938
21642,-37.6901969909668,144.54400634765625
21643,-37.69028854370117,144.5439910888672
21644,-37.69038391113281,144.5447998046875
21645,-37.69047164916992,144.54559326171875
21646,-37.69004821777344,144.54568481445312
21647,-37.69095993041992,144.54750061035156
21648,-37.690673828125,144.5473175048828
21649,-37.68869400024414,144.5441131591797
21650,-37.688663482666016,144.5438690185547
21651,-37.690269470214844,144.54373168945312
21652,-37.7014045715332,144.53964233398438
21653,-37.70155715942383,144.5403289794922
21654,-37.70159912109375,144.54043579101562
21655,-37.701690673828125,144.54043579101562
21656,-37.70264434814453,144.5400848388672
21657,-37.70098876953125,144.5398406982422
21658,-37.70106887817383,144.539794921875
21659,-37.70122528076172,144.5397186279297
21660,-37.700347900390625,144.53732299804688
21661,-37.7001953125,144.53741455078125
21662,-37.70012664794922,144.53746032714844
21663,-37.69951248168945,144.53787231445312
21664,-37.69889831542969,144.5382843017578
21665,-37.698883056640625,144.5383758544922
21666,-37.69902801513672,144.5395965576172
21667,-37.699119567871094,144.53964233398438
21668,-37.69940185546875,144.5395965576172
21669,-37.69953918457031,144.5395965576172
21670,-37.69990921020508,144.5396728515625
21671,-37.700687408447266,144.5398712158203
21672,-37.70077896118164,144.5398712158203
21673,-37.70315933227539,144.544677734375
21674,-37.703121185302734,144.5443572998047
21675,-37.703128814697266,144.54429626464844
21676,-37.7031135559082,144.5442657470703
21677,-37.703067779541016,144.54412841796875
21678,-37.70287322998047,144.5440673828125
21679,-37.70276641845703,144.5439910888672
21680,-37.702388763427734,144.54364013671875
21681,-37.70227813720703,144.5435333251953
21682,-37.6991081237793,144.54043579101562
21683,-37.700950622558594,144.54086303710938
21684,-37.700523376464844,144.5388946533203
21685,-37.700618743896484,144.53897094726562
21686,-37.70065689086914,144.53897094726562
21687,-37.7008056640625,144.53900146484375
21688,-37.70244598388672,144.53924560546875
21689,-37.723533630371094,144.6256866455078
21690,-37.725040435791016,144.6254425048828
21691,-37.72333526611328,144.62493896484375
21692,-37.724952697753906,144.62466430664062
21693,-37.72319030761719,144.62457275390625
21694,-37.72290802001953,144.62461853027344
21695,-37.7248649597168,144.62388610839844
21696,-37.7348747253418,144.64199829101562
21697,-37.73478698730469,144.6419219970703
21698,-37.734683990478516,144.64181518554688
21699,-37.734405517578125,144.64149475097656
21700,-37.73434829711914,144.6414337158203
21701,-37.73414611816406,144.64125061035156
21702,-37.73447036743164,144.64137268066406
21703,-37.734535217285156,144.64122009277344
21704,-37.73456573486328,144.64112854003906
21705,-37.734580993652344,144.6410369873047
21706,-37.734588623046875,144.6409454345703
21707,-37.73454666137695,144.6404571533203
21708,-37.734527587890625,144.64022827148438
21709,-37.735069274902344,144.64125061035156
21710,-37.735496520996094,144.6411895751953
21711,-37.73555374145508,144.6411590576172
21712,-37.7355842590332,144.64112854003906
21713,-37.73558807373047,144.64108276367188
21714,-37.7355842590332,144.64102172851562
21715,-37.735565185546875,144.6409454345703
21716,-37.73537063598633,144.640380859375
21717,-37.73533630371094,144.64035034179688
21718,-37.73527908325195,144.64035034179688
21719,-37.73579025268555,144.64175415039062
21720,-37.72334671020508,144.6250457763672
21721,-37.7236442565918,144.62615966796875
21722,-37.72261428833008,144.62466430664062
21723,-37.722503662109375,144.62474060058594
21724,-37.722084045410156,144.62501525878906
21725,-37.72193145751953,144.62510681152344
21726,-37.72140884399414,144.6254425048828
21727,-37.7210693359375,144.6211700439453
21728,-37.72121810913086,144.6211395263672
21729,-37.72220230102539,144.6209716796875
21730,-37.7208251953125,144.62037658691406
21731,-37.72061538696289,144.61846923828125
21732,-37.72066116333008,144.6183624267578
21733,-37.72080993652344,144.61830139160156
21734,-37.72122573852539,144.6182098388672
21735,-37.72175216674805,144.61810302734375
21736,-37.72186279296875,144.61814880371094
21737,-37.72191619873047,144.61834716796875
21738,-37.722110748291016,144.6201629638672
21739,-37.7214469909668,144.62026977539062
21740,-37.72169876098633,144.60214233398438
21741,-37.7216911315918,144.60202026367188
21742,-37.72140121459961,144.5994415283203
21743,-37.72208023071289,144.59933471679688
21744,-37.72269821166992,144.59922790527344
21745,-37.72299575805664,144.5991668701172
21746,-37.72237014770508,144.60189819335938
21747,-37.72235870361328,144.601806640625
21748,-37.72285842895508,144.60064697265625
21749,-37.725341796875,144.598388671875
21750,-37.72542190551758,144.59837341308594
21751,-37.72850799560547,144.5978546142578
21752,-37.730560302734375,144.59750366210938
21753,-37.73086166381836,144.5974578857422
21754,-37.73124694824219,144.59738159179688
21755,-37.7315788269043,144.59730529785156
21756,-37.731910705566406,144.5972137451172
21757,-37.732147216796875,144.59715270996094
21758,-37.732330322265625,144.59707641601562
21759,-37.72540283203125,144.59820556640625
21760,-37.725250244140625,144.5969696044922
21761,-37.72517395019531,144.59658813476562
21762,-37.72482681274414,144.63453674316406
21763,-37.72468948364258,144.6341094970703
21764,-37.72445297241211,144.6335906982422
21765,-37.724395751953125,144.6331024169922
21766,-37.724361419677734,144.63278198242188
21767,-37.724308013916016,144.63226318359375
21768,-37.72426223754883,144.6318817138672
21769,-37.724212646484375,144.63140869140625
21770,-37.72417068481445,144.6309814453125
21771,-37.724143981933594,144.63075256347656
21772,-37.72401428222656,144.63438415527344
21773,-37.72407531738281,144.63491821289062
21774,-37.72404098510742,144.63504028320312
21775,-37.723609924316406,144.6350555419922
21776,-37.72321701049805,144.6351318359375
21777,-37.72310256958008,144.63510131835938
21778,-37.72282028198242,144.63424682617188
21779,-37.722572326660156,144.6334991455078
21780,-37.72229766845703,144.63265991210938
21781,-37.7220344543457,144.63186645507812
21782,-37.72199630737305,144.63174438476562
21783,-37.723487854003906,144.631103515625
21784,-37.723472595214844,144.631103515625
21785,-37.72285079956055,144.63143920898438
21786,-37.72351837158203,144.63201904296875
21787,-37.72370147705078,144.63290405273438
21788,-37.723873138427734,144.63369750976562
21789,-37.72344207763672,144.63392639160156
21790,-37.723609924316406,144.63442993164062
21791,-37.72372817993164,144.63442993164062
21792,-37.72430419921875,144.6343231201172
21793,-37.7243537902832,144.63430786132812
21794,-37.724796295166016,144.63304138183594
21795,-37.72470474243164,144.6322021484375
21796,-37.724613189697266,144.63134765625
21797,-37.721031188964844,144.62257385253906
21798,-37.721370697021484,144.62252807617188
21799,-37.72172164916992,144.62246704101562
21800,-37.72235870361328,144.6223907470703
21801,-37.72129440307617,144.62184143066406
21802,-37.7222785949707,144.6216583251953
21803,-37.721961975097656,144.62469482421875
21804,-37.7213134765625,144.6250762939453
21805,-37.72295379638672,144.61790466308594
21806,-37.72470474243164,144.6201171875
21807,-37.725120544433594,144.62005615234375
21808,-37.72565841674805,144.61996459960938
21809,-37.72618865966797,144.619873046875
21810,-37.72649002075195,144.62255859375
21811,-37.7264289855957,144.6219940185547
21812,-37.72634506225586,144.62127685546875
21813,-37.72627258300781,144.62062072753906
21814,-37.726234436035156,144.62026977539062
21815,-37.726016998291016,144.6182403564453
21816,-37.724788665771484,144.62088012695312
21817,-37.724857330322266,144.6215362548828
21818,-37.724937438964844,144.6222686767578
21819,-37.72499465942383,144.622802734375
21820,-37.72587966918945,144.6183319091797
21821,-37.72563934326172,144.6183624267578
21822,-37.72550964355469,144.61846923828125
21823,-37.725494384765625,144.61849975585938
21824,-37.72551345825195,144.61866760253906
21825,-37.72624588012695,144.61810302734375
21826,-37.72620391845703,144.6177215576172
21827,-37.725826263427734,144.61776733398438
21828,-37.72465133666992,144.6192626953125
21829,-37.72502517700195,144.6191864013672
21830,-37.724693298339844,144.61761474609375
21831,-37.72478485107422,144.6184539794922
21832,-37.72494888305664,144.61842346191406
21833,-37.72498321533203,144.61875915527344
21834,-37.726531982421875,144.62020874023438
21835,-37.72502899169922,144.61004638671875
21836,-37.72502136230469,144.60995483398438
21837,-37.72499084472656,144.60968017578125
21838,-37.7270393371582,144.6092987060547
21839,-37.727088928222656,144.60972595214844
21840,-37.727256774902344,144.61131286621094
21841,-37.727294921875,144.61170959472656
21842,-37.72779846191406,144.60960388183594
21843,-37.7278938293457,144.61045837402344
21844,-37.72799301147461,144.61131286621094
21845,-37.72804260253906,144.6117401123047
21846,-37.72906494140625,144.61026000976562
21847,-37.72834777832031,144.6112518310547
21848,-37.726314544677734,144.60943603515625
21849,-37.726593017578125,144.61183166503906
21850,-37.721317291259766,144.59945678710938
21851,-37.720863342285156,144.5995330810547
21852,-37.73003005981445,144.6104736328125
21853,-37.730648040771484,144.61077880859375
21854,-37.731353759765625,144.6108856201172
21855,-37.73136901855469,144.6110382080078
21856,-37.731727600097656,144.61099243164062
21857,-37.7276725769043,144.59596252441406
21858,-37.72710418701172,144.5960693359375
21859,-37.727294921875,144.59779357910156
21860,-37.72699737548828,144.59783935546875
21861,-37.72747802734375,144.59776306152344
21862,-37.727787017822266,144.59771728515625
21863,-37.73115921020508,144.6005401611328
21864,-37.730289459228516,144.6006622314453
21865,-37.72932815551758,144.60081481933594
21866,-37.72861862182617,144.60098266601562
21867,-37.72835922241211,144.6010284423828
21868,-37.72854232788086,144.6001739501953
21869,-37.72861099243164,144.59996032714844
21870,-37.72845458984375,144.59829711914062
21871,-37.728485107421875,144.59817504882812
21872,-37.72916030883789,144.59805297851562
21873,-37.729671478271484,144.59796142578125
21874,-37.72978210449219,144.59800720214844
21875,-37.72987365722656,144.59901428222656
21876,-37.72926330566406,144.59910583496094
21877,-37.73012924194336,144.59898376464844
21878,-37.730159759521484,144.5993194580078
21879,-37.73019790649414,144.59971618652344
21880,-37.73024368286133,144.60020446777344
21881,-37.729331970214844,144.59983825683594
21882,-37.73088073730469,144.60009765625
21883,-37.730796813964844,144.59922790527344
21884,-37.72817611694336,144.58876037597656
21885,-37.727638244628906,144.58828735351562
21886,-37.727664947509766,144.58840942382812
21887,-37.72898864746094,144.5883331298828
21888,-37.702945709228516,144.61744689941406
21889,-37.702171325683594,144.61549377441406
21890,-37.701961517333984,144.61497497558594
21891,-37.70059585571289,144.61648559570312
21892,-37.71860885620117,144.5660858154297
21893,-37.718833923339844,144.56605529785156
21894,-37.737064361572266,144.57191467285156
21895,-37.737693786621094,144.5720672607422
21896,-37.73833465576172,144.57223510742188
21897,-37.738399505615234,144.5718231201172
21898,-37.73688888549805,144.5720672607422
21899,-37.73661804199219,144.57374572753906
21900,-37.736175537109375,144.5764617919922
21901,-37.739864349365234,144.57647705078125
21902,-37.739952087402344,144.5764923095703
21903,-37.7398681640625,144.5763397216797
21904,-37.715694427490234,144.55604553222656
21905,-37.7150764465332,144.55616760253906
21906,-37.71554946899414,144.5548553466797
21907,-37.714935302734375,144.55499267578125
21908,-37.71498489379883,144.5553741455078
21909,-37.71342086791992,144.5556640625
21910,-37.712074279785156,144.5553741455078
21911,-37.71207809448242,144.55532836914062
21912,-37.71283721923828,144.5542755126953
21913,-37.712955474853516,144.55422973632812
21914,-37.65269470214844,144.57315063476562
21915,-37.65277862548828,144.57394409179688
21916,-37.65274429321289,144.5740203857422
21917,-37.65181350708008,144.57418823242188
21918,-37.651737213134766,144.57412719726562
21919,-37.65163803100586,144.57342529296875
21920,-37.651676177978516,144.57334899902344
21921,-37.706825256347656,144.6067352294922
21922,-37.68478775024414,144.56204223632812
21923,-37.6852912902832,144.5543212890625
21924,-37.68528747558594,144.55441284179688
21925,-37.68529510498047,144.55429077148438
21926,-37.712486267089844,144.6007080078125
21927,-37.712120056152344,144.60076904296875
21928,-37.711917877197266,144.60081481933594
21929,-37.71198654174805,144.60081481933594
21930,-37.71214294433594,144.600830078125
21931,-37.712257385253906,144.600830078125
21932,-37.71416473388672,144.6005096435547
21933,-37.713645935058594,144.60067749023438
21934,-37.713417053222656,144.60072326660156
21935,-37.71361541748047,144.60067749023438
21936,-37.713043212890625,144.6007843017578
21937,-37.6601676940918,144.5729522705078
21938,-37.660621643066406,144.5728759765625
21939,-37.661930084228516,144.57260131835938
21940,-37.66218185424805,144.57254028320312
21941,-37.66402816772461,144.57215881347656
21942,-37.664031982421875,144.57215881347656
21943,-37.66417694091797,144.57211303710938
21944,-37.66535186767578,144.57188415527344
21945,-37.67093276977539,144.5708465576172
21946,-37.6710319519043,144.57081604003906
21947,-37.67134475708008,144.57077026367188
21948,-37.67116928100586,144.57080078125
21949,-37.67177200317383,144.5706787109375
21950,-37.67243576049805,144.57052612304688
21951,-37.672698974609375,144.5703125
21952,-37.673152923583984,144.5702362060547
21953,-37.67313003540039,144.5702362060547
21954,-37.67314910888672,144.57040405273438
21955,-37.67316818237305,144.57040405273438
21956,-37.67759323120117,144.56954956054688
21957,-37.67768478393555,144.5695343017578
21958,-37.67772674560547,144.56951904296875
21959,-37.67760467529297,144.56939697265625
21960,-37.67757797241211,144.56939697265625
21961,-37.67808151245117,144.56947326660156
21962,-37.67817687988281,144.5694580078125
21963,-37.6780891418457,144.5692901611328
21964,-37.678001403808594,144.5692901611328
21965,-37.68357849121094,144.5682830810547
21966,-37.68339538574219,144.5683135986328
21967,-37.68243408203125,144.56846618652344
21968,-37.68199920654297,144.56854248046875
21969,-37.68492889404297,144.56802368164062
21970,-37.687171936035156,144.56771850585938
21971,-37.687408447265625,144.5675048828125
21972,-37.68741989135742,144.56765747070312
21973,-37.687679290771484,144.5674591064453
21974,-37.68765640258789,144.5674591064453
21975,-37.68741989135742,144.5675048828125
21976,-37.68743896484375,144.56765747070312
21977,-37.69457244873047,144.56634521484375
21978,-37.69441604614258,144.56629943847656
21979,-37.698577880859375,144.5655517578125
21980,-37.69868469238281,144.5655059814453
21981,-37.69874954223633,144.5654754638672
21982,-37.6988525390625,144.56546020507812
21983,-37.69435501098633,144.56631469726562
21984,-37.69418716430664,144.56634521484375
21985,-37.69437026977539,144.566162109375
21986,-37.69416046142578,144.5662078857422
21987,-37.69379806518555,144.56642150878906
21988,-37.6938362121582,144.56640625
21989,-37.69859313964844,144.5653839111328
21990,-37.698543548583984,144.5653839111328
21991,-37.69886779785156,144.5653076171875
21992,-37.698734283447266,144.5653533935547
21993,-37.69936752319336,144.56524658203125
21994,-37.69926071166992,144.5652618408203
21995,-37.701507568359375,144.56495666503906
21996,-37.70159149169922,144.56494140625
21997,-37.701576232910156,144.56480407714844
21998,-37.7015495300293,144.5648193359375
21999,-37.71885681152344,144.56167602539062
22000,-37.719154357910156,144.56158447265625
22001,-37.720767974853516,144.56129455566406
22002,-37.7216682434082,144.5611114501953
22003,-37.721824645996094,144.56112670898438
22004,-37.6592903137207,144.5731201171875
22005,-37.658782958984375,144.57321166992188
22006,-37.6573600769043,144.57337951660156
22007,-37.65621566772461,144.5736083984375
22008,-37.656131744384766,144.57362365722656
22009,-37.655391693115234,144.5737762451172
22010,-37.65530014038086,144.57379150390625
22011,-37.65486145019531,144.57391357421875
22012,-37.65248107910156,144.5743865966797
22013,-37.7135009765625,144.61978149414062
22014,-37.713836669921875,144.6197052001953
22015,-37.714168548583984,144.61961364746094
22016,-37.714481353759766,144.6195068359375
22017,-37.71470260620117,144.61940002441406
22018,-37.714935302734375,144.61924743652344
22019,-37.71468734741211,144.61932373046875
22020,-37.71443557739258,144.61936950683594
22021,-37.69443130493164,144.5767059326172
22022,-37.722145080566406,144.62046813964844
22023,-37.720916748046875,144.62118530273438
22024,-37.726959228515625,144.59608459472656
22025,-37.72518539428711,144.59690856933594
22026,-37.72532272338867,144.59820556640625
22027,-37.72507095336914,144.5959930419922
22028,-37.725128173828125,144.59625244140625
22029,-37.721923828125,144.60205078125
22030,-37.72200012207031,144.60275268554688
22031,-37.722068786621094,144.60279846191406
22032,-37.72222137451172,144.60275268554688
22033,-37.72235870361328,144.6027374267578
22034,-37.72331237792969,144.60255432128906
22035,-37.72114944458008,144.60235595703125
22036,-37.7212028503418,144.60232543945312
22037,-37.72273254394531,144.60183715820312
22038,-37.721065521240234,144.60252380371094
22039,-37.721099853515625,144.60250854492188
22040,-37.721126556396484,144.60247802734375
22041,-37.72114562988281,144.60244750976562
22042,-37.721153259277344,144.60240173339844
22043,-37.721134185791016,144.60231018066406
22044,-37.721107482910156,144.60227966308594
22045,-37.72107696533203,144.60226440429688
22046,-37.72104263305664,144.6022491455078
22047,-37.72100830078125,144.60226440429688
22048,-37.720977783203125,144.60227966308594
22049,-37.720970153808594,144.602294921875
22050,-37.72095489501953,144.60231018066406
22051,-37.72093963623047,144.60235595703125
22052,-37.7209358215332,144.60240173339844
22053,-37.720947265625,144.60244750976562
22054,-37.72096633911133,144.60247802734375
22055,-37.72098159790039,144.6024932861328
22056,-37.72099304199219,144.60250854492188
22057,-37.72102737426758,144.60252380371094
22058,-37.720985412597656,144.60203552246094
22059,-37.721065521240234,144.60275268554688
22060,-37.72096252441406,144.60179138183594
22061,-37.7214241027832,144.60581970214844
22062,-37.72722625732422,144.6096954345703
22063,-37.72899627685547,144.609375
22064,-37.724273681640625,144.6097412109375
22065,-37.729679107666016,144.6105194091797
22066,-37.73046112060547,144.61041259765625
22067,-37.713706970214844,144.56419372558594
22068,-37.7233772277832,144.56298828125
22069,-37.73679733276367,144.57183837890625
22070,-37.736785888671875,144.5718994140625
22071,-37.736793518066406,144.57196044921875
22072,-37.736812591552734,144.57200622558594
22073,-37.73684310913086,144.57205200195312
22074,-37.7370491027832,144.5718231201172
22075,-37.737022399902344,144.57177734375
22076,-37.73698425292969,144.57174682617188
22077,-37.73694610595703,144.5717315673828
22078,-37.73693084716797,144.57208251953125
22079,-37.73697280883789,144.5720672607422
22080,-37.73701095581055,144.57203674316406
22081,-37.73704147338867,144.57199096679688
22082,-37.737056732177734,144.5719451904297
22083,-37.73689270019531,144.5717315673828
22084,-37.73685073852539,144.57176208496094
22085,-37.736820220947266,144.57179260253906
22086,-37.736995697021484,144.57142639160156
22087,-37.68840789794922,144.60995483398438
22088,-37.6885986328125,144.6109619140625
22089,-37.69206619262695,144.6099090576172
22090,-37.692237854003906,144.60975646972656
22091,-37.691650390625,144.6089630126953
22092,-37.693504333496094,144.611572265625
22093,-37.68888854980469,144.61251831054688
22094,-37.68962097167969,144.58645629882812
22095,-37.68937301635742,144.58644104003906
22096,-37.689327239990234,144.58645629882812
22097,-37.68930435180664,144.58651733398438
22098,-37.68928527832031,144.5874481201172
22099,-37.688785552978516,144.58750915527344
22100,-37.68874740600586,144.5874786376953
22101,-37.68873596191406,144.58743286132812
22102,-37.68876647949219,144.58641052246094
22103,-37.68973922729492,144.58737182617188
22104,-37.68972396850586,144.5872344970703
22105,-37.688541412353516,144.58592224121094
22106,-37.68874740600586,144.5858917236328
22107,-37.68876647949219,144.5858917236328
22108,-37.68907165527344,144.58584594726562
22109,-37.689186096191406,144.58578491210938
22110,-37.689300537109375,144.5857391357422
22111,-37.68934631347656,144.58572387695312
22112,-37.68938446044922,144.58575439453125
22113,-37.68940734863281,144.58580017089844
22114,-37.68940734863281,144.58583068847656
22115,-37.68940734863281,144.5858612060547
22116,-37.68938064575195,144.58590698242188
22117,-37.689353942871094,144.58592224121094
22118,-37.68930435180664,144.58592224121094
22119,-37.68924331665039,144.58590698242188
22120,-37.689186096191406,144.5858917236328
22121,-37.689395904541016,144.5855255126953
22122,-37.68938446044922,144.58546447753906
22123,-37.689353942871094,144.58541870117188
22124,-37.68931579589844,144.58541870117188
22125,-37.688819885253906,144.58555603027344
22126,-37.688785552978516,144.58558654785156
22127,-37.68876647949219,144.58567810058594
22128,-37.688785552978516,144.58607482910156
22129,-37.688804626464844,144.5861053466797
22130,-37.688838958740234,144.58612060546875
22131,-37.6889533996582,144.58612060546875
22132,-37.689090728759766,144.5861358642578
22133,-37.68928146362305,144.5861358642578
22134,-37.68935012817383,144.5861358642578
22135,-37.689369201660156,144.58609008789062
22136,-37.68937301635742,144.58602905273438
22137,-37.68949890136719,144.5858154296875
22138,-37.68941879272461,144.58615112304688
22139,-37.68946838378906,144.58616638183594
22140,-37.68876647949219,144.5855255126953
22141,-37.68875503540039,144.58547973632812
22142,-37.665283203125,144.58746337890625
22143,-37.66516876220703,144.58807373046875
22144,-37.6651725769043,144.58822631835938
22145,-37.66524124145508,144.58840942382812
22146,-37.66547775268555,144.5888214111328
22147,-37.66550064086914,144.5888671875
22148,-37.66552734375,144.58892822265625
22149,-37.665592193603516,144.5894775390625
22150,-37.66566467285156,144.59010314941406
22151,-37.66783142089844,144.58889770507812
22152,-37.66728210449219,144.58901977539062
22153,-37.66714859008789,144.58908081054688
22154,-37.66692352294922,144.58920288085938
22155,-37.66676330566406,144.58924865722656
22156,-37.715354919433594,144.60018920898438
22157,-37.7359504699707,144.6053924560547
22158,-37.734806060791016,144.60556030273438
22159,-37.73459243774414,144.6055908203125
22160,-37.734161376953125,144.60565185546875
22161,-37.73394775390625,144.60568237304688
22162,-37.73371505737305,144.605712890625
22163,-37.7214469909668,144.6085968017578
22164,-37.72138595581055,144.60861206054688
22165,-37.72135543823242,144.60861206054688
22166,-37.72165298461914,144.60845947265625
22167,-37.721588134765625,144.60853576660156
22168,-37.721527099609375,144.6085662841797
22169,-37.72002410888672,144.60885620117188
22170,-37.7198600769043,144.60888671875
22171,-37.719627380371094,144.6089324951172
22172,-37.71925735473633,144.60899353027344
22173,-37.7190055847168,144.60903930664062
22174,-37.717960357666016,144.60923767089844
22175,-37.7178840637207,144.6092529296875
22176,-37.71706008911133,144.60939025878906
22177,-37.71680450439453,144.60943603515625
22178,-37.71558380126953,144.60964965820312
22179,-37.71520233154297,144.60972595214844
22180,-37.715003967285156,144.60975646972656
22181,-37.7149772644043,144.60975646972656
22182,-37.714900970458984,144.6097869873047
22183,-37.72829055786133,144.5887451171875
22184,-37.7287712097168,144.58865356445312
22185,-37.72665786743164,144.58908081054688
22186,-37.7265739440918,144.589111328125
22187,-37.72644805908203,144.5891571044922
22188,-37.72642517089844,144.5891571044922
22189,-37.72630310058594,144.58920288085938
22190,-37.72547149658203,144.58958435058594
22191,-37.72502517700195,144.58985900878906
22192,-37.72480773925781,144.5900421142578
22193,-37.72465896606445,144.59017944335938
22194,-37.724586486816406,144.59024047851562
22195,-37.72443389892578,144.59043884277344
22196,-37.72425079345703,144.59068298339844
22197,-37.72372817993164,144.5913543701172
22198,-37.723514556884766,144.59161376953125
22199,-37.722225189208984,144.5928497314453
22200,-37.722042083740234,144.59300231933594
22201,-37.72182846069336,144.59317016601562
22202,-37.721458435058594,144.59341430664062
22203,-37.72126388549805,144.5935516357422
22204,-37.72108840942383,144.5936737060547
22205,-37.72085189819336,144.5938262939453
22206,-37.720645904541016,144.5939483642578
22207,-37.720558166503906,144.59400939941406
22208,-37.720340728759766,144.59413146972656
22209,-37.72024917602539,144.59417724609375
22210,-37.720027923583984,144.59429931640625
22211,-37.71989059448242,144.59437561035156
22212,-37.71860122680664,144.5949249267578
22213,-37.71833801269531,144.5950164794922
22214,-37.71818161010742,144.5950469970703
22215,-37.71794509887695,144.5950927734375
22216,-37.71787643432617,144.59510803222656
22217,-37.71754837036133,144.5951690673828
22218,-37.717281341552734,144.59521484375
22219,-37.716712951660156,144.59530639648438
22220,-37.716636657714844,144.59532165527344
22221,-37.71636962890625,144.59539794921875
22222,-37.712955474853516,144.59864807128906
22223,-37.71296310424805,144.5987091064453
22224,-37.712955474853516,144.59878540039062
22225,-37.71310806274414,144.5972137451172
22226,-37.71306228637695,144.5972900390625
22227,-37.71298599243164,144.59750366210938
22228,-37.71294021606445,144.59767150878906
22229,-37.713565826416016,144.59666442871094
22230,-37.713436126708984,144.59677124023438
22231,-37.71331787109375,144.59689331054688
22232,-37.713172912597656,144.5970916748047
22233,-37.71384811401367,144.59645080566406
22234,-37.71378707885742,144.59649658203125
22235,-37.713584899902344,144.59664916992188
22236,-37.71455001831055,144.59593200683594
22237,-37.7143440246582,144.59608459472656
22238,-37.71483612060547,144.5957489013672
22239,-37.714725494384766,144.59580993652344
22240,-37.714561462402344,144.59593200683594
22241,-37.7149543762207,144.59568786621094
22242,-37.714900970458984,144.59571838378906
22243,-37.7152214050293,144.5955810546875
22244,-37.715091705322266,144.5956268310547
22245,-37.71559524536133,144.59548950195312
22246,-37.71549606323242,144.5955047607422
22247,-37.71525573730469,144.59556579589844
22248,-37.71572494506836,144.59542846679688
22249,-37.715694427490234,144.59544372558594
22250,-37.71564483642578,144.59547424316406
22251,-37.71584701538086,144.59535217285156
22252,-37.71580505371094,144.5953826904297
22253,-37.71576690673828,144.5954132080078
22254,-37.71574401855469,144.59542846679688
22255,-37.71560287475586,144.5955810546875
22256,-37.71565246582031,144.59555053710938
22257,-37.715702056884766,144.5955352783203
22258,-37.71525573730469,144.59568786621094
22259,-37.71537399291992,144.59564208984375
22260,-37.71559524536133,144.5955810546875
22261,-37.715087890625,144.5957489013672
22262,-37.71514129638672,144.59573364257812
22263,-37.71480941772461,144.5959014892578
22264,-37.71488952636719,144.59584045410156
22265,-37.714599609375,144.59603881835938
22266,-37.714622497558594,144.5960235595703
22267,-37.71472930908203,144.595947265625
22268,-37.713890075683594,144.5965576171875
22269,-37.71367263793945,144.59671020507812
22270,-37.71383285522461,144.5966033935547
22271,-37.71318435668945,144.59732055664062
22272,-37.71319580078125,144.5972900390625
22273,-37.71327590942383,144.5971221923828
22274,-37.713417053222656,144.59693908691406
22275,-37.71358871459961,144.59677124023438
22276,-37.71303939819336,144.59774780273438
22277,-37.713043212890625,144.59771728515625
22278,-37.713111877441406,144.59747314453125
22279,-37.71302795410156,144.59857177734375
22280,-37.71302032470703,144.59854125976562
22281,-37.71299743652344,144.5983123779297
22282,-37.71300506591797,144.59796142578125
22283,-37.713050842285156,144.5987548828125
22284,-37.71303939819336,144.59869384765625
22285,-37.71303176879883,144.5986328125
22286,-37.71314239501953,144.60043334960938
22287,-37.7131462097168,144.60047912597656
22288,-37.71303176879883,144.59934997558594
22289,-37.71314239501953,144.60043334960938
22290,-37.71321105957031,144.60025024414062
22291,-37.713104248046875,144.59927368164062
22292,-37.713233947753906,144.6004638671875
22293,-37.71595001220703,144.5957489013672
22294,-37.71539306640625,144.59060668945312
22295,-37.71541213989258,144.59066772460938
22296,-37.715415954589844,144.59068298339844
22297,-37.715423583984375,144.59072875976562
22298,-37.71543884277344,144.59080505371094
22299,-37.716060638427734,144.59521484375
22300,-37.716041564941406,144.59515380859375
22301,-37.71603012084961,144.59512329101562
22302,-37.715999603271484,144.59503173828125
22303,-37.71537399291992,144.58985900878906
22304,-37.715049743652344,144.5870819091797
22305,-37.714996337890625,144.58660888671875
22306,-37.714942932128906,144.58615112304688
22307,-37.714969635009766,144.57838439941406
22308,-37.71493148803711,144.57806396484375
22309,-37.71488571166992,144.57765197753906
22310,-37.71488571166992,144.57765197753906
22311,-37.71486282348633,144.57754516601562
22312,-37.71483612060547,144.5773468017578
22313,-37.7148323059082,144.57723999023438
22314,-37.71482467651367,144.5771942138672
22315,-37.7184944152832,144.56103515625
22316,-37.71846389770508,144.56069946289062
22317,-37.71846389770508,144.56068420410156
22318,-37.718441009521484,144.560302734375
22319,-37.718448638916016,144.5598907470703
22320,-37.718448638916016,144.55960083007812
22321,-37.71844482421875,144.5592803955078
22322,-37.71841812133789,144.55894470214844
22323,-37.71834182739258,144.55831909179688
22324,-37.71830368041992,144.55801391601562
22325,-37.718299865722656,144.55795288085938
22326,-37.71812057495117,144.55648803710938
22327,-37.718082427978516,144.55618286132812
22328,-37.718013763427734,144.5556182861328
22329,-37.71798324584961,144.55532836914062
22330,-37.71786880493164,144.55438232421875
22331,-37.717838287353516,144.55410766601562
22332,-37.7177619934082,144.55349731445312
22333,-37.71774673461914,144.55335998535156
22334,-37.73709487915039,144.57647705078125
22335,-37.7380256652832,144.57650756835938
22336,-37.73311233520508,144.5763702392578
22337,-37.73336410522461,144.57638549804688
22338,-37.735130310058594,144.57643127441406
22339,-37.7324333190918,144.57632446289062
22340,-37.73274612426758,144.57635498046875
22341,-37.73236846923828,144.57574462890625
22342,-37.7322883605957,144.5762176513672
22343,-37.7322998046875,144.57615661621094
22344,-37.732303619384766,144.5761260986328
22345,-37.732486724853516,144.57447814941406
22346,-37.73230743408203,144.5755615234375
22347,-37.73255157470703,144.57408142089844
22348,-37.732635498046875,144.57357788085938
22349,-37.732688903808594,144.57318115234375
22350,-37.73268508911133,144.57327270507812
22351,-37.73268127441406,144.57330322265625
22352,-37.73271179199219,144.57298278808594
22353,-37.73269271850586,144.572998046875
22354,-37.73268508911133,144.5730438232422
22355,-37.73268508911133,144.5730743408203
22356,-37.733028411865234,144.5717010498047
22357,-37.733055114746094,144.571533203125
22358,-37.73307418823242,144.5714111328125
22359,-37.73310089111328,144.57125854492188
22360,-37.73310470581055,144.5712432861328
22361,-37.73311996459961,144.57113647460938
22362,-37.73312759399414,144.571044921875
22363,-37.73313903808594,144.5709686279297
22364,-37.733158111572266,144.5709228515625
22365,-37.73316192626953,144.57090759277344
22366,-37.733192443847656,144.5708465576172
22367,-37.73292922973633,144.57179260253906
22368,-37.73300552368164,144.5713348388672
22369,-37.73294448852539,144.57168579101562
22370,-37.733055114746094,144.57107543945312
22371,-37.73309326171875,144.5708465576172
22372,-37.73308563232422,144.57089233398438
22373,-37.73307800292969,144.57093811035156
22374,-37.73655700683594,144.57176208496094
22375,-37.73635482788086,144.5717010498047
22376,-37.7360725402832,144.5716094970703
22377,-37.735713958740234,144.5714874267578
22378,-37.735496520996094,144.57142639160156
22379,-37.7340087890625,144.57095336914062
22380,-37.73380661010742,144.57089233398438
22381,-37.73362350463867,144.57083129882812
22382,-37.7327766418457,144.57057189941406
22383,-37.732154846191406,144.57041931152344
22384,-37.73202896118164,144.5703887939453
22385,-37.731117248535156,144.5699462890625
22386,-37.73091125488281,144.56982421875
22387,-37.730873107910156,144.56980895996094
22388,-37.73041534423828,144.56956481933594
22389,-37.73038101196289,144.56954956054688
22390,-37.7299919128418,144.5692901611328
22391,-37.7299690246582,144.56927490234375
22392,-37.72935104370117,144.5691680908203
22393,-37.72905349731445,144.569091796875
22394,-37.72850799560547,144.56895446777344
22395,-37.72833251953125,144.56887817382812
22396,-37.72820281982422,144.56881713867188
22397,-37.727657318115234,144.5685577392578
22398,-37.727413177490234,144.56845092773438
22399,-37.727169036865234,144.56832885742188
22400,-37.726707458496094,144.568115234375
22401,-37.72647476196289,144.56800842285156
22402,-37.72642517089844,144.5679931640625
22403,-37.72636032104492,144.56797790527344
22404,-37.72630310058594,144.56796264648438
22405,-37.72624206542969,144.56796264648438
22406,-37.7261962890625,144.56797790527344
22407,-37.726192474365234,144.56797790527344
22408,-37.725948333740234,144.56802368164062
22409,-37.725364685058594,144.56825256347656
22410,-37.72538757324219,144.56825256347656
22411,-37.725406646728516,144.5682373046875
22412,-37.72538375854492,144.56802368164062
22413,-37.72535705566406,144.5680389404297
22414,-37.72533416748047,144.5680389404297
22415,-37.725460052490234,144.56817626953125
22416,-37.7254638671875,144.56814575195312
22417,-37.725460052490234,144.56809997558594
22418,-37.72544860839844,144.56808471679688
22419,-37.72542953491211,144.56805419921875
22420,-37.72305679321289,144.56857299804688
22421,-37.72294998168945,144.56858825683594
22422,-37.72291946411133,144.568603515625
22423,-37.714359283447266,144.57315063476562
22424,-37.71468734741211,144.5760040283203
22425,-37.714637756347656,144.57557678222656
22426,-37.7143440246582,144.57302856445312
22427,-37.72799301147461,144.57391357421875
22428,-37.728302001953125,144.57411193847656
22429,-37.7249870300293,144.5725860595703
22430,-37.725215911865234,144.57257080078125
22431,-37.72538757324219,144.5725860595703
22432,-37.72545623779297,144.5725860595703
22433,-37.725669860839844,144.57261657714844
22434,-37.725914001464844,144.57266235351562
22435,-37.72970199584961,144.5750274658203
22436,-37.7302360534668,144.57537841796875
22437,-37.730743408203125,144.57571411132812
22438,-37.7311897277832,144.57595825195312
22439,-37.73154830932617,144.5761260986328
22440,-37.73179244995117,144.57620239257812
22441,-37.732120513916016,144.57626342773438
22442,-37.724212646484375,144.5727081298828
22443,-37.72460174560547,144.57264709472656
22444,-37.724754333496094,144.57261657714844
22445,-37.72493362426758,144.5725860595703
22446,-37.72372055053711,144.5727996826172
22447,-37.7229118347168,144.57293701171875
22448,-37.7227668762207,144.5729522705078
22449,-37.72278594970703,144.5729522705078
22450,-37.722259521484375,144.57302856445312
22451,-37.72237014770508,144.57301330566406
22452,-37.72174072265625,144.5730438232422
22453,-37.72093200683594,144.57286071777344
22454,-37.7211799621582,144.5729522705078
22455,-37.72145462036133,144.57301330566406
22456,-37.721736907958984,144.5730438232422
22457,-37.719852447509766,144.57240295410156
22458,-37.72062301635742,144.57272338867188
22459,-37.705543518066406,144.5952911376953
22460,-37.70531463623047,144.59326171875
22461,-37.704811096191406,144.58885192871094
22462,-37.69548034667969,144.5764923095703
22463,-37.69526672363281,144.57652282714844
22464,-37.68891906738281,144.57774353027344
22465,-37.68587112426758,144.58352661132812
22466,-37.68589782714844,144.58352661132812
22467,-37.68598937988281,144.58338928222656
22468,-37.68593215942383,144.58340454101562
22469,-37.68587875366211,144.5834197998047
22470,-37.68961715698242,144.58441162109375
22471,-37.6895751953125,144.58425903320312
22472,-37.688812255859375,144.57794189453125
22473,-37.68758010864258,144.57798767089844
22474,-37.68827819824219,144.57786560058594
22475,-37.684669494628906,144.58026123046875
22476,-37.68465042114258,144.58050537109375
22477,-37.68484115600586,144.57823181152344
22478,-37.68492126464844,144.5784912109375
22479,-37.68494415283203,144.5782470703125
22480,-37.684444427490234,144.5837860107422
22481,-37.681556701660156,144.5878448486328
22482,-37.674842834472656,144.58567810058594
22483,-37.674503326416016,144.583740234375
22484,-37.67390823364258,144.57882690429688
22485,-37.673912048339844,144.57887268066406
22486,-37.67387771606445,144.57862854003906
22487,-37.67389678955078,144.57875061035156
22488,-37.67460632324219,144.5835723876953
22489,-37.67455291748047,144.58311462402344
22490,-37.67451858520508,144.58279418945312
22491,-37.67449188232422,144.58261108398438
22492,-37.67430114746094,144.58103942871094
22493,-37.67426300048828,144.5807342529297
22494,-37.6741828918457,144.58006286621094
22495,-37.682159423828125,144.57777404785156
22496,-37.682064056396484,144.5777587890625
22497,-37.68135070800781,144.5776824951172
22498,-37.68119430541992,144.57765197753906
22499,-37.68106460571289,144.57763671875
22500,-37.67375183105469,144.57777404785156
22501,-37.67379379272461,144.57789611816406
22502,-37.673831939697266,144.57803344726562
22503,-37.6738395690918,144.5781707763672
22504,-37.67308807373047,144.57240295410156
22505,-37.673885345458984,144.57762145996094
22506,-37.67374038696289,144.576416015625
22507,-37.673736572265625,144.57640075683594
22508,-37.67369842529297,144.5760955810547
22509,-37.67313766479492,144.5714111328125
22510,-37.65583801269531,144.57180786132812
22511,-37.6561164855957,144.573486328125
22512,-37.656166076660156,144.5731964111328
22513,-37.656150817871094,144.57310485839844
22514,-37.65592575073242,144.57205200195312
22515,-37.656124114990234,144.57289123535156
22516,-37.65619659423828,144.57347106933594
22517,-37.65508270263672,144.56704711914062
22518,-37.65507507324219,144.56735229492188
22519,-37.655086517333984,144.5667266845703
22520,-37.655094146728516,144.5668487548828
22521,-37.654937744140625,144.56527709960938
22522,-37.65504837036133,144.56614685058594
22523,-37.655059814453125,144.56629943847656
22524,-37.655067443847656,144.56639099121094
22525,-37.65507125854492,144.56643676757812
22526,-37.655086517333984,144.56671142578125
22527,-37.6549072265625,144.56503295898438
22528,-37.65491485595703,144.56509399414062
22529,-37.68223571777344,144.57794189453125
22530,-37.699119567871094,144.54217529296875
22531,-37.699134826660156,144.54212951660156
22532,-37.69913864135742,144.54209899902344
22533,-37.699127197265625,144.54205322265625
22534,-37.6991081237793,144.54200744628906
22535,-37.699031829833984,144.542236328125
22536,-37.699058532714844,144.542236328125
22537,-37.6990852355957,144.54222106933594
22538,-37.698936462402344,144.5420684814453
22539,-37.69893264770508,144.5421142578125
22540,-37.69894027709961,144.54214477539062
22541,-37.69895935058594,144.5421905517578
22542,-37.71992492675781,144.61048889160156
22543,-37.722618103027344,144.5819549560547
22544,-37.70126724243164,144.53872680664062
22545,-37.70123291015625,144.53854370117188
22546,-37.69907760620117,144.5402374267578
22547,-37.6991081237793,144.54055786132812
22548,-37.68264389038086,144.5774688720703
22549,-37.682674407958984,144.57736206054688
22550,-37.68265914916992,144.577392578125
22551,-37.685157775878906,144.59730529785156
22552,-37.68479537963867,144.59762573242188
22553,-37.68465805053711,144.5977325439453
22554,-37.684478759765625,144.59788513183594
22555,-37.684444427490234,144.59786987304688
22556,-37.68441390991211,144.5978240966797
22557,-37.68433380126953,144.59765625
22558,-37.68467330932617,144.59738159179688
22559,-37.68491744995117,144.59698486328125
22560,-37.68475341796875,144.59715270996094
22561,-37.68474197387695,144.59716796875
22562,-37.68473434448242,144.5972137451172
22563,-37.68416213989258,144.5977020263672
22564,-37.684715270996094,144.5967254638672
22565,-37.6846923828125,144.59674072265625
22566,-37.68455123901367,144.59686279296875
22567,-37.663818359375,144.57730102539062
22568,-37.66371154785156,144.57736206054688
22569,-37.66363525390625,144.57742309570312
22570,-37.663597106933594,144.57748413085938
22571,-37.663604736328125,144.57762145996094
22572,-37.663658142089844,144.57769775390625
22573,-37.663719177246094,144.57772827148438
22574,-37.66377258300781,144.57772827148438
22575,-37.66381072998047,144.57762145996094
22576,-37.6638298034668,144.57749938964844
22577,-37.66383361816406,144.577392578125
22578,-37.66394805908203,144.57728576660156
22579,-37.66398239135742,144.57769775390625
22580,-37.66401290893555,144.57797241210938
22581,-37.66401290893555,144.5780792236328
22582,-37.663997650146484,144.57814025878906
22583,-37.663936614990234,144.57821655273438
22584,-37.66371536254883,144.57833862304688
22585,-37.66366195678711,144.578369140625
22586,-37.66361618041992,144.57838439941406
22587,-37.663597106933594,144.57839965820312
22588,-37.66353225708008,144.5784454345703
22589,-37.66345977783203,144.57855224609375
22590,-37.66343688964844,144.57859802246094
22591,-37.663692474365234,144.57882690429688
22592,-37.663700103759766,144.5789031982422
22593,-37.6636848449707,144.57896423339844
22594,-37.66365432739258,144.57901000976562
22595,-37.66358184814453,144.57904052734375
22596,-37.663543701171875,144.57904052734375
22597,-37.663753509521484,144.57864379882812
22598,-37.663787841796875,144.5787811279297
22599,-37.66383361816406,144.57888793945312
22600,-37.66388702392578,144.57891845703125
22601,-37.66398239135742,144.57891845703125
22602,-37.66409683227539,144.5789031982422
22603,-37.66412353515625,144.57713317871094
22604,-37.66435623168945,144.57728576660156
22605,-37.6645393371582,144.57745361328125
22606,-37.664955139160156,144.577392578125
22607,-37.66405487060547,144.57693481445312
22608,-37.66414260864258,144.57699584960938
22609,-37.664249420166016,144.5770721435547
22610,-37.66427993774414,144.5771026611328
22611,-37.66431427001953,144.57713317871094
22612,-37.66438293457031,144.5771942138672
22613,-37.66445541381836,144.57720947265625
22614,-37.664485931396484,144.57720947265625
22615,-37.66450881958008,144.5771484375
22616,-37.66450881958008,144.57705688476562
22617,-37.66447448730469,144.5769805908203
22618,-37.664432525634766,144.57696533203125
22619,-37.664371490478516,144.57696533203125
22620,-37.66431427001953,144.57701110839844
22621,-37.664100646972656,144.5771942138672
22622,-37.664466857910156,144.5779571533203
22623,-37.664493560791016,144.57810974121094
22624,-37.71188735961914,144.54151916503906
22625,-37.71211242675781,144.5414276123047
22626,-37.71223449707031,144.54144287109375
22627,-37.7123908996582,144.54156494140625
22628,-37.71245193481445,144.54168701171875
22629,-37.712646484375,144.5420379638672
22630,-37.71283721923828,144.54237365722656
22631,-37.71302795410156,144.54263305664062
22632,-37.7131233215332,144.5428009033203
22633,-37.71322250366211,144.54307556152344
22634,-37.7132453918457,144.5433807373047
22635,-37.7132453918457,144.54354858398438
22636,-37.71321487426758,144.5438690185547
22637,-37.71317672729492,144.5440216064453
22638,-37.71329879760742,144.5432586669922
22639,-37.71331787109375,144.54302978515625
22640,-37.71335983276367,144.54273986816406
22641,-37.7133903503418,144.54248046875
22642,-37.71339416503906,144.54241943359375
22643,-37.71340560913086,144.5423126220703
22644,-37.713409423828125,144.54208374023438
22645,-37.71337127685547,144.54205322265625
22646,-37.71330642700195,144.54205322265625
22647,-37.71326446533203,144.5421142578125
22648,-37.7132568359375,144.5421600341797
22649,-37.71329116821289,144.54225158691406
22650,-37.7133674621582,144.54234313964844
22651,-37.711483001708984,144.60089111328125
22652,-37.71152114868164,144.6008758544922
22653,-37.69306564331055,144.57748413085938
22654,-37.66853332519531,144.59457397460938
22655,-37.690216064453125,144.6038055419922
22656,-37.69040298461914,144.60400390625
22657,-37.69044876098633,144.6040802001953
22658,-37.69049835205078,144.6042022705078
22659,-37.690528869628906,144.60430908203125
22660,-37.690547943115234,144.6044158935547
22661,-37.689754486083984,144.60362243652344
22662,-37.68946075439453,144.6040496826172
22663,-37.689430236816406,144.60423278808594
22664,-37.68952941894531,144.60491943359375
22665,-37.689456939697266,144.6025848388672
22666,-37.68953323364258,144.60272216796875
22667,-37.68952560424805,144.6026611328125
22668,-37.689517974853516,144.60264587402344
22669,-37.71086502075195,144.595703125
22670,-37.71054458618164,144.59461975097656
22671,-37.71044921875,144.59400939941406
22672,-37.71731948852539,144.6062774658203
22673,-37.717430114746094,144.60626220703125
22674,-37.70130920410156,144.54647827148438
22675,-37.70143127441406,144.54644775390625
22676,-37.70048522949219,144.546630859375
22677,-37.70171356201172,144.5643310546875
22678,-37.701438903808594,144.56219482421875
22679,-37.684329986572266,144.56893920898438
22680,-37.68764877319336,144.5683135986328
22681,-37.687583923339844,144.56781005859375
22682,-37.68874740600586,144.57742309570312
22683,-37.68877410888672,144.57762145996094
22684,-37.72109603881836,144.60304260253906
22685,-37.721073150634766,144.60284423828125
22686,-37.72168731689453,144.60816955566406
22687,-37.721675872802734,144.60806274414062
22688,-37.72138977050781,144.60552978515625
22689,-37.721771240234375,144.6089324951172
22690,-37.72176742553711,144.60890197753906
22691,-37.67293930053711,144.5865020751953
22692,-37.6745491027832,144.58554077148438
22693,-37.674346923828125,144.5855712890625
22694,-37.674072265625,144.5856170654297
22695,-37.684486389160156,144.58578491210938
22696,-37.6844596862793,144.58592224121094
22697,-37.684478759765625,144.58592224121094
22698,-37.68430709838867,144.58624267578125
22699,-37.6843147277832,144.58604431152344
22700,-37.69353485107422,144.56048583984375
22701,-37.693695068359375,144.560791015625
22702,-37.69394302368164,144.56118774414062
22703,-37.69440841674805,144.5621337890625
22704,-37.694480895996094,144.5625762939453
22705,-37.651206970214844,144.5746307373047
22706,-37.715492248535156,144.5543975830078
22707,-37.71492004394531,144.55484008789062
22708,-37.71369171142578,144.55482482910156
22709,-37.71333312988281,144.5548858642578
22710,-37.713016510009766,144.5541534423828
22711,-37.71318054199219,144.5545196533203
22712,-37.71328353881836,144.55471801757812
22713,-37.72189712524414,144.58201599121094
22714,-37.72254943847656,144.62486267089844
22715,-37.72197723388672,144.62522888183594
22716,-37.7214469909668,144.6255645751953
22717,-37.70179748535156,144.61819458007812
22718,-37.72154235839844,144.57789611816406
22719,-37.70061111450195,144.54164123535156
22720,-37.70086669921875,144.54110717773438
22721,-37.700984954833984,144.5400848388672
22722,-37.700889587402344,144.5388946533203
22723,-37.700992584228516,144.53883361816406
22724,-37.701393127441406,144.53866577148438
22725,-37.701416015625,144.53866577148438
22726,-37.700557708740234,144.54222106933594
22727,-37.700557708740234,144.54217529296875
22728,-37.70054626464844,144.54212951660156
22729,-37.700523376464844,144.54209899902344
22730,-37.70049285888672,144.5420684814453
22731,-37.70045852661133,144.5420684814453
22732,-37.70042037963867,144.5420684814453
22733,-37.70038986206055,144.54208374023438
22734,-37.70036315917969,144.5421142578125
22735,-37.70035171508789,144.5421600341797
22736,-37.700347900390625,144.54220581054688
22737,-37.700355529785156,144.54225158691406
22738,-37.70037078857422,144.5422821044922
22739,-37.70039749145508,144.5423126220703
22740,-37.7004280090332,144.54232788085938
22741,-37.700462341308594,144.54232788085938
22742,-37.700496673583984,144.5423126220703
22743,-37.700523376464844,144.54229736328125
22744,-37.70054626464844,144.54225158691406
22745,-37.70054244995117,144.5417938232422
22746,-37.70048141479492,144.5419464111328
22747,-37.70045471191406,144.5419921875
22748,-37.700531005859375,144.5420379638672
22749,-37.70053482055664,144.54196166992188
22750,-37.70054626464844,144.54188537597656
22751,-37.70056915283203,144.5417938232422
22752,-37.70033645629883,144.5421142578125
22753,-37.70025634765625,144.5421142578125
22754,-37.700172424316406,144.5421142578125
22755,-37.700077056884766,144.54208374023438
22756,-37.699954986572266,144.54208374023438
22757,-37.6998176574707,144.5420684814453
22758,-37.69972229003906,144.54205322265625
22759,-37.69953918457031,144.54200744628906
22760,-37.69941329956055,144.5419921875
22761,-37.69927978515625,144.54200744628906
22762,-37.6992301940918,144.54200744628906
22763,-37.69916915893555,144.54200744628906
22764,-37.69917297363281,144.54214477539062
22765,-37.69923782348633,144.5421142578125
22766,-37.69927215576172,144.5421142578125
22767,-37.699363708496094,144.5421142578125
22768,-37.699440002441406,144.54212951660156
22769,-37.699520111083984,144.54214477539062
22770,-37.69961166381836,144.5421600341797
22771,-37.69969940185547,144.5421600341797
22772,-37.699790954589844,144.5421600341797
22773,-37.699886322021484,144.5421905517578
22774,-37.69998550415039,144.54222106933594
22775,-37.7000732421875,144.54222106933594
22776,-37.70016860961914,144.542236328125
22777,-37.70024490356445,144.542236328125
22778,-37.70032501220703,144.54226684570312
22779,-37.70042037963867,144.54238891601562
22780,-37.70045471191406,144.54249572753906
22781,-37.70051956176758,144.5426788330078
22782,-37.700557708740234,144.54281616210938
22783,-37.700523376464844,144.54261779785156
22784,-37.700504302978516,144.54249572753906
22785,-37.700504302978516,144.54237365722656
22786,-37.70066833496094,144.54379272460938
22787,-37.70243453979492,144.54336547851562
22788,-37.70082092285156,144.54425048828125
22789,-37.70082092285156,144.54421997070312
22790,-37.700809478759766,144.54417419433594
22791,-37.70078659057617,144.5441436767578
22792,-37.70077133178711,144.54412841796875
22793,-37.70075607299805,144.5441131591797
22794,-37.700721740722656,144.54409790039062
22795,-37.700687408447266,144.5441131591797
22796,-37.700653076171875,144.54412841796875
22797,-37.70063018798828,144.54415893554688
22798,-37.70061492919922,144.54420471191406
22799,-37.70061111450195,144.54425048828125
22800,-37.700618743896484,144.54428100585938
22801,-37.700626373291016,144.54429626464844
22802,-37.70063781738281,144.54432678222656
22803,-37.70066452026367,144.5443572998047
22804,-37.7006950378418,144.54437255859375
22805,-37.70072937011719,144.54437255859375
22806,-37.70075988769531,144.5443572998047
22807,-37.70079040527344,144.54432678222656
22808,-37.7007942199707,144.54432678222656
22809,-37.700809478759766,144.54429626464844
22810,-37.70066833496094,144.54388427734375
22811,-37.700660705566406,144.54400634765625
22812,-37.70064926147461,144.54408264160156
22813,-37.70072555541992,144.54403686523438
22814,-37.70071029663086,144.54397583007812
22815,-37.70069122314453,144.5438995361328
22816,-37.70218276977539,144.5435333251953
22817,-37.70213317871094,144.54354858398438
22818,-37.70204544067383,144.5436248779297
22819,-37.70158004760742,144.54388427734375
22820,-37.7014045715332,144.5439910888672
22821,-37.70127868652344,144.54403686523438
22822,-37.7011833190918,144.54408264160156
22823,-37.70110321044922,144.54409790039062
22824,-37.70098876953125,144.54412841796875
22825,-37.70090866088867,144.5441436767578
22826,-37.700836181640625,144.5441436767578
22827,-37.70085906982422,144.54428100585938
22828,-37.700923919677734,144.54425048828125
22829,-37.70104217529297,144.5442352294922
22830,-37.70119857788086,144.544189453125
22831,-37.70132064819336,144.5441436767578
22832,-37.701438903808594,144.54408264160156
22833,-37.701560974121094,144.5440216064453
22834,-37.70180892944336,144.5438690185547
22835,-37.70204162597656,144.5437469482422
22836,-37.70216369628906,144.5436553955078
22837,-37.70222854614258,144.54359436035156
22838,-37.70064926147461,144.54660034179688
22839,-37.70065689086914,144.5443878173828
22840,-37.70066452026367,144.54444885253906
22841,-37.700862884521484,144.546142578125
22842,-37.700862884521484,144.5461883544922
22843,-37.70086669921875,144.54624938964844
22844,-37.70085525512695,144.54640197753906
22845,-37.70103454589844,144.54635620117188
22846,-37.70097732543945,144.54623413085938
22847,-37.700965881347656,144.54617309570312
22848,-37.700950622558594,144.5460968017578
22849,-37.700775146484375,144.54464721679688
22850,-37.70076370239258,144.54454040527344
22851,-37.70077133178711,144.54441833496094
22852,-37.7010612487793,144.5464630126953
22853,-37.7010612487793,144.54641723632812
22854,-37.7010498046875,144.54637145996094
22855,-37.701026916503906,144.5463409423828
22856,-37.701011657714844,144.54632568359375
22857,-37.70099639892578,144.5463104248047
22858,-37.70096206665039,144.5463104248047
22859,-37.700923919677734,144.5463104248047
22860,-37.70089340209961,144.54632568359375
22861,-37.70086669921875,144.54637145996094
22862,-37.70085144042969,144.54644775390625
22863,-37.70085906982422,144.54649353027344
22864,-37.70086669921875,144.5465087890625
22865,-37.70087432861328,144.54652404785156
22866,-37.70090103149414,144.5465545654297
22867,-37.700931549072266,144.54656982421875
22868,-37.700965881347656,144.54656982421875
22869,-37.70100021362305,144.5465545654297
22870,-37.701026916503906,144.54653930664062
22871,-37.70103454589844,144.54652404785156
22872,-37.7010498046875,144.5465087890625
22873,-37.70082092285156,144.54647827148438
22874,-37.700740814208984,144.5465545654297
22875,-37.700836181640625,144.54656982421875
22876,-37.70115280151367,144.54644775390625
22877,-37.701087951660156,144.54652404785156
22878,-37.7011604309082,144.5465087890625
22879,-37.72196578979492,144.5611114501953
22880,-37.72206115722656,144.56105041503906
22881,-37.72314453125,144.56082153320312
22882,-37.714324951171875,144.62896728515625
22883,-37.714263916015625,144.6288604736328
22884,-37.714195251464844,144.6287384033203
22885,-37.71415710449219,144.62867736816406
22886,-37.7140007019043,144.62869262695312
22887,-37.713768005371094,144.62887573242188
22888,-37.71385192871094,144.6290283203125
22889,-37.71345520019531,144.62936401367188
22890,-37.71352767944336,144.62930297851562
22891,-37.71358871459961,144.62942504882812
22892,-37.68960952758789,144.6055908203125
22893,-37.689788818359375,144.60552978515625
22894,-37.689918518066406,144.6055450439453
22895,-37.69009017944336,144.60557556152344
22896,-37.69023895263672,144.6055908203125
22897,-37.71906280517578,144.6182098388672
22898,-37.71927261352539,144.61819458007812
22899,-37.719539642333984,144.6181640625
22900,-37.72011184692383,144.6180419921875
22901,-37.72031021118164,144.61801147460938
22902,-37.72093963623047,144.61798095703125
22903,-37.721187591552734,144.6179962158203
22904,-37.72142791748047,144.6179656982422
22905,-37.72182846069336,144.61790466308594
22906,-37.723114013671875,144.61767578125
22907,-37.72339630126953,144.6175994873047
22908,-37.723655700683594,144.6175079345703
22909,-37.72401809692383,144.6173858642578
22910,-37.72426223754883,144.61729431152344
22911,-37.724449157714844,144.6172332763672
22912,-37.71800231933594,144.61837768554688
22913,-37.71758270263672,144.6184539794922
22914,-37.71734619140625,144.61849975585938
22915,-37.71730422973633,144.61849975585938
22916,-37.71705627441406,144.61854553222656
22917,-37.716094970703125,144.61874389648438
22918,-37.715965270996094,144.61878967285156
22919,-37.71561813354492,144.6189422607422
22920,-37.721641540527344,144.6358642578125
22921,-37.7307243347168,144.59619140625
22922,-37.730831146240234,144.59716796875
22923,-37.731327056884766,144.60223388671875
22924,-37.71172332763672,144.6008758544922
22925,-37.7113151550293,144.60093688964844
22926,-37.711181640625,144.60096740722656
22927,-37.71091079711914,144.60101318359375
22928,-37.71071243286133,144.60104370117188
22929,-37.71052932739258,144.60107421875
22930,-37.71181869506836,144.60086059570312
22931,-37.711910247802734,144.60084533691406
22932,-37.71195983886719,144.600830078125
22933,-37.71202087402344,144.600830078125
22934,-37.712074279785156,144.600830078125
22935,-37.71208572387695,144.6007843017578
22936,-37.71205520629883,144.60079956054688
22937,-37.71200942993164,144.60081481933594
22938,-37.711952209472656,144.600830078125
22939,-37.721797943115234,144.60865783691406
22940,-37.72169494628906,144.60865783691406
22941,-37.721763610839844,144.60867309570312
22942,-37.721824645996094,144.60862731933594
22943,-37.72184371948242,144.60858154296875
22944,-37.72185134887695,144.60853576660156
22945,-37.72184753417969,144.60848999023438
22946,-37.721832275390625,144.60845947265625
22947,-37.72181701660156,144.60842895507812
22948,-37.721805572509766,144.60842895507812
22949,-37.72177505493164,144.6083984375
22950,-37.72174072265625,144.6083984375
22951,-37.72170639038086,144.6083984375
22952,-37.721675872802734,144.60842895507812
22953,-37.7216682434082,144.6084442138672
22954,-37.72163772583008,144.60850524902344
22955,-37.72163391113281,144.60855102539062
22956,-37.72164535522461,144.60858154296875
22957,-37.72166442871094,144.60862731933594
22958,-37.7216796875,144.608642578125
22959,-37.72172546386719,144.60867309570312
22960,-37.72152328491211,144.60861206054688
22961,-37.721595764160156,144.60861206054688
